#
# There is insufficient memory for the Java Runtime Environment to continue.
# Native memory allocation (malloc) failed to allocate 1822096 bytes. Error detail: Chunk::new
# Possible reasons:
#   The system is out of physical RAM or swap space
#   This process is running with CompressedOops enabled, and the Java Heap may be blocking the growth of the native heap
# Possible solutions:
#   Reduce memory load on the system
#   Increase physical memory or swap space
#   Check if swap backing store is full
#   Decrease Java heap size (-Xmx/-Xms)
#   Decrease number of Java threads
#   Decrease Java thread stack sizes (-Xss)
#   Set larger code cache with -XX:ReservedCodeCacheSize=
#   JVM is running with Unscaled Compressed Oops mode in which the Java heap is
#     placed in the first 4GB address space. The Java Heap base address is the
#     maximum limit for the native heap growth. Please use -XX:HeapBaseMinAddress
#     to set the Java Heap base and to place the Java Heap above 4GB virtual address.
# This output file may be truncated or incomplete.
#
#  Out of Memory Error (arena.cpp:168), pid=18384, tid=9340
#
# JRE version: OpenJDK Runtime Environment (21.0.8) (build 21.0.8+-14196175-b1038.72)
# Java VM: OpenJDK 64-Bit Server VM (21.0.8+-14196175-b1038.72, mixed mode, tiered, compressed oops, compressed class ptrs, g1 gc, windows-amd64)
# No core dump will be written. Minidumps are not enabled by default on client versions of Windows
#

---------------  S U M M A R Y ------------

Command Line: --add-opens=java.base/java.lang=ALL-UNNAMED --add-opens=java.base/java.lang.invoke=ALL-UNNAMED --add-opens=java.base/java.util=ALL-UNNAMED --add-opens=java.prefs/java.util.prefs=ALL-UNNAMED --add-exports=jdk.compiler/com.sun.tools.javac.api=ALL-UNNAMED --add-exports=jdk.compiler/com.sun.tools.javac.util=ALL-UNNAMED --add-opens=java.base/java.util=ALL-UNNAMED --add-opens=java.prefs/java.util.prefs=ALL-UNNAMED --add-opens=java.base/java.nio.charset=ALL-UNNAMED --add-opens=java.base/java.net=ALL-UNNAMED --add-opens=java.base/java.util.concurrent.atomic=ALL-UNNAMED --add-opens=java.xml/javax.xml.namespace=ALL-UNNAMED -Xmx2048m -Dfile.encoding=UTF-8 -Duser.country=US -Duser.language=en -Duser.variant -javaagent:C:\Users\Admin\.gradle\wrapper\dists\gradle-8.13-bin\5xuhj0ry160q40clulazy9h7d\gradle-8.13\lib\agents\gradle-instrumentation-agent-8.13.jar org.gradle.launcher.daemon.bootstrap.GradleDaemon 8.13

Host: Intel(R) Core(TM) i7-8650U CPU @ 1.90GHz, 8 cores, 7G,  Windows 10 , 64 bit Build 19041 (10.0.19041.3636)
Time: Thu May 21 20:28:18 2026 SE Asia Standard Time elapsed time: 5431.481105 seconds (0d 1h 30m 31s)

---------------  T H R E A D  ---------------

Current thread (0x0000024d93c38170):  JavaThread "C2 CompilerThread0" daemon [_thread_in_native, id=9340, stack(0x000000ae46700000,0x000000ae46800000) (1024K)]


Current CompileTask:
C2:5431481 32715 %     4       com.android.tools.r8.internal.m8::b @ 755 (1483 bytes)

Stack: [0x000000ae46700000,0x000000ae46800000]
Native frames: (J=compiled Java code, j=interpreted, Vv=VM code, C=native code)
V  [jvm.dll+0x6d68d9]
V  [jvm.dll+0x866693]
V  [jvm.dll+0x868c4e]
V  [jvm.dll+0x869333]
V  [jvm.dll+0x280566]
V  [jvm.dll+0xc07cd]
V  [jvm.dll+0xc0d03]
V  [jvm.dll+0x3b95e1]
V  [jvm.dll+0x385507]
V  [jvm.dll+0x38497a]
V  [jvm.dll+0x249252]
V  [jvm.dll+0x248821]
V  [jvm.dll+0x1c73a4]
V  [jvm.dll+0x257f9e]
V  [jvm.dll+0x2564e6]
V  [jvm.dll+0x3f4696]
V  [jvm.dll+0x80eac8]
V  [jvm.dll+0x6d512d]
C  [ucrtbase.dll+0x21bb2]
C  [KERNEL32.DLL+0x17344]
C  [ntdll.dll+0x526b1]


---------------  P R O C E S S  ---------------

Threads class SMR info:
_java_thread_list=0x0000024da918b8e0, length=112, elements={
0x0000024dfc318030, 0x0000024d93bfbe30, 0x0000024d93c19010, 0x0000024d93c19680,
0x0000024d93c2c460, 0x0000024d93c2cad0, 0x0000024d93c2f150, 0x0000024d93c377d0,
0x0000024d93c38170, 0x0000024d93c3a830, 0x0000024d9808eff0, 0x0000024d99a7e610,
0x0000024d9984adc0, 0x0000024d99a434b0, 0x0000024d99dc8af0, 0x0000024d99dc70b0,
0x0000024d99dc7740, 0x0000024d99e0d030, 0x0000024d99e0d6c0, 0x0000024d99e0ea70,
0x0000024d99e0dd50, 0x0000024d99e13930, 0x0000024d99e12580, 0x0000024d9c5b3600,
0x0000024d9c5b2f70, 0x0000024d9c5b7110, 0x0000024d9c5b77a0, 0x0000024d9c5b0810,
0x0000024d9b0ca1e0, 0x0000024d9e508160, 0x0000024d9e92b540, 0x0000024d9e92c8f0,
0x0000024d9e92cf80, 0x0000024d9e92d610, 0x0000024d9e927a30, 0x0000024d9e92a820,
0x0000024d9e9273a0, 0x0000024d9e92dca0, 0x0000024d9e92bbd0, 0x0000024d9e92e9c0,
0x0000024d9e92f050, 0x0000024d9e929b00, 0x0000024d9e92f6e0, 0x0000024d9e92fd70,
0x0000024d9e92a190, 0x0000024d9e928de0, 0x0000024d9e931120, 0x0000024d9e934c30,
0x0000024d9e9317b0, 0x0000024d9e931e40, 0x0000024d9e9324d0, 0x0000024d9e9352c0,
0x0000024d9e9331f0, 0x0000024d9e936670, 0x0000024d9e933880, 0x0000024d9e933f10,
0x0000024da4c352c0, 0x0000024da4c39af0, 0x0000024da4c37a20, 0x0000024da4c35950,
0x0000024da4c38dd0, 0x0000024da4c3a810, 0x0000024da4c3aea0, 0x0000024da4c380b0,
0x0000024da4c34c30, 0x0000024da4c35fe0, 0x0000024da4c3a180, 0x0000024da4c37390,
0x0000024da4c345a0, 0x0000024da4c3bbc0, 0x0000024da4c3c250, 0x0000024da4c3c8e0,
0x0000024da4c3cf70, 0x0000024da4c3d600, 0x0000024da4c3dc90, 0x0000024da4c36d00,
0x0000024da4c3e320, 0x0000024da4c431e0, 0x0000024da4c3fd60, 0x0000024da4c41e30,
0x0000024da4c42b50, 0x0000024da4c3e9b0, 0x0000024da4c3f040, 0x0000024da4c3f6d0,
0x0000024da4c43870, 0x0000024da4c403f0, 0x0000024da4c424c0, 0x0000024da4c417a0,
0x0000024d98de7ba0, 0x0000024d98de6160, 0x0000024d98de95e0, 0x0000024d98de67f0,
0x0000024d98de7510, 0x0000024d98de8230, 0x0000024d98de88c0, 0x0000024d98de8f50,
0x0000024d98de4db0, 0x0000024d98de9c70, 0x0000024d98de5440, 0x0000024d98de5ad0,
0x0000024d98de3370, 0x0000024d98de2ce0, 0x0000024d98dea300, 0x0000024d98dea990,
0x0000024da9369130, 0x0000024d98df1fb0, 0x0000024d98deca60, 0x0000024d98deeb30,
0x0000024d98dec3d0, 0x0000024d98df1920, 0x0000024d98defee0, 0x0000024d98ded780
}

Java Threads: ( => current thread )
  0x0000024dfc318030 JavaThread "main"                              [_thread_blocked, id=10328, stack(0x000000ae45800000,0x000000ae45900000) (1024K)]
  0x0000024d93bfbe30 JavaThread "Common-Cleaner"             daemon [_thread_blocked, id=16980, stack(0x000000ae46000000,0x000000ae46100000) (1024K)]
  0x0000024d93c19010 JavaThread "Reference Handler"          daemon [_thread_blocked, id=1368, stack(0x000000ae46100000,0x000000ae46200000) (1024K)]
  0x0000024d93c19680 JavaThread "Finalizer"                  daemon [_thread_blocked, id=7056, stack(0x000000ae46200000,0x000000ae46300000) (1024K)]
  0x0000024d93c2c460 JavaThread "Signal Dispatcher"          daemon [_thread_blocked, id=3232, stack(0x000000ae46300000,0x000000ae46400000) (1024K)]
  0x0000024d93c2cad0 JavaThread "Attach Listener"            daemon [_thread_blocked, id=3212, stack(0x000000ae46400000,0x000000ae46500000) (1024K)]
  0x0000024d93c2f150 JavaThread "Service Thread"             daemon [_thread_blocked, id=16596, stack(0x000000ae46500000,0x000000ae46600000) (1024K)]
  0x0000024d93c377d0 JavaThread "Monitor Deflation Thread"   daemon [_thread_blocked, id=17620, stack(0x000000ae46600000,0x000000ae46700000) (1024K)]
=>0x0000024d93c38170 JavaThread "C2 CompilerThread0"         daemon [_thread_in_native, id=9340, stack(0x000000ae46700000,0x000000ae46800000) (1024K)]
  0x0000024d93c3a830 JavaThread "C1 CompilerThread0"         daemon [_thread_blocked, id=8948, stack(0x000000ae46800000,0x000000ae46900000) (1024K)]
  0x0000024d9808eff0 JavaThread "Notification Thread"        daemon [_thread_blocked, id=17648, stack(0x000000ae46900000,0x000000ae46a00000) (1024K)]
  0x0000024d99a7e610 JavaThread "Daemon health stats"               [_thread_blocked, id=13340, stack(0x000000ae47000000,0x000000ae47100000) (1024K)]
  0x0000024d9984adc0 JavaThread "Incoming local TCP Connector on port 61481"        [_thread_in_native, id=11084, stack(0x000000ae47400000,0x000000ae47500000) (1024K)]
  0x0000024d99a434b0 JavaThread "Daemon periodic checks"            [_thread_blocked, id=18352, stack(0x000000ae47500000,0x000000ae47600000) (1024K)]
  0x0000024d99dc8af0 JavaThread "Cache worker for journal cache (C:\Users\Admin\.gradle\caches\journal-1)"        [_thread_blocked, id=7544, stack(0x000000ae47e00000,0x000000ae47f00000) (1024K)]
  0x0000024d99dc70b0 JavaThread "File lock request listener"        [_thread_in_native, id=13800, stack(0x000000ae47f00000,0x000000ae48000000) (1024K)]
  0x0000024d99dc7740 JavaThread "Cache worker for file hash cache (C:\Users\Admin\.gradle\caches\8.13\fileHashes)"        [_thread_blocked, id=11620, stack(0x000000ae48000000,0x000000ae48100000) (1024K)]
  0x0000024d99e0d030 JavaThread "File watcher server"        daemon [_thread_in_native, id=1164, stack(0x000000ae48300000,0x000000ae48400000) (1024K)]
  0x0000024d99e0d6c0 JavaThread "File watcher consumer"      daemon [_thread_blocked, id=13376, stack(0x000000ae48400000,0x000000ae48500000) (1024K)]
  0x0000024d99e0ea70 JavaThread "jar transforms"                    [_thread_blocked, id=17552, stack(0x000000ae48500000,0x000000ae48600000) (1024K)]
  0x0000024d99e0dd50 JavaThread "jar transforms Thread 2"           [_thread_blocked, id=7116, stack(0x000000ae48600000,0x000000ae48700000) (1024K)]
  0x0000024d99e13930 JavaThread "Cache worker for file content cache (C:\Users\Admin\.gradle\caches\8.13\fileContent)"        [_thread_blocked, id=9116, stack(0x000000ae48800000,0x000000ae48900000) (1024K)]
  0x0000024d99e12580 JavaThread "jar transforms Thread 3"           [_thread_blocked, id=11088, stack(0x000000ae48900000,0x000000ae48a00000) (1024K)]
  0x0000024d9c5b3600 JavaThread "jar transforms Thread 4"           [_thread_blocked, id=12164, stack(0x000000ae49600000,0x000000ae49700000) (1024K)]
  0x0000024d9c5b2f70 JavaThread "jar transforms Thread 5"           [_thread_blocked, id=12660, stack(0x000000ae49700000,0x000000ae49800000) (1024K)]
  0x0000024d9c5b7110 JavaThread "jar transforms Thread 6"           [_thread_blocked, id=16244, stack(0x000000ae49d00000,0x000000ae49e00000) (1024K)]
  0x0000024d9c5b77a0 JavaThread "jar transforms Thread 7"           [_thread_blocked, id=18220, stack(0x000000ae49e00000,0x000000ae49f00000) (1024K)]
  0x0000024d9c5b0810 JavaThread "jar transforms Thread 8"           [_thread_blocked, id=10216, stack(0x000000ae49f00000,0x000000ae4a000000) (1024K)]
  0x0000024d9b0ca1e0 JavaThread "Memory manager"                    [_thread_blocked, id=5108, stack(0x000000ae4b400000,0x000000ae4b500000) (1024K)]
  0x0000024d9e508160 JavaThread "Cache worker for Java compile cache (C:\Users\Admin\.gradle\caches\8.13\javaCompile)"        [_thread_blocked, id=8924, stack(0x000000ae4f000000,0x000000ae4f100000) (1024K)]
  0x0000024d9e92b540 JavaThread "Daemon Thread 7"                   [_thread_blocked, id=13696, stack(0x000000ae45500000,0x000000ae45600000) (1024K)]
  0x0000024d9e92c8f0 JavaThread "Handler for socket connection from /127.0.0.1:61481 to /127.0.0.1:54015"        [_thread_in_native, id=13820, stack(0x000000ae45600000,0x000000ae45700000) (1024K)]
  0x0000024d9e92cf80 JavaThread "Cancel handler"                    [_thread_blocked, id=11272, stack(0x000000ae45700000,0x000000ae45800000) (1024K)]
  0x0000024d9e92d610 JavaThread "Daemon worker Thread 7"            [_thread_blocked, id=11300, stack(0x000000ae46a00000,0x000000ae46b00000) (1024K)]
  0x0000024d9e927a30 JavaThread "Asynchronous log dispatcher for DefaultDaemonConnection: socket connection from /127.0.0.1:61481 to /127.0.0.1:54015"        [_thread_blocked, id=4072, stack(0x000000ae46b00000,0x000000ae46c00000) (1024K)]
  0x0000024d9e92a820 JavaThread "Stdin handler"                     [_thread_blocked, id=14432, stack(0x000000ae47600000,0x000000ae47700000) (1024K)]
  0x0000024d9e9273a0 JavaThread "Daemon client event forwarder"        [_thread_blocked, id=11204, stack(0x000000ae47700000,0x000000ae47800000) (1024K)]
  0x0000024d9e92dca0 JavaThread "Cache worker for file hash cache (D:\BtapNhomAndroid\Test1\.gradle\8.13\fileHashes)"        [_thread_blocked, id=3436, stack(0x000000ae47800000,0x000000ae47900000) (1024K)]
  0x0000024d9e92bbd0 JavaThread "Cache worker for Build Output Cleanup Cache (D:\BtapNhomAndroid\Test1\.gradle\buildOutputCleanup)"        [_thread_blocked, id=2732, stack(0x000000ae47900000,0x000000ae47a00000) (1024K)]
  0x0000024d9e92e9c0 JavaThread "Cache worker for checksums cache (D:\BtapNhomAndroid\Test1\.gradle\8.13\checksums)"        [_thread_blocked, id=13544, stack(0x000000ae47a00000,0x000000ae47b00000) (1024K)]
  0x0000024d9e92f050 JavaThread "Cache worker for cache directory md-supplier (C:\Users\Admin\.gradle\caches\8.13\md-supplier)"        [_thread_blocked, id=12532, stack(0x000000ae47b00000,0x000000ae47c00000) (1024K)]
  0x0000024d9e929b00 JavaThread "Cache worker for cache directory md-rule (C:\Users\Admin\.gradle\caches\8.13\md-rule)"        [_thread_blocked, id=14952, stack(0x000000ae47c00000,0x000000ae47d00000) (1024K)]
  0x0000024d9e92f6e0 JavaThread "Unconstrained build operations"        [_thread_blocked, id=14652, stack(0x000000ae48100000,0x000000ae48200000) (1024K)]
  0x0000024d9e92fd70 JavaThread "Unconstrained build operations Thread 2"        [_thread_blocked, id=16708, stack(0x000000ae48200000,0x000000ae48300000) (1024K)]
  0x0000024d9e92a190 JavaThread "Unconstrained build operations Thread 3"        [_thread_blocked, id=17448, stack(0x000000ae48700000,0x000000ae48800000) (1024K)]
  0x0000024d9e928de0 JavaThread "Unconstrained build operations Thread 4"        [_thread_blocked, id=4192, stack(0x000000ae48a00000,0x000000ae48b00000) (1024K)]
  0x0000024d9e931120 JavaThread "Unconstrained build operations Thread 5"        [_thread_blocked, id=17168, stack(0x000000ae48b00000,0x000000ae48c00000) (1024K)]
  0x0000024d9e934c30 JavaThread "Unconstrained build operations Thread 6"        [_thread_blocked, id=17444, stack(0x000000ae48c00000,0x000000ae48d00000) (1024K)]
  0x0000024d9e9317b0 JavaThread "Unconstrained build operations Thread 7"        [_thread_blocked, id=10404, stack(0x000000ae48d00000,0x000000ae48e00000) (1024K)]
  0x0000024d9e931e40 JavaThread "Unconstrained build operations Thread 8"        [_thread_blocked, id=16504, stack(0x000000ae48e00000,0x000000ae48f00000) (1024K)]
  0x0000024d9e9324d0 JavaThread "Unconstrained build operations Thread 9"        [_thread_blocked, id=17904, stack(0x000000ae48f00000,0x000000ae49000000) (1024K)]
  0x0000024d9e9352c0 JavaThread "Unconstrained build operations Thread 10"        [_thread_blocked, id=17760, stack(0x000000ae49000000,0x000000ae49100000) (1024K)]
  0x0000024d9e9331f0 JavaThread "Unconstrained build operations Thread 11"        [_thread_blocked, id=10136, stack(0x000000ae49100000,0x000000ae49200000) (1024K)]
  0x0000024d9e936670 JavaThread "Unconstrained build operations Thread 12"        [_thread_blocked, id=4156, stack(0x000000ae49200000,0x000000ae49300000) (1024K)]
  0x0000024d9e933880 JavaThread "Unconstrained build operations Thread 13"        [_thread_blocked, id=2184, stack(0x000000ae49300000,0x000000ae49400000) (1024K)]
  0x0000024d9e933f10 JavaThread "Unconstrained build operations Thread 14"        [_thread_blocked, id=15076, stack(0x000000ae49400000,0x000000ae49500000) (1024K)]
  0x0000024da4c352c0 JavaThread "Unconstrained build operations Thread 15"        [_thread_blocked, id=14316, stack(0x000000ae49500000,0x000000ae49600000) (1024K)]
  0x0000024da4c39af0 JavaThread "Unconstrained build operations Thread 16"        [_thread_blocked, id=4328, stack(0x000000ae49800000,0x000000ae49900000) (1024K)]
  0x0000024da4c37a20 JavaThread "Unconstrained build operations Thread 17"        [_thread_blocked, id=15408, stack(0x000000ae49900000,0x000000ae49a00000) (1024K)]
  0x0000024da4c35950 JavaThread "Unconstrained build operations Thread 18"        [_thread_blocked, id=4512, stack(0x000000ae49a00000,0x000000ae49b00000) (1024K)]
  0x0000024da4c38dd0 JavaThread "Unconstrained build operations Thread 19"        [_thread_blocked, id=14472, stack(0x000000ae49b00000,0x000000ae49c00000) (1024K)]
  0x0000024da4c3a810 JavaThread "Unconstrained build operations Thread 20"        [_thread_blocked, id=15876, stack(0x000000ae49c00000,0x000000ae49d00000) (1024K)]
  0x0000024da4c3aea0 JavaThread "Unconstrained build operations Thread 21"        [_thread_blocked, id=18416, stack(0x000000ae4a000000,0x000000ae4a100000) (1024K)]
  0x0000024da4c380b0 JavaThread "Unconstrained build operations Thread 22"        [_thread_blocked, id=18408, stack(0x000000ae4a100000,0x000000ae4a200000) (1024K)]
  0x0000024da4c34c30 JavaThread "Unconstrained build operations Thread 23"        [_thread_blocked, id=16000, stack(0x000000ae4a200000,0x000000ae4a300000) (1024K)]
  0x0000024da4c35fe0 JavaThread "Unconstrained build operations Thread 24"        [_thread_blocked, id=15044, stack(0x000000ae4a300000,0x000000ae4a400000) (1024K)]
  0x0000024da4c3a180 JavaThread "build event listener"              [_thread_blocked, id=7280, stack(0x000000ae4a400000,0x000000ae4a500000) (1024K)]
  0x0000024da4c37390 JavaThread "included builds"                   [_thread_blocked, id=17676, stack(0x000000ae4a500000,0x000000ae4a600000) (1024K)]
  0x0000024da4c345a0 JavaThread "Execution worker"                  [_thread_blocked, id=8020, stack(0x000000ae4a600000,0x000000ae4a700000) (1024K)]
  0x0000024da4c3bbc0 JavaThread "Execution worker Thread 2"         [_thread_blocked, id=7772, stack(0x000000ae4a700000,0x000000ae4a800000) (1024K)]
  0x0000024da4c3c250 JavaThread "Execution worker Thread 3"         [_thread_blocked, id=14588, stack(0x000000ae4a800000,0x000000ae4a900000) (1024K)]
  0x0000024da4c3c8e0 JavaThread "Execution worker Thread 4"         [_thread_blocked, id=12432, stack(0x000000ae4a900000,0x000000ae4aa00000) (1024K)]
  0x0000024da4c3cf70 JavaThread "Execution worker Thread 5"         [_thread_blocked, id=2504, stack(0x000000ae4aa00000,0x000000ae4ab00000) (1024K)]
  0x0000024da4c3d600 JavaThread "Execution worker Thread 6"         [_thread_blocked, id=12836, stack(0x000000ae4ab00000,0x000000ae4ac00000) (1024K)]
  0x0000024da4c3dc90 JavaThread "Execution worker Thread 7"         [_thread_blocked, id=5860, stack(0x000000ae4ac00000,0x000000ae4ad00000) (1024K)]
  0x0000024da4c36d00 JavaThread "Cache worker for execution history cache (D:\BtapNhomAndroid\Test1\.gradle\8.13\executionHistory)"        [_thread_blocked, id=1392, stack(0x000000ae4ad00000,0x000000ae4ae00000) (1024K)]
  0x0000024da4c3e320 JavaThread "Unconstrained build operations Thread 25"        [_thread_blocked, id=15036, stack(0x000000ae4ae00000,0x000000ae4af00000) (1024K)]
  0x0000024da4c431e0 JavaThread "Unconstrained build operations Thread 26"        [_thread_blocked, id=17440, stack(0x000000ae4af00000,0x000000ae4b000000) (1024K)]
  0x0000024da4c3fd60 JavaThread "Unconstrained build operations Thread 27"        [_thread_blocked, id=15468, stack(0x000000ae4b000000,0x000000ae4b100000) (1024K)]
  0x0000024da4c41e30 JavaThread "Unconstrained build operations Thread 28"        [_thread_blocked, id=16328, stack(0x000000ae4b100000,0x000000ae4b200000) (1024K)]
  0x0000024da4c42b50 JavaThread "Unconstrained build operations Thread 29"        [_thread_blocked, id=4752, stack(0x000000ae4b200000,0x000000ae4b300000) (1024K)]
  0x0000024da4c3e9b0 JavaThread "Unconstrained build operations Thread 30"        [_thread_blocked, id=3892, stack(0x000000ae4b300000,0x000000ae4b400000) (1024K)]
  0x0000024da4c3f040 JavaThread "Unconstrained build operations Thread 31"        [_thread_blocked, id=14752, stack(0x000000ae4b500000,0x000000ae4b600000) (1024K)]
  0x0000024da4c3f6d0 JavaThread "WorkerExecutor Queue"              [_thread_blocked, id=15968, stack(0x000000ae4b600000,0x000000ae4b700000) (1024K)]
  0x0000024da4c43870 JavaThread "WorkerExecutor Queue Thread 2"        [_thread_blocked, id=18116, stack(0x000000ae4b700000,0x000000ae4b800000) (1024K)]
  0x0000024da4c403f0 JavaThread "Unconstrained build operations Thread 32"        [_thread_blocked, id=15648, stack(0x000000ae4b800000,0x000000ae4b900000) (1024K)]
  0x0000024da4c424c0 JavaThread "Unconstrained build operations Thread 33"        [_thread_blocked, id=10012, stack(0x000000ae4b900000,0x000000ae4ba00000) (1024K)]
  0x0000024da4c417a0 JavaThread "Unconstrained build operations Thread 34"        [_thread_blocked, id=7164, stack(0x000000ae4ba00000,0x000000ae4bb00000) (1024K)]
  0x0000024d98de7ba0 JavaThread "Unconstrained build operations Thread 35"        [_thread_blocked, id=14868, stack(0x000000ae4bb00000,0x000000ae4bc00000) (1024K)]
  0x0000024d98de6160 JavaThread "Unconstrained build operations Thread 36"        [_thread_blocked, id=10688, stack(0x000000ae4bc00000,0x000000ae4bd00000) (1024K)]
  0x0000024d98de95e0 JavaThread "Unconstrained build operations Thread 37"        [_thread_blocked, id=15564, stack(0x000000ae4bd00000,0x000000ae4be00000) (1024K)]
  0x0000024d98de67f0 JavaThread "Unconstrained build operations Thread 38"        [_thread_blocked, id=13584, stack(0x000000ae4be00000,0x000000ae4bf00000) (1024K)]
  0x0000024d98de7510 JavaThread "Unconstrained build operations Thread 39"        [_thread_blocked, id=16152, stack(0x000000ae4bf00000,0x000000ae4c000000) (1024K)]
  0x0000024d98de8230 JavaThread "WorkerExecutor Queue Thread 3"        [_thread_blocked, id=3420, stack(0x000000ae4c000000,0x000000ae4c100000) (1024K)]
  0x0000024d98de88c0 JavaThread "pool-21-thread-1"                  [_thread_blocked, id=2064, stack(0x000000ae4c100000,0x000000ae4c200000) (1024K)]
  0x0000024d98de8f50 JavaThread "stderr"                            [_thread_in_native, id=1960, stack(0x000000ae4c200000,0x000000ae4c300000) (1024K)]
  0x0000024d98de4db0 JavaThread "stdout"                            [_thread_in_native, id=1260, stack(0x000000ae4c300000,0x000000ae4c400000) (1024K)]
  0x0000024d98de9c70 JavaThread "Build operations"                  [_thread_blocked, id=1724, stack(0x000000ae4c600000,0x000000ae4c700000) (1024K)]
  0x0000024d98de5440 JavaThread "Build operations Thread 2"         [_thread_blocked, id=7600, stack(0x000000ae4c700000,0x000000ae4c800000) (1024K)]
  0x0000024d98de5ad0 JavaThread "Build operations Thread 3"         [_thread_blocked, id=12328, stack(0x000000ae4c800000,0x000000ae4c900000) (1024K)]
  0x0000024d98de3370 JavaThread "Build operations Thread 4"         [_thread_blocked, id=2692, stack(0x000000ae4c900000,0x000000ae4ca00000) (1024K)]
  0x0000024d98de2ce0 JavaThread "Build operations Thread 5"         [_thread_blocked, id=3940, stack(0x000000ae4ca00000,0x000000ae4cb00000) (1024K)]
  0x0000024d98dea300 JavaThread "Build operations Thread 6"         [_thread_blocked, id=17560, stack(0x000000ae4cb00000,0x000000ae4cc00000) (1024K)]
  0x0000024d98dea990 JavaThread "Build operations Thread 7"         [_thread_blocked, id=14520, stack(0x000000ae4cc00000,0x000000ae4cd00000) (1024K)]
  0x0000024da9369130 JavaThread "C2 CompilerThread1"         daemon [_thread_in_native, id=5552, stack(0x000000ae4c400000,0x000000ae4c500000) (1024K)]
  0x0000024d98df1fb0 JavaThread "Problems report writer"            [_thread_blocked, id=4896, stack(0x000000ae4c500000,0x000000ae4c600000) (1024K)]
  0x0000024d98deca60 JavaThread "WorkerExecutor Queue Thread 4"        [_thread_blocked, id=13276, stack(0x000000ae4cd00000,0x000000ae4ce00000) (1024K)]
  0x0000024d98deeb30 JavaThread "WorkerExecutor Queue Thread 5"        [_thread_blocked, id=13424, stack(0x000000ae4ce00000,0x000000ae4cf00000) (1024K)]
  0x0000024d98dec3d0 JavaThread "WorkerExecutor Queue Thread 6"        [_thread_blocked, id=17072, stack(0x000000ae4cf00000,0x000000ae4d000000) (1024K)]
  0x0000024d98df1920 JavaThread "WorkerExecutor Queue Thread 7"        [_thread_blocked, id=16020, stack(0x000000ae4d000000,0x000000ae4d100000) (1024K)]
  0x0000024d98defee0 JavaThread "WorkerExecutor Queue Thread 8"        [_thread_blocked, id=11936, stack(0x000000ae4d100000,0x000000ae4d200000) (1024K)]
  0x0000024d98ded780 JavaThread "WorkerExecutor Queue Thread 9"        [_thread_blocked, id=18108, stack(0x000000ae4d200000,0x000000ae4d300000) (1024K)]
Total: 112

Other Threads:
  0x0000024d93a4e7e0 VMThread "VM Thread"                           [id=11900, stack(0x000000ae45f00000,0x000000ae46000000) (1024K)]
  0x0000024d939efbe0 WatcherThread "VM Periodic Task Thread"        [id=18248, stack(0x000000ae45e00000,0x000000ae45f00000) (1024K)]
  0x0000024dfc370460 WorkerThread "GC Thread#0"                     [id=5276, stack(0x000000ae45900000,0x000000ae45a00000) (1024K)]
  0x0000024d9824fe30 WorkerThread "GC Thread#1"                     [id=18372, stack(0x000000ae46c00000,0x000000ae46d00000) (1024K)]
  0x0000024d982501d0 WorkerThread "GC Thread#2"                     [id=8296, stack(0x000000ae46d00000,0x000000ae46e00000) (1024K)]
  0x0000024d9823f060 WorkerThread "GC Thread#3"                     [id=7948, stack(0x000000ae46e00000,0x000000ae46f00000) (1024K)]
  0x0000024d98270f50 WorkerThread "GC Thread#4"                     [id=11980, stack(0x000000ae46f00000,0x000000ae47000000) (1024K)]
  0x0000024d99b3edd0 WorkerThread "GC Thread#5"                     [id=15280, stack(0x000000ae47100000,0x000000ae47200000) (1024K)]
  0x0000024d99addc80 WorkerThread "GC Thread#6"                     [id=11816, stack(0x000000ae47200000,0x000000ae47300000) (1024K)]
  0x0000024d99b908e0 WorkerThread "GC Thread#7"                     [id=12032, stack(0x000000ae47300000,0x000000ae47400000) (1024K)]
  0x0000024dfc3814c0 ConcurrentGCThread "G1 Main Marker"            [id=14668, stack(0x000000ae45a00000,0x000000ae45b00000) (1024K)]
  0x0000024dfc381ed0 WorkerThread "G1 Conc#0"                       [id=15412, stack(0x000000ae45b00000,0x000000ae45c00000) (1024K)]
  0x0000024d99a1d870 WorkerThread "G1 Conc#1"                       [id=12872, stack(0x000000ae47d00000,0x000000ae47e00000) (1024K)]
  0x0000024d938b54f0 ConcurrentGCThread "G1 Refine#0"               [id=18192, stack(0x000000ae45c00000,0x000000ae45d00000) (1024K)]
  0x0000024d938b5f70 ConcurrentGCThread "G1 Service"                [id=7828, stack(0x000000ae45d00000,0x000000ae45e00000) (1024K)]
Total: 15

Threads with active compile tasks:
C2 CompilerThread0  5431555 32715 %     4       com.android.tools.r8.internal.m8::b @ 755 (1483 bytes)
C2 CompilerThread1  5431555 32675       4       com.android.tools.r8.internal.gt::a (7028 bytes)
Total: 2

VM state: at safepoint (normal execution)

VM Mutex/Monitor currently owned by a thread:  ([mutex/lock_event])
[0x00007ffcdb3885b8] Threads_lock - owner thread: 0x0000024d93a4e7e0
[0x00007ffcdb3886b8] Heap_lock - owner thread: 0x0000024dfc3814c0

Heap address: 0x0000000080000000, size: 2048 MB, Compressed Oops mode: 32-bit

CDS archive(s) not mapped
Compressed class space mapped at: 0x0000000100000000-0x0000000140000000, reserved size: 1073741824
Narrow klass base: 0x0000000000000000, Narrow klass shift: 3, Narrow klass range: 0x140000000

GC Precious Log:
 CardTable entry size: 512
 Card Set container configuration: InlinePtr #cards 5 size 8 Array Of Cards #cards 12 size 40 Howl #buckets 4 coarsen threshold 1843 Howl Bitmap #cards 512 size 80 coarsen threshold 460 Card regions per heap region 1 cards per card region 2048
 CPUs: 8 total, 8 available
 Memory: 8070M
 Large Page Support: Disabled
 NUMA Support: Disabled
 Compressed Oops: Enabled (32-bit)
 Heap Region Size: 1M
 Heap Min Capacity: 8M
 Heap Initial Capacity: 128M
 Heap Max Capacity: 2G
 Pre-touch: Disabled
 Parallel Workers: 8
 Concurrent Workers: 2
 Concurrent Refinement Workers: 8
 Periodic GC: Disabled

Heap:
 garbage-first heap   total 416768K, used 194110K [0x0000000080000000, 0x0000000100000000)
  region size 1024K, 31 young (31744K), 11 survivors (11264K)
 Metaspace       used 161763K, committed 164224K, reserved 1245184K
  class space    used 22067K, committed 23680K, reserved 1048576K

Heap Regions: E=young(eden), S=young(survivor), O=old, HS=humongous(starts), HC=humongous(continues), CS=collection set, F=free, TAMS=top-at-mark-start, PB=parsable bottom
|   0|0x0000000080000000, 0x0000000080100000, 0x0000000080100000|100%|HS|  |TAMS 0x0000000080100000| PB 0x0000000080000000| Complete 
|   1|0x0000000080100000, 0x0000000080200000, 0x0000000080200000|100%|HC|  |TAMS 0x0000000080200000| PB 0x0000000080100000| Complete 
|   2|0x0000000080200000, 0x0000000080300000, 0x0000000080300000|100%|HC|  |TAMS 0x0000000080300000| PB 0x0000000080200000| Complete 
|   3|0x0000000080300000, 0x0000000080400000, 0x0000000080400000|100%| O|  |TAMS 0x0000000080400000| PB 0x0000000080300000| Untracked 
|   4|0x0000000080400000, 0x0000000080500000, 0x0000000080500000|100%| O|  |TAMS 0x0000000080500000| PB 0x0000000080400000| Untracked 
|   5|0x0000000080500000, 0x0000000080600000, 0x0000000080600000|100%| O|  |TAMS 0x0000000080600000| PB 0x0000000080500000| Untracked 
|   6|0x0000000080600000, 0x0000000080700000, 0x0000000080700000|100%|HS|  |TAMS 0x0000000080700000| PB 0x0000000080600000| Complete 
|   7|0x0000000080700000, 0x0000000080800000, 0x0000000080800000|100%| O|  |TAMS 0x0000000080800000| PB 0x0000000080700000| Untracked 
|   8|0x0000000080800000, 0x0000000080900000, 0x0000000080900000|100%| O|  |TAMS 0x0000000080900000| PB 0x0000000080800000| Untracked 
|   9|0x0000000080900000, 0x0000000080a00000, 0x0000000080a00000|100%| O|  |TAMS 0x0000000080a00000| PB 0x0000000080900000| Untracked 
|  10|0x0000000080a00000, 0x0000000080b00000, 0x0000000080b00000|100%| O|  |TAMS 0x0000000080b00000| PB 0x0000000080a00000| Untracked 
|  11|0x0000000080b00000, 0x0000000080c00000, 0x0000000080c00000|100%| O|  |TAMS 0x0000000080c00000| PB 0x0000000080b00000| Untracked 
|  12|0x0000000080c00000, 0x0000000080d00000, 0x0000000080d00000|100%| O|  |TAMS 0x0000000080d00000| PB 0x0000000080c00000| Untracked 
|  13|0x0000000080d00000, 0x0000000080e00000, 0x0000000080e00000|100%| O|  |TAMS 0x0000000080e00000| PB 0x0000000080d00000| Untracked 
|  14|0x0000000080e00000, 0x0000000080f00000, 0x0000000080f00000|100%| O|  |TAMS 0x0000000080f00000| PB 0x0000000080e00000| Untracked 
|  15|0x0000000080f00000, 0x0000000081000000, 0x0000000081000000|100%| O|  |TAMS 0x0000000081000000| PB 0x0000000080f00000| Untracked 
|  16|0x0000000081000000, 0x0000000081100000, 0x0000000081100000|100%| O|  |TAMS 0x0000000081100000| PB 0x0000000081000000| Untracked 
|  17|0x0000000081100000, 0x0000000081200000, 0x0000000081200000|100%| O|  |TAMS 0x0000000081200000| PB 0x0000000081100000| Untracked 
|  18|0x0000000081200000, 0x0000000081300000, 0x0000000081300000|100%| O|  |TAMS 0x0000000081300000| PB 0x0000000081200000| Untracked 
|  19|0x0000000081300000, 0x0000000081400000, 0x0000000081400000|100%| O|  |TAMS 0x0000000081400000| PB 0x0000000081300000| Untracked 
|  20|0x0000000081400000, 0x0000000081500000, 0x0000000081500000|100%| O|  |TAMS 0x0000000081500000| PB 0x0000000081400000| Untracked 
|  21|0x0000000081500000, 0x0000000081600000, 0x0000000081600000|100%| O|  |TAMS 0x0000000081600000| PB 0x0000000081500000| Untracked 
|  22|0x0000000081600000, 0x0000000081700000, 0x0000000081700000|100%| O|  |TAMS 0x0000000081700000| PB 0x0000000081600000| Untracked 
|  23|0x0000000081700000, 0x0000000081800000, 0x0000000081800000|100%| O|  |TAMS 0x0000000081800000| PB 0x0000000081700000| Untracked 
|  24|0x0000000081800000, 0x0000000081900000, 0x0000000081900000|100%| O|  |TAMS 0x0000000081900000| PB 0x0000000081800000| Untracked 
|  25|0x0000000081900000, 0x0000000081a00000, 0x0000000081a00000|100%| O|  |TAMS 0x0000000081a00000| PB 0x0000000081900000| Untracked 
|  26|0x0000000081a00000, 0x0000000081b00000, 0x0000000081b00000|100%| O|  |TAMS 0x0000000081b00000| PB 0x0000000081a00000| Untracked 
|  27|0x0000000081b00000, 0x0000000081c00000, 0x0000000081c00000|100%| O|  |TAMS 0x0000000081c00000| PB 0x0000000081b00000| Untracked 
|  28|0x0000000081c00000, 0x0000000081d00000, 0x0000000081d00000|100%| O|  |TAMS 0x0000000081d00000| PB 0x0000000081c00000| Untracked 
|  29|0x0000000081d00000, 0x0000000081e00000, 0x0000000081e00000|100%|HS|  |TAMS 0x0000000081e00000| PB 0x0000000081d00000| Complete 
|  30|0x0000000081e00000, 0x0000000081f00000, 0x0000000081f00000|100%|HC|  |TAMS 0x0000000081f00000| PB 0x0000000081e00000| Complete 
|  31|0x0000000081f00000, 0x0000000082000000, 0x0000000082000000|100%| O|  |TAMS 0x0000000082000000| PB 0x0000000081f00000| Untracked 
|  32|0x0000000082000000, 0x0000000082100000, 0x0000000082100000|100%| O|  |TAMS 0x0000000082100000| PB 0x0000000082000000| Untracked 
|  33|0x0000000082100000, 0x0000000082200000, 0x0000000082200000|100%| O|  |TAMS 0x0000000082200000| PB 0x0000000082100000| Untracked 
|  34|0x0000000082200000, 0x0000000082300000, 0x0000000082300000|100%| O|  |TAMS 0x0000000082300000| PB 0x0000000082200000| Untracked 
|  35|0x0000000082300000, 0x0000000082400000, 0x0000000082400000|100%| O|  |TAMS 0x0000000082400000| PB 0x0000000082300000| Untracked 
|  36|0x0000000082400000, 0x0000000082500000, 0x0000000082500000|100%| O|  |TAMS 0x0000000082500000| PB 0x0000000082400000| Untracked 
|  37|0x0000000082500000, 0x0000000082600000, 0x0000000082600000|100%| O|  |TAMS 0x0000000082600000| PB 0x0000000082500000| Untracked 
|  38|0x0000000082600000, 0x0000000082700000, 0x0000000082700000|100%| O|  |TAMS 0x0000000082700000| PB 0x0000000082600000| Untracked 
|  39|0x0000000082700000, 0x0000000082800000, 0x0000000082800000|100%|HS|  |TAMS 0x0000000082700000| PB 0x0000000082700000| Complete 
|  40|0x0000000082800000, 0x0000000082800000, 0x0000000082900000|  0%| F|  |TAMS 0x0000000082800000| PB 0x0000000082800000| Untracked 
|  41|0x0000000082900000, 0x0000000082a00000, 0x0000000082a00000|100%| O|  |TAMS 0x0000000082a00000| PB 0x0000000082900000| Untracked 
|  42|0x0000000082a00000, 0x0000000082b00000, 0x0000000082b00000|100%| O|  |TAMS 0x0000000082b00000| PB 0x0000000082a00000| Untracked 
|  43|0x0000000082b00000, 0x0000000082c00000, 0x0000000082c00000|100%|HS|  |TAMS 0x0000000082c00000| PB 0x0000000082b00000| Complete 
|  44|0x0000000082c00000, 0x0000000082d00000, 0x0000000082d00000|100%| O|  |TAMS 0x0000000082d00000| PB 0x0000000082c00000| Untracked 
|  45|0x0000000082d00000, 0x0000000082e00000, 0x0000000082e00000|100%| O|  |TAMS 0x0000000082e00000| PB 0x0000000082d00000| Untracked 
|  46|0x0000000082e00000, 0x0000000082f00000, 0x0000000082f00000|100%| O|  |TAMS 0x0000000082f00000| PB 0x0000000082e00000| Untracked 
|  47|0x0000000082f00000, 0x0000000083000000, 0x0000000083000000|100%| O|  |TAMS 0x0000000083000000| PB 0x0000000082f00000| Untracked 
|  48|0x0000000083000000, 0x0000000083100000, 0x0000000083100000|100%| O|  |TAMS 0x0000000083100000| PB 0x0000000083000000| Untracked 
|  49|0x0000000083100000, 0x0000000083200000, 0x0000000083200000|100%| O|  |TAMS 0x0000000083200000| PB 0x0000000083100000| Untracked 
|  50|0x0000000083200000, 0x0000000083300000, 0x0000000083300000|100%| O|  |TAMS 0x0000000083300000| PB 0x0000000083200000| Untracked 
|  51|0x0000000083300000, 0x0000000083400000, 0x0000000083400000|100%| O|  |TAMS 0x0000000083400000| PB 0x0000000083300000| Untracked 
|  52|0x0000000083400000, 0x0000000083500000, 0x0000000083500000|100%|HS|  |TAMS 0x0000000083500000| PB 0x0000000083400000| Complete 
|  53|0x0000000083500000, 0x0000000083600000, 0x0000000083600000|100%| O|  |TAMS 0x0000000083600000| PB 0x0000000083500000| Untracked 
|  54|0x0000000083600000, 0x0000000083700000, 0x0000000083700000|100%| O|  |TAMS 0x0000000083700000| PB 0x0000000083600000| Untracked 
|  55|0x0000000083700000, 0x0000000083800000, 0x0000000083800000|100%|HS|  |TAMS 0x0000000083800000| PB 0x0000000083700000| Complete 
|  56|0x0000000083800000, 0x0000000083900000, 0x0000000083900000|100%|HS|  |TAMS 0x0000000083900000| PB 0x0000000083800000| Complete 
|  57|0x0000000083900000, 0x0000000083a00000, 0x0000000083a00000|100%| O|  |TAMS 0x0000000083a00000| PB 0x0000000083900000| Untracked 
|  58|0x0000000083a00000, 0x0000000083b00000, 0x0000000083b00000|100%|HS|  |TAMS 0x0000000083b00000| PB 0x0000000083a00000| Complete 
|  59|0x0000000083b00000, 0x0000000083c00000, 0x0000000083c00000|100%|HS|  |TAMS 0x0000000083c00000| PB 0x0000000083b00000| Complete 
|  60|0x0000000083c00000, 0x0000000083c00000, 0x0000000083d00000|  0%| F|  |TAMS 0x0000000083c00000| PB 0x0000000083c00000| Untracked 
|  61|0x0000000083d00000, 0x0000000083e00000, 0x0000000083e00000|100%| O|  |TAMS 0x0000000083e00000| PB 0x0000000083d00000| Untracked 
|  62|0x0000000083e00000, 0x0000000083e00000, 0x0000000083f00000|  0%| F|  |TAMS 0x0000000083e00000| PB 0x0000000083e00000| Untracked 
|  63|0x0000000083f00000, 0x0000000084000000, 0x0000000084000000|100%| O|  |TAMS 0x0000000084000000| PB 0x0000000083f00000| Untracked 
|  64|0x0000000084000000, 0x0000000084000000, 0x0000000084100000|  0%| F|  |TAMS 0x0000000084000000| PB 0x0000000084000000| Untracked 
|  65|0x0000000084100000, 0x0000000084100000, 0x0000000084200000|  0%| F|  |TAMS 0x0000000084100000| PB 0x0000000084100000| Untracked 
|  66|0x0000000084200000, 0x0000000084200000, 0x0000000084300000|  0%| F|  |TAMS 0x0000000084200000| PB 0x0000000084200000| Untracked 
|  67|0x0000000084300000, 0x0000000084400000, 0x0000000084400000|100%|HS|  |TAMS 0x0000000084400000| PB 0x0000000084300000| Complete 
|  68|0x0000000084400000, 0x0000000084500000, 0x0000000084500000|100%| O|  |TAMS 0x0000000084500000| PB 0x0000000084400000| Untracked 
|  69|0x0000000084500000, 0x0000000084500000, 0x0000000084600000|  0%| F|  |TAMS 0x0000000084500000| PB 0x0000000084500000| Untracked 
|  70|0x0000000084600000, 0x0000000084600000, 0x0000000084700000|  0%| F|  |TAMS 0x0000000084600000| PB 0x0000000084600000| Untracked 
|  71|0x0000000084700000, 0x0000000084800000, 0x0000000084800000|100%| O|  |TAMS 0x0000000084800000| PB 0x0000000084700000| Untracked 
|  72|0x0000000084800000, 0x0000000084900000, 0x0000000084900000|100%| O|  |TAMS 0x0000000084900000| PB 0x0000000084800000| Untracked 
|  73|0x0000000084900000, 0x0000000084a00000, 0x0000000084a00000|100%| O|  |TAMS 0x0000000084a00000| PB 0x0000000084900000| Untracked 
|  74|0x0000000084a00000, 0x0000000084b00000, 0x0000000084b00000|100%| O|  |TAMS 0x0000000084b00000| PB 0x0000000084a00000| Untracked 
|  75|0x0000000084b00000, 0x0000000084c00000, 0x0000000084c00000|100%| O|  |TAMS 0x0000000084c00000| PB 0x0000000084b00000| Untracked 
|  76|0x0000000084c00000, 0x0000000084d00000, 0x0000000084d00000|100%| O|  |TAMS 0x0000000084d00000| PB 0x0000000084c00000| Untracked 
|  77|0x0000000084d00000, 0x0000000084e00000, 0x0000000084e00000|100%| O|  |TAMS 0x0000000084e00000| PB 0x0000000084d00000| Untracked 
|  78|0x0000000084e00000, 0x0000000084f00000, 0x0000000084f00000|100%| O|  |TAMS 0x0000000084f00000| PB 0x0000000084e00000| Untracked 
|  79|0x0000000084f00000, 0x0000000085000000, 0x0000000085000000|100%| O|  |TAMS 0x0000000085000000| PB 0x0000000084f00000| Untracked 
|  80|0x0000000085000000, 0x0000000085100000, 0x0000000085100000|100%| O|  |TAMS 0x0000000085100000| PB 0x0000000085000000| Untracked 
|  81|0x0000000085100000, 0x0000000085200000, 0x0000000085200000|100%| O|  |TAMS 0x0000000085200000| PB 0x0000000085100000| Untracked 
|  82|0x0000000085200000, 0x0000000085300000, 0x0000000085300000|100%| O|  |TAMS 0x0000000085300000| PB 0x0000000085200000| Untracked 
|  83|0x0000000085300000, 0x0000000085400000, 0x0000000085400000|100%| O|  |TAMS 0x0000000085400000| PB 0x0000000085300000| Untracked 
|  84|0x0000000085400000, 0x0000000085500000, 0x0000000085500000|100%| O|  |TAMS 0x0000000085500000| PB 0x0000000085400000| Untracked 
|  85|0x0000000085500000, 0x0000000085600000, 0x0000000085600000|100%| O|  |TAMS 0x0000000085600000| PB 0x0000000085500000| Untracked 
|  86|0x0000000085600000, 0x0000000085700000, 0x0000000085700000|100%| O|  |TAMS 0x0000000085700000| PB 0x0000000085600000| Untracked 
|  87|0x0000000085700000, 0x0000000085800000, 0x0000000085800000|100%| O|  |TAMS 0x0000000085800000| PB 0x0000000085700000| Untracked 
|  88|0x0000000085800000, 0x0000000085900000, 0x0000000085900000|100%| O|  |TAMS 0x0000000085900000| PB 0x0000000085800000| Untracked 
|  89|0x0000000085900000, 0x0000000085a00000, 0x0000000085a00000|100%| O|  |TAMS 0x0000000085a00000| PB 0x0000000085900000| Untracked 
|  90|0x0000000085a00000, 0x0000000085b00000, 0x0000000085b00000|100%| O|  |TAMS 0x0000000085b00000| PB 0x0000000085a00000| Untracked 
|  91|0x0000000085b00000, 0x0000000085c00000, 0x0000000085c00000|100%| O|  |TAMS 0x0000000085c00000| PB 0x0000000085b00000| Untracked 
|  92|0x0000000085c00000, 0x0000000085d00000, 0x0000000085d00000|100%| O|  |TAMS 0x0000000085d00000| PB 0x0000000085c00000| Untracked 
|  93|0x0000000085d00000, 0x0000000085e00000, 0x0000000085e00000|100%| O|  |TAMS 0x0000000085e00000| PB 0x0000000085d00000| Untracked 
|  94|0x0000000085e00000, 0x0000000085f00000, 0x0000000085f00000|100%| O|  |TAMS 0x0000000085f00000| PB 0x0000000085e00000| Untracked 
|  95|0x0000000085f00000, 0x0000000086000000, 0x0000000086000000|100%| O|  |TAMS 0x0000000086000000| PB 0x0000000085f00000| Untracked 
|  96|0x0000000086000000, 0x0000000086100000, 0x0000000086100000|100%| O|  |TAMS 0x0000000086100000| PB 0x0000000086000000| Untracked 
|  97|0x0000000086100000, 0x0000000086200000, 0x0000000086200000|100%| O|  |TAMS 0x0000000086200000| PB 0x0000000086100000| Untracked 
|  98|0x0000000086200000, 0x0000000086300000, 0x0000000086300000|100%| O|  |TAMS 0x0000000086300000| PB 0x0000000086200000| Untracked 
|  99|0x0000000086300000, 0x0000000086400000, 0x0000000086400000|100%| O|  |TAMS 0x0000000086400000| PB 0x0000000086300000| Untracked 
| 100|0x0000000086400000, 0x0000000086500000, 0x0000000086500000|100%| O|  |TAMS 0x0000000086500000| PB 0x0000000086400000| Untracked 
| 101|0x0000000086500000, 0x0000000086600000, 0x0000000086600000|100%| O|  |TAMS 0x0000000086600000| PB 0x0000000086500000| Untracked 
| 102|0x0000000086600000, 0x0000000086700000, 0x0000000086700000|100%| O|  |TAMS 0x0000000086700000| PB 0x0000000086600000| Untracked 
| 103|0x0000000086700000, 0x0000000086800000, 0x0000000086800000|100%| O|  |TAMS 0x0000000086800000| PB 0x0000000086700000| Untracked 
| 104|0x0000000086800000, 0x0000000086900000, 0x0000000086900000|100%| O|  |TAMS 0x0000000086900000| PB 0x0000000086800000| Untracked 
| 105|0x0000000086900000, 0x0000000086a00000, 0x0000000086a00000|100%| O|  |TAMS 0x0000000086a00000| PB 0x0000000086900000| Untracked 
| 106|0x0000000086a00000, 0x0000000086b00000, 0x0000000086b00000|100%| O|  |TAMS 0x0000000086b00000| PB 0x0000000086a00000| Untracked 
| 107|0x0000000086b00000, 0x0000000086c00000, 0x0000000086c00000|100%| O|  |TAMS 0x0000000086c00000| PB 0x0000000086b00000| Untracked 
| 108|0x0000000086c00000, 0x0000000086d00000, 0x0000000086d00000|100%| O|  |TAMS 0x0000000086d00000| PB 0x0000000086c00000| Untracked 
| 109|0x0000000086d00000, 0x0000000086e00000, 0x0000000086e00000|100%| O|  |TAMS 0x0000000086e00000| PB 0x0000000086d00000| Untracked 
| 110|0x0000000086e00000, 0x0000000086f00000, 0x0000000086f00000|100%| O|  |TAMS 0x0000000086f00000| PB 0x0000000086e00000| Untracked 
| 111|0x0000000086f00000, 0x0000000086fe42f0, 0x0000000087000000| 89%| O|  |TAMS 0x0000000086fe42f0| PB 0x0000000086f00000| Untracked 
| 112|0x0000000087000000, 0x0000000087100000, 0x0000000087100000|100%| O|  |TAMS 0x0000000087100000| PB 0x0000000087000000| Untracked 
| 113|0x0000000087100000, 0x0000000087100000, 0x0000000087200000|  0%| F|  |TAMS 0x0000000087100000| PB 0x0000000087100000| Untracked 
| 114|0x0000000087200000, 0x0000000087300000, 0x0000000087300000|100%| O|  |TAMS 0x0000000087300000| PB 0x0000000087200000| Untracked 
| 115|0x0000000087300000, 0x0000000087400000, 0x0000000087400000|100%| O|  |TAMS 0x0000000087400000| PB 0x0000000087300000| Untracked 
| 116|0x0000000087400000, 0x0000000087500000, 0x0000000087500000|100%| O|  |TAMS 0x0000000087500000| PB 0x0000000087400000| Untracked 
| 117|0x0000000087500000, 0x0000000087600000, 0x0000000087600000|100%| O|  |TAMS 0x0000000087600000| PB 0x0000000087500000| Untracked 
| 118|0x0000000087600000, 0x0000000087600000, 0x0000000087700000|  0%| F|  |TAMS 0x0000000087600000| PB 0x0000000087600000| Untracked 
| 119|0x0000000087700000, 0x0000000087800000, 0x0000000087800000|100%| O|  |TAMS 0x0000000087800000| PB 0x0000000087700000| Untracked 
| 120|0x0000000087800000, 0x0000000087900000, 0x0000000087900000|100%| O|  |TAMS 0x0000000087900000| PB 0x0000000087800000| Untracked 
| 121|0x0000000087900000, 0x0000000087a00000, 0x0000000087a00000|100%| O|  |TAMS 0x0000000087a00000| PB 0x0000000087900000| Untracked 
| 122|0x0000000087a00000, 0x0000000087b00000, 0x0000000087b00000|100%| O|  |TAMS 0x0000000087b00000| PB 0x0000000087a00000| Untracked 
| 123|0x0000000087b00000, 0x0000000087c00000, 0x0000000087c00000|100%| O|  |TAMS 0x0000000087c00000| PB 0x0000000087b00000| Untracked 
| 124|0x0000000087c00000, 0x0000000087d00000, 0x0000000087d00000|100%| O|  |TAMS 0x0000000087d00000| PB 0x0000000087c00000| Untracked 
| 125|0x0000000087d00000, 0x0000000087e00000, 0x0000000087e00000|100%| O|  |TAMS 0x0000000087e00000| PB 0x0000000087d00000| Untracked 
| 126|0x0000000087e00000, 0x0000000087f00000, 0x0000000087f00000|100%| O|  |TAMS 0x0000000087f00000| PB 0x0000000087e00000| Untracked 
| 127|0x0000000087f00000, 0x0000000088000000, 0x0000000088000000|100%| O|  |TAMS 0x0000000088000000| PB 0x0000000087f00000| Untracked 
| 128|0x0000000088000000, 0x0000000088100000, 0x0000000088100000|100%| O|  |TAMS 0x0000000088100000| PB 0x0000000088000000| Untracked 
| 129|0x0000000088100000, 0x0000000088200000, 0x0000000088200000|100%| O|  |TAMS 0x0000000088200000| PB 0x0000000088100000| Untracked 
| 130|0x0000000088200000, 0x0000000088300000, 0x0000000088300000|100%| O|  |TAMS 0x0000000088300000| PB 0x0000000088200000| Untracked 
| 131|0x0000000088300000, 0x0000000088400000, 0x0000000088400000|100%| O|  |TAMS 0x0000000088400000| PB 0x0000000088300000| Untracked 
| 132|0x0000000088400000, 0x0000000088500000, 0x0000000088500000|100%| O|  |TAMS 0x0000000088500000| PB 0x0000000088400000| Untracked 
| 133|0x0000000088500000, 0x0000000088600000, 0x0000000088600000|100%| O|  |TAMS 0x0000000088600000| PB 0x0000000088500000| Untracked 
| 134|0x0000000088600000, 0x0000000088700000, 0x0000000088700000|100%| O|  |TAMS 0x0000000088700000| PB 0x0000000088600000| Untracked 
| 135|0x0000000088700000, 0x0000000088800000, 0x0000000088800000|100%| O|  |TAMS 0x0000000088800000| PB 0x0000000088700000| Untracked 
| 136|0x0000000088800000, 0x0000000088900000, 0x0000000088900000|100%| O|  |TAMS 0x0000000088900000| PB 0x0000000088800000| Untracked 
| 137|0x0000000088900000, 0x0000000088a00000, 0x0000000088a00000|100%| O|  |TAMS 0x0000000088a00000| PB 0x0000000088900000| Untracked 
| 138|0x0000000088a00000, 0x0000000088a00000, 0x0000000088b00000|  0%| F|  |TAMS 0x0000000088a00000| PB 0x0000000088a00000| Untracked 
| 139|0x0000000088b00000, 0x0000000088c00000, 0x0000000088c00000|100%| O|  |TAMS 0x0000000088c00000| PB 0x0000000088b00000| Untracked 
| 140|0x0000000088c00000, 0x0000000088d00000, 0x0000000088d00000|100%| O|  |TAMS 0x0000000088d00000| PB 0x0000000088c00000| Untracked 
| 141|0x0000000088d00000, 0x0000000088e00000, 0x0000000088e00000|100%| O|  |TAMS 0x0000000088e00000| PB 0x0000000088d00000| Untracked 
| 142|0x0000000088e00000, 0x0000000088f00000, 0x0000000088f00000|100%| O|  |TAMS 0x0000000088f00000| PB 0x0000000088e00000| Untracked 
| 143|0x0000000088f00000, 0x0000000089000000, 0x0000000089000000|100%| O|  |TAMS 0x0000000089000000| PB 0x0000000088f00000| Untracked 
| 144|0x0000000089000000, 0x0000000089100000, 0x0000000089100000|100%| O|  |TAMS 0x0000000089100000| PB 0x0000000089000000| Untracked 
| 145|0x0000000089100000, 0x0000000089100000, 0x0000000089200000|  0%| F|  |TAMS 0x0000000089100000| PB 0x0000000089100000| Untracked 
| 146|0x0000000089200000, 0x0000000089200000, 0x0000000089300000|  0%| F|  |TAMS 0x0000000089200000| PB 0x0000000089200000| Untracked 
| 147|0x0000000089300000, 0x0000000089300000, 0x0000000089400000|  0%| F|  |TAMS 0x0000000089300000| PB 0x0000000089300000| Untracked 
| 148|0x0000000089400000, 0x0000000089400000, 0x0000000089500000|  0%| F|  |TAMS 0x0000000089400000| PB 0x0000000089400000| Untracked 
| 149|0x0000000089500000, 0x0000000089500000, 0x0000000089600000|  0%| F|  |TAMS 0x0000000089500000| PB 0x0000000089500000| Untracked 
| 150|0x0000000089600000, 0x0000000089700000, 0x0000000089700000|100%| O|  |TAMS 0x0000000089700000| PB 0x0000000089600000| Untracked 
| 151|0x0000000089700000, 0x0000000089800000, 0x0000000089800000|100%| O|  |TAMS 0x0000000089800000| PB 0x0000000089700000| Untracked 
| 152|0x0000000089800000, 0x0000000089800000, 0x0000000089900000|  0%| F|  |TAMS 0x0000000089800000| PB 0x0000000089800000| Untracked 
| 153|0x0000000089900000, 0x0000000089900000, 0x0000000089a00000|  0%| F|  |TAMS 0x0000000089900000| PB 0x0000000089900000| Untracked 
| 154|0x0000000089a00000, 0x0000000089a00000, 0x0000000089b00000|  0%| F|  |TAMS 0x0000000089a00000| PB 0x0000000089a00000| Untracked 
| 155|0x0000000089b00000, 0x0000000089c00000, 0x0000000089c00000|100%| O|  |TAMS 0x0000000089c00000| PB 0x0000000089b00000| Untracked 
| 156|0x0000000089c00000, 0x0000000089c00000, 0x0000000089d00000|  0%| F|  |TAMS 0x0000000089c00000| PB 0x0000000089c00000| Untracked 
| 157|0x0000000089d00000, 0x0000000089e00000, 0x0000000089e00000|100%| O|  |TAMS 0x0000000089e00000| PB 0x0000000089d00000| Untracked 
| 158|0x0000000089e00000, 0x0000000089f00000, 0x0000000089f00000|100%| O|  |TAMS 0x0000000089f00000| PB 0x0000000089e00000| Untracked 
| 159|0x0000000089f00000, 0x000000008a000000, 0x000000008a000000|100%| O|  |TAMS 0x000000008a000000| PB 0x0000000089f00000| Untracked 
| 160|0x000000008a000000, 0x000000008a000000, 0x000000008a100000|  0%| F|  |TAMS 0x000000008a000000| PB 0x000000008a000000| Untracked 
| 161|0x000000008a100000, 0x000000008a200000, 0x000000008a200000|100%| O|  |TAMS 0x000000008a200000| PB 0x000000008a100000| Untracked 
| 162|0x000000008a200000, 0x000000008a300000, 0x000000008a300000|100%| O|  |TAMS 0x000000008a300000| PB 0x000000008a200000| Untracked 
| 163|0x000000008a300000, 0x000000008a400000, 0x000000008a400000|100%| O|  |TAMS 0x000000008a400000| PB 0x000000008a300000| Untracked 
| 164|0x000000008a400000, 0x000000008a500000, 0x000000008a500000|100%| O|  |TAMS 0x000000008a500000| PB 0x000000008a400000| Untracked 
| 165|0x000000008a500000, 0x000000008a500000, 0x000000008a600000|  0%| F|  |TAMS 0x000000008a500000| PB 0x000000008a500000| Untracked 
| 166|0x000000008a600000, 0x000000008a700000, 0x000000008a700000|100%| O|  |TAMS 0x000000008a700000| PB 0x000000008a600000| Untracked 
| 167|0x000000008a700000, 0x000000008a700000, 0x000000008a800000|  0%| F|  |TAMS 0x000000008a700000| PB 0x000000008a700000| Untracked 
| 168|0x000000008a800000, 0x000000008a800000, 0x000000008a900000|  0%| F|  |TAMS 0x000000008a800000| PB 0x000000008a800000| Untracked 
| 169|0x000000008a900000, 0x000000008a900000, 0x000000008aa00000|  0%| F|  |TAMS 0x000000008a900000| PB 0x000000008a900000| Untracked 
| 170|0x000000008aa00000, 0x000000008aa00000, 0x000000008ab00000|  0%| F|  |TAMS 0x000000008aa00000| PB 0x000000008aa00000| Untracked 
| 171|0x000000008ab00000, 0x000000008ab00000, 0x000000008ac00000|  0%| F|  |TAMS 0x000000008ab00000| PB 0x000000008ab00000| Untracked 
| 172|0x000000008ac00000, 0x000000008ac00000, 0x000000008ad00000|  0%| F|  |TAMS 0x000000008ac00000| PB 0x000000008ac00000| Untracked 
| 173|0x000000008ad00000, 0x000000008ad00000, 0x000000008ae00000|  0%| F|  |TAMS 0x000000008ad00000| PB 0x000000008ad00000| Untracked 
| 174|0x000000008ae00000, 0x000000008ae00000, 0x000000008af00000|  0%| F|  |TAMS 0x000000008ae00000| PB 0x000000008ae00000| Untracked 
| 175|0x000000008af00000, 0x000000008af00000, 0x000000008b000000|  0%| F|  |TAMS 0x000000008af00000| PB 0x000000008af00000| Untracked 
| 176|0x000000008b000000, 0x000000008b000000, 0x000000008b100000|  0%| F|  |TAMS 0x000000008b000000| PB 0x000000008b000000| Untracked 
| 177|0x000000008b100000, 0x000000008b100000, 0x000000008b200000|  0%| F|  |TAMS 0x000000008b100000| PB 0x000000008b100000| Untracked 
| 178|0x000000008b200000, 0x000000008b200000, 0x000000008b300000|  0%| F|  |TAMS 0x000000008b200000| PB 0x000000008b200000| Untracked 
| 179|0x000000008b300000, 0x000000008b300000, 0x000000008b400000|  0%| F|  |TAMS 0x000000008b300000| PB 0x000000008b300000| Untracked 
| 180|0x000000008b400000, 0x000000008b400000, 0x000000008b500000|  0%| F|  |TAMS 0x000000008b400000| PB 0x000000008b400000| Untracked 
| 181|0x000000008b500000, 0x000000008b500000, 0x000000008b600000|  0%| F|  |TAMS 0x000000008b500000| PB 0x000000008b500000| Untracked 
| 182|0x000000008b600000, 0x000000008b600000, 0x000000008b700000|  0%| F|  |TAMS 0x000000008b600000| PB 0x000000008b600000| Untracked 
| 183|0x000000008b700000, 0x000000008b700000, 0x000000008b800000|  0%| F|  |TAMS 0x000000008b700000| PB 0x000000008b700000| Untracked 
| 184|0x000000008b800000, 0x000000008b800000, 0x000000008b900000|  0%| F|  |TAMS 0x000000008b800000| PB 0x000000008b800000| Untracked 
| 185|0x000000008b900000, 0x000000008b900000, 0x000000008ba00000|  0%| F|  |TAMS 0x000000008b900000| PB 0x000000008b900000| Untracked 
| 186|0x000000008ba00000, 0x000000008ba00000, 0x000000008bb00000|  0%| F|  |TAMS 0x000000008ba00000| PB 0x000000008ba00000| Untracked 
| 187|0x000000008bb00000, 0x000000008bb00000, 0x000000008bc00000|  0%| F|  |TAMS 0x000000008bb00000| PB 0x000000008bb00000| Untracked 
| 188|0x000000008bc00000, 0x000000008bc00000, 0x000000008bd00000|  0%| F|  |TAMS 0x000000008bc00000| PB 0x000000008bc00000| Untracked 
| 189|0x000000008bd00000, 0x000000008bd00000, 0x000000008be00000|  0%| F|  |TAMS 0x000000008bd00000| PB 0x000000008bd00000| Untracked 
| 190|0x000000008be00000, 0x000000008be00000, 0x000000008bf00000|  0%| F|  |TAMS 0x000000008be00000| PB 0x000000008be00000| Untracked 
| 191|0x000000008bf00000, 0x000000008bf00000, 0x000000008c000000|  0%| F|  |TAMS 0x000000008bf00000| PB 0x000000008bf00000| Untracked 
| 192|0x000000008c000000, 0x000000008c000000, 0x000000008c100000|  0%| F|  |TAMS 0x000000008c000000| PB 0x000000008c000000| Untracked 
| 193|0x000000008c100000, 0x000000008c100000, 0x000000008c200000|  0%| F|  |TAMS 0x000000008c100000| PB 0x000000008c100000| Untracked 
| 194|0x000000008c200000, 0x000000008c200000, 0x000000008c300000|  0%| F|  |TAMS 0x000000008c200000| PB 0x000000008c200000| Untracked 
| 195|0x000000008c300000, 0x000000008c300000, 0x000000008c400000|  0%| F|  |TAMS 0x000000008c300000| PB 0x000000008c300000| Untracked 
| 196|0x000000008c400000, 0x000000008c400000, 0x000000008c500000|  0%| F|  |TAMS 0x000000008c400000| PB 0x000000008c400000| Untracked 
| 197|0x000000008c500000, 0x000000008c500000, 0x000000008c600000|  0%| F|  |TAMS 0x000000008c500000| PB 0x000000008c500000| Untracked 
| 198|0x000000008c600000, 0x000000008c600000, 0x000000008c700000|  0%| F|  |TAMS 0x000000008c600000| PB 0x000000008c600000| Untracked 
| 199|0x000000008c700000, 0x000000008c700000, 0x000000008c800000|  0%| F|  |TAMS 0x000000008c700000| PB 0x000000008c700000| Untracked 
| 200|0x000000008c800000, 0x000000008c800000, 0x000000008c900000|  0%| F|  |TAMS 0x000000008c800000| PB 0x000000008c800000| Untracked 
| 201|0x000000008c900000, 0x000000008c900000, 0x000000008ca00000|  0%| F|  |TAMS 0x000000008c900000| PB 0x000000008c900000| Untracked 
| 202|0x000000008ca00000, 0x000000008ca00000, 0x000000008cb00000|  0%| F|  |TAMS 0x000000008ca00000| PB 0x000000008ca00000| Untracked 
| 203|0x000000008cb00000, 0x000000008cb00000, 0x000000008cc00000|  0%| F|  |TAMS 0x000000008cb00000| PB 0x000000008cb00000| Untracked 
| 204|0x000000008cc00000, 0x000000008cc00000, 0x000000008cd00000|  0%| F|  |TAMS 0x000000008cc00000| PB 0x000000008cc00000| Untracked 
| 205|0x000000008cd00000, 0x000000008cd00000, 0x000000008ce00000|  0%| F|  |TAMS 0x000000008cd00000| PB 0x000000008cd00000| Untracked 
| 206|0x000000008ce00000, 0x000000008ce00000, 0x000000008cf00000|  0%| F|  |TAMS 0x000000008ce00000| PB 0x000000008ce00000| Untracked 
| 207|0x000000008cf00000, 0x000000008cf00000, 0x000000008d000000|  0%| F|  |TAMS 0x000000008cf00000| PB 0x000000008cf00000| Untracked 
| 208|0x000000008d000000, 0x000000008d000000, 0x000000008d100000|  0%| F|  |TAMS 0x000000008d000000| PB 0x000000008d000000| Untracked 
| 209|0x000000008d100000, 0x000000008d100000, 0x000000008d200000|  0%| F|  |TAMS 0x000000008d100000| PB 0x000000008d100000| Untracked 
| 210|0x000000008d200000, 0x000000008d200000, 0x000000008d300000|  0%| F|  |TAMS 0x000000008d200000| PB 0x000000008d200000| Untracked 
| 211|0x000000008d300000, 0x000000008d300000, 0x000000008d400000|  0%| F|  |TAMS 0x000000008d300000| PB 0x000000008d300000| Untracked 
| 212|0x000000008d400000, 0x000000008d400000, 0x000000008d500000|  0%| F|  |TAMS 0x000000008d400000| PB 0x000000008d400000| Untracked 
| 213|0x000000008d500000, 0x000000008d500000, 0x000000008d600000|  0%| F|  |TAMS 0x000000008d500000| PB 0x000000008d500000| Untracked 
| 214|0x000000008d600000, 0x000000008d600000, 0x000000008d700000|  0%| F|  |TAMS 0x000000008d600000| PB 0x000000008d600000| Untracked 
| 215|0x000000008d700000, 0x000000008d700000, 0x000000008d800000|  0%| F|  |TAMS 0x000000008d700000| PB 0x000000008d700000| Untracked 
| 216|0x000000008d800000, 0x000000008d800000, 0x000000008d900000|  0%| F|  |TAMS 0x000000008d800000| PB 0x000000008d800000| Untracked 
| 217|0x000000008d900000, 0x000000008d900000, 0x000000008da00000|  0%| F|  |TAMS 0x000000008d900000| PB 0x000000008d900000| Untracked 
| 218|0x000000008da00000, 0x000000008da00000, 0x000000008db00000|  0%| F|  |TAMS 0x000000008da00000| PB 0x000000008da00000| Untracked 
| 219|0x000000008db00000, 0x000000008db00000, 0x000000008dc00000|  0%| F|  |TAMS 0x000000008db00000| PB 0x000000008db00000| Untracked 
| 220|0x000000008dc00000, 0x000000008dc00000, 0x000000008dd00000|  0%| F|  |TAMS 0x000000008dc00000| PB 0x000000008dc00000| Untracked 
| 221|0x000000008dd00000, 0x000000008dd00000, 0x000000008de00000|  0%| F|  |TAMS 0x000000008dd00000| PB 0x000000008dd00000| Untracked 
| 222|0x000000008de00000, 0x000000008de00000, 0x000000008df00000|  0%| F|  |TAMS 0x000000008de00000| PB 0x000000008de00000| Untracked 
| 223|0x000000008df00000, 0x000000008df00000, 0x000000008e000000|  0%| F|  |TAMS 0x000000008df00000| PB 0x000000008df00000| Untracked 
| 224|0x000000008e000000, 0x000000008e000000, 0x000000008e100000|  0%| F|  |TAMS 0x000000008e000000| PB 0x000000008e000000| Untracked 
| 225|0x000000008e100000, 0x000000008e100000, 0x000000008e200000|  0%| F|  |TAMS 0x000000008e100000| PB 0x000000008e100000| Untracked 
| 226|0x000000008e200000, 0x000000008e200000, 0x000000008e300000|  0%| F|  |TAMS 0x000000008e200000| PB 0x000000008e200000| Untracked 
| 227|0x000000008e300000, 0x000000008e300000, 0x000000008e400000|  0%| F|  |TAMS 0x000000008e300000| PB 0x000000008e300000| Untracked 
| 228|0x000000008e400000, 0x000000008e400000, 0x000000008e500000|  0%| F|  |TAMS 0x000000008e400000| PB 0x000000008e400000| Untracked 
| 229|0x000000008e500000, 0x000000008e500000, 0x000000008e600000|  0%| F|  |TAMS 0x000000008e500000| PB 0x000000008e500000| Untracked 
| 230|0x000000008e600000, 0x000000008e600000, 0x000000008e700000|  0%| F|  |TAMS 0x000000008e600000| PB 0x000000008e600000| Untracked 
| 231|0x000000008e700000, 0x000000008e700000, 0x000000008e800000|  0%| F|  |TAMS 0x000000008e700000| PB 0x000000008e700000| Untracked 
| 232|0x000000008e800000, 0x000000008e800000, 0x000000008e900000|  0%| F|  |TAMS 0x000000008e800000| PB 0x000000008e800000| Untracked 
| 233|0x000000008e900000, 0x000000008e900000, 0x000000008ea00000|  0%| F|  |TAMS 0x000000008e900000| PB 0x000000008e900000| Untracked 
| 234|0x000000008ea00000, 0x000000008ea00000, 0x000000008eb00000|  0%| F|  |TAMS 0x000000008ea00000| PB 0x000000008ea00000| Untracked 
| 235|0x000000008eb00000, 0x000000008eb00000, 0x000000008ec00000|  0%| F|  |TAMS 0x000000008eb00000| PB 0x000000008eb00000| Untracked 
| 236|0x000000008ec00000, 0x000000008ec00000, 0x000000008ed00000|  0%| F|  |TAMS 0x000000008ec00000| PB 0x000000008ec00000| Untracked 
| 237|0x000000008ed00000, 0x000000008ed00000, 0x000000008ee00000|  0%| F|  |TAMS 0x000000008ed00000| PB 0x000000008ed00000| Untracked 
| 238|0x000000008ee00000, 0x000000008ee00000, 0x000000008ef00000|  0%| F|  |TAMS 0x000000008ee00000| PB 0x000000008ee00000| Untracked 
| 239|0x000000008ef00000, 0x000000008ef00000, 0x000000008f000000|  0%| F|  |TAMS 0x000000008ef00000| PB 0x000000008ef00000| Untracked 
| 240|0x000000008f000000, 0x000000008f000000, 0x000000008f100000|  0%| F|  |TAMS 0x000000008f000000| PB 0x000000008f000000| Untracked 
| 241|0x000000008f100000, 0x000000008f100000, 0x000000008f200000|  0%| F|  |TAMS 0x000000008f100000| PB 0x000000008f100000| Untracked 
| 242|0x000000008f200000, 0x000000008f200000, 0x000000008f300000|  0%| F|  |TAMS 0x000000008f200000| PB 0x000000008f200000| Untracked 
| 243|0x000000008f300000, 0x000000008f300000, 0x000000008f400000|  0%| F|  |TAMS 0x000000008f300000| PB 0x000000008f300000| Untracked 
| 244|0x000000008f400000, 0x000000008f400000, 0x000000008f500000|  0%| F|  |TAMS 0x000000008f400000| PB 0x000000008f400000| Untracked 
| 245|0x000000008f500000, 0x000000008f500000, 0x000000008f600000|  0%| F|  |TAMS 0x000000008f500000| PB 0x000000008f500000| Untracked 
| 246|0x000000008f600000, 0x000000008f600000, 0x000000008f700000|  0%| F|  |TAMS 0x000000008f600000| PB 0x000000008f600000| Untracked 
| 247|0x000000008f700000, 0x000000008f700000, 0x000000008f800000|  0%| F|  |TAMS 0x000000008f700000| PB 0x000000008f700000| Untracked 
| 248|0x000000008f800000, 0x000000008f800000, 0x000000008f900000|  0%| F|  |TAMS 0x000000008f800000| PB 0x000000008f800000| Untracked 
| 249|0x000000008f900000, 0x000000008f900000, 0x000000008fa00000|  0%| F|  |TAMS 0x000000008f900000| PB 0x000000008f900000| Untracked 
| 250|0x000000008fa00000, 0x000000008fa00000, 0x000000008fb00000|  0%| F|  |TAMS 0x000000008fa00000| PB 0x000000008fa00000| Untracked 
| 251|0x000000008fb00000, 0x000000008fb00000, 0x000000008fc00000|  0%| F|  |TAMS 0x000000008fb00000| PB 0x000000008fb00000| Untracked 
| 252|0x000000008fc00000, 0x000000008fc00000, 0x000000008fd00000|  0%| F|  |TAMS 0x000000008fc00000| PB 0x000000008fc00000| Untracked 
| 253|0x000000008fd00000, 0x000000008fd00000, 0x000000008fe00000|  0%| F|  |TAMS 0x000000008fd00000| PB 0x000000008fd00000| Untracked 
| 254|0x000000008fe00000, 0x000000008fe00000, 0x000000008ff00000|  0%| F|  |TAMS 0x000000008fe00000| PB 0x000000008fe00000| Untracked 
| 255|0x000000008ff00000, 0x000000008ff00000, 0x0000000090000000|  0%| F|  |TAMS 0x000000008ff00000| PB 0x000000008ff00000| Untracked 
| 256|0x0000000090000000, 0x0000000090000000, 0x0000000090100000|  0%| F|  |TAMS 0x0000000090000000| PB 0x0000000090000000| Untracked 
| 257|0x0000000090100000, 0x0000000090100000, 0x0000000090200000|  0%| F|  |TAMS 0x0000000090100000| PB 0x0000000090100000| Untracked 
| 258|0x0000000090200000, 0x0000000090200000, 0x0000000090300000|  0%| F|  |TAMS 0x0000000090200000| PB 0x0000000090200000| Untracked 
| 259|0x0000000090300000, 0x0000000090300000, 0x0000000090400000|  0%| F|  |TAMS 0x0000000090300000| PB 0x0000000090300000| Untracked 
| 260|0x0000000090400000, 0x0000000090400000, 0x0000000090500000|  0%| F|  |TAMS 0x0000000090400000| PB 0x0000000090400000| Untracked 
| 261|0x0000000090500000, 0x0000000090500000, 0x0000000090600000|  0%| F|  |TAMS 0x0000000090500000| PB 0x0000000090500000| Untracked 
| 262|0x0000000090600000, 0x0000000090600000, 0x0000000090700000|  0%| F|  |TAMS 0x0000000090600000| PB 0x0000000090600000| Untracked 
| 263|0x0000000090700000, 0x0000000090700000, 0x0000000090800000|  0%| F|  |TAMS 0x0000000090700000| PB 0x0000000090700000| Untracked 
| 264|0x0000000090800000, 0x0000000090800000, 0x0000000090900000|  0%| F|  |TAMS 0x0000000090800000| PB 0x0000000090800000| Untracked 
| 265|0x0000000090900000, 0x0000000090900000, 0x0000000090a00000|  0%| F|  |TAMS 0x0000000090900000| PB 0x0000000090900000| Untracked 
| 266|0x0000000090a00000, 0x0000000090a00000, 0x0000000090b00000|  0%| F|  |TAMS 0x0000000090a00000| PB 0x0000000090a00000| Untracked 
| 267|0x0000000090b00000, 0x0000000090b00000, 0x0000000090c00000|  0%| F|  |TAMS 0x0000000090b00000| PB 0x0000000090b00000| Untracked 
| 268|0x0000000090c00000, 0x0000000090c00000, 0x0000000090d00000|  0%| F|  |TAMS 0x0000000090c00000| PB 0x0000000090c00000| Untracked 
| 269|0x0000000090d00000, 0x0000000090d00000, 0x0000000090e00000|  0%| F|  |TAMS 0x0000000090d00000| PB 0x0000000090d00000| Untracked 
| 270|0x0000000090e00000, 0x0000000090e00000, 0x0000000090f00000|  0%| F|  |TAMS 0x0000000090e00000| PB 0x0000000090e00000| Untracked 
| 271|0x0000000090f00000, 0x0000000090f00000, 0x0000000091000000|  0%| F|  |TAMS 0x0000000090f00000| PB 0x0000000090f00000| Untracked 
| 272|0x0000000091000000, 0x0000000091000000, 0x0000000091100000|  0%| F|  |TAMS 0x0000000091000000| PB 0x0000000091000000| Untracked 
| 273|0x0000000091100000, 0x0000000091100000, 0x0000000091200000|  0%| F|  |TAMS 0x0000000091100000| PB 0x0000000091100000| Untracked 
| 274|0x0000000091200000, 0x0000000091200000, 0x0000000091300000|  0%| F|  |TAMS 0x0000000091200000| PB 0x0000000091200000| Untracked 
| 275|0x0000000091300000, 0x0000000091300000, 0x0000000091400000|  0%| F|  |TAMS 0x0000000091300000| PB 0x0000000091300000| Untracked 
| 276|0x0000000091400000, 0x0000000091400000, 0x0000000091500000|  0%| F|  |TAMS 0x0000000091400000| PB 0x0000000091400000| Untracked 
| 277|0x0000000091500000, 0x0000000091500000, 0x0000000091600000|  0%| F|  |TAMS 0x0000000091500000| PB 0x0000000091500000| Untracked 
| 278|0x0000000091600000, 0x0000000091600000, 0x0000000091700000|  0%| F|  |TAMS 0x0000000091600000| PB 0x0000000091600000| Untracked 
| 279|0x0000000091700000, 0x0000000091700000, 0x0000000091800000|  0%| F|  |TAMS 0x0000000091700000| PB 0x0000000091700000| Untracked 
| 280|0x0000000091800000, 0x0000000091800000, 0x0000000091900000|  0%| F|  |TAMS 0x0000000091800000| PB 0x0000000091800000| Untracked 
| 281|0x0000000091900000, 0x0000000091900000, 0x0000000091a00000|  0%| F|  |TAMS 0x0000000091900000| PB 0x0000000091900000| Untracked 
| 282|0x0000000091a00000, 0x0000000091a00000, 0x0000000091b00000|  0%| F|  |TAMS 0x0000000091a00000| PB 0x0000000091a00000| Untracked 
| 283|0x0000000091b00000, 0x0000000091b00000, 0x0000000091c00000|  0%| F|  |TAMS 0x0000000091b00000| PB 0x0000000091b00000| Untracked 
| 284|0x0000000091c00000, 0x0000000091c00000, 0x0000000091d00000|  0%| F|  |TAMS 0x0000000091c00000| PB 0x0000000091c00000| Untracked 
| 285|0x0000000091d00000, 0x0000000091d00000, 0x0000000091e00000|  0%| F|  |TAMS 0x0000000091d00000| PB 0x0000000091d00000| Untracked 
| 286|0x0000000091e00000, 0x0000000091e00000, 0x0000000091f00000|  0%| F|  |TAMS 0x0000000091e00000| PB 0x0000000091e00000| Untracked 
| 287|0x0000000091f00000, 0x0000000091f00000, 0x0000000092000000|  0%| F|  |TAMS 0x0000000091f00000| PB 0x0000000091f00000| Untracked 
| 288|0x0000000092000000, 0x0000000092000000, 0x0000000092100000|  0%| F|  |TAMS 0x0000000092000000| PB 0x0000000092000000| Untracked 
| 289|0x0000000092100000, 0x0000000092100000, 0x0000000092200000|  0%| F|  |TAMS 0x0000000092100000| PB 0x0000000092100000| Untracked 
| 290|0x0000000092200000, 0x0000000092200000, 0x0000000092300000|  0%| F|  |TAMS 0x0000000092200000| PB 0x0000000092200000| Untracked 
| 291|0x0000000092300000, 0x0000000092300000, 0x0000000092400000|  0%| F|  |TAMS 0x0000000092300000| PB 0x0000000092300000| Untracked 
| 292|0x0000000092400000, 0x0000000092400000, 0x0000000092500000|  0%| F|  |TAMS 0x0000000092400000| PB 0x0000000092400000| Untracked 
| 293|0x0000000092500000, 0x0000000092500000, 0x0000000092600000|  0%| F|  |TAMS 0x0000000092500000| PB 0x0000000092500000| Untracked 
| 294|0x0000000092600000, 0x0000000092600000, 0x0000000092700000|  0%| F|  |TAMS 0x0000000092600000| PB 0x0000000092600000| Untracked 
| 295|0x0000000092700000, 0x0000000092700000, 0x0000000092800000|  0%| F|  |TAMS 0x0000000092700000| PB 0x0000000092700000| Untracked 
| 296|0x0000000092800000, 0x0000000092800000, 0x0000000092900000|  0%| F|  |TAMS 0x0000000092800000| PB 0x0000000092800000| Untracked 
| 297|0x0000000092900000, 0x0000000092900000, 0x0000000092a00000|  0%| F|  |TAMS 0x0000000092900000| PB 0x0000000092900000| Untracked 
| 298|0x0000000092a00000, 0x0000000092a00000, 0x0000000092b00000|  0%| F|  |TAMS 0x0000000092a00000| PB 0x0000000092a00000| Untracked 
| 299|0x0000000092b00000, 0x0000000092b00000, 0x0000000092c00000|  0%| F|  |TAMS 0x0000000092b00000| PB 0x0000000092b00000| Untracked 
| 300|0x0000000092c00000, 0x0000000092c00000, 0x0000000092d00000|  0%| F|  |TAMS 0x0000000092c00000| PB 0x0000000092c00000| Untracked 
| 301|0x0000000092d00000, 0x0000000092d00000, 0x0000000092e00000|  0%| F|  |TAMS 0x0000000092d00000| PB 0x0000000092d00000| Untracked 
| 302|0x0000000092e00000, 0x0000000092e00000, 0x0000000092f00000|  0%| F|  |TAMS 0x0000000092e00000| PB 0x0000000092e00000| Untracked 
| 303|0x0000000092f00000, 0x0000000092f00000, 0x0000000093000000|  0%| F|  |TAMS 0x0000000092f00000| PB 0x0000000092f00000| Untracked 
| 304|0x0000000093000000, 0x0000000093000000, 0x0000000093100000|  0%| F|  |TAMS 0x0000000093000000| PB 0x0000000093000000| Untracked 
| 305|0x0000000093100000, 0x0000000093100000, 0x0000000093200000|  0%| F|  |TAMS 0x0000000093100000| PB 0x0000000093100000| Untracked 
| 306|0x0000000093200000, 0x0000000093200000, 0x0000000093300000|  0%| F|  |TAMS 0x0000000093200000| PB 0x0000000093200000| Untracked 
| 307|0x0000000093300000, 0x0000000093300000, 0x0000000093400000|  0%| F|  |TAMS 0x0000000093300000| PB 0x0000000093300000| Untracked 
| 308|0x0000000093400000, 0x0000000093400000, 0x0000000093500000|  0%| F|  |TAMS 0x0000000093400000| PB 0x0000000093400000| Untracked 
| 309|0x0000000093500000, 0x0000000093500000, 0x0000000093600000|  0%| F|  |TAMS 0x0000000093500000| PB 0x0000000093500000| Untracked 
| 310|0x0000000093600000, 0x0000000093600000, 0x0000000093700000|  0%| F|  |TAMS 0x0000000093600000| PB 0x0000000093600000| Untracked 
| 311|0x0000000093700000, 0x0000000093700000, 0x0000000093800000|  0%| F|  |TAMS 0x0000000093700000| PB 0x0000000093700000| Untracked 
| 312|0x0000000093800000, 0x0000000093800000, 0x0000000093900000|  0%| F|  |TAMS 0x0000000093800000| PB 0x0000000093800000| Untracked 
| 313|0x0000000093900000, 0x0000000093900000, 0x0000000093a00000|  0%| F|  |TAMS 0x0000000093900000| PB 0x0000000093900000| Untracked 
| 314|0x0000000093a00000, 0x0000000093a00000, 0x0000000093b00000|  0%| F|  |TAMS 0x0000000093a00000| PB 0x0000000093a00000| Untracked 
| 315|0x0000000093b00000, 0x0000000093b00000, 0x0000000093c00000|  0%| F|  |TAMS 0x0000000093b00000| PB 0x0000000093b00000| Untracked 
| 316|0x0000000093c00000, 0x0000000093c00000, 0x0000000093d00000|  0%| F|  |TAMS 0x0000000093c00000| PB 0x0000000093c00000| Untracked 
| 317|0x0000000093d00000, 0x0000000093d00000, 0x0000000093e00000|  0%| F|  |TAMS 0x0000000093d00000| PB 0x0000000093d00000| Untracked 
| 318|0x0000000093e00000, 0x0000000093e00000, 0x0000000093f00000|  0%| F|  |TAMS 0x0000000093e00000| PB 0x0000000093e00000| Untracked 
| 319|0x0000000093f00000, 0x0000000093f00000, 0x0000000094000000|  0%| F|  |TAMS 0x0000000093f00000| PB 0x0000000093f00000| Untracked 
| 320|0x0000000094000000, 0x0000000094000000, 0x0000000094100000|  0%| F|  |TAMS 0x0000000094000000| PB 0x0000000094000000| Untracked 
| 321|0x0000000094100000, 0x0000000094100000, 0x0000000094200000|  0%| F|  |TAMS 0x0000000094100000| PB 0x0000000094100000| Untracked 
| 322|0x0000000094200000, 0x0000000094200000, 0x0000000094300000|  0%| F|  |TAMS 0x0000000094200000| PB 0x0000000094200000| Untracked 
| 323|0x0000000094300000, 0x0000000094300000, 0x0000000094400000|  0%| F|  |TAMS 0x0000000094300000| PB 0x0000000094300000| Untracked 
| 324|0x0000000094400000, 0x0000000094400000, 0x0000000094500000|  0%| F|  |TAMS 0x0000000094400000| PB 0x0000000094400000| Untracked 
| 325|0x0000000094500000, 0x0000000094500000, 0x0000000094600000|  0%| F|  |TAMS 0x0000000094500000| PB 0x0000000094500000| Untracked 
| 326|0x0000000094600000, 0x0000000094600000, 0x0000000094700000|  0%| F|  |TAMS 0x0000000094600000| PB 0x0000000094600000| Untracked 
| 327|0x0000000094700000, 0x0000000094700000, 0x0000000094800000|  0%| F|  |TAMS 0x0000000094700000| PB 0x0000000094700000| Untracked 
| 328|0x0000000094800000, 0x0000000094800000, 0x0000000094900000|  0%| F|  |TAMS 0x0000000094800000| PB 0x0000000094800000| Untracked 
| 329|0x0000000094900000, 0x0000000094900000, 0x0000000094a00000|  0%| F|  |TAMS 0x0000000094900000| PB 0x0000000094900000| Untracked 
| 330|0x0000000094a00000, 0x0000000094a00000, 0x0000000094b00000|  0%| F|  |TAMS 0x0000000094a00000| PB 0x0000000094a00000| Untracked 
| 331|0x0000000094b00000, 0x0000000094b00000, 0x0000000094c00000|  0%| F|  |TAMS 0x0000000094b00000| PB 0x0000000094b00000| Untracked 
| 332|0x0000000094c00000, 0x0000000094c00000, 0x0000000094d00000|  0%| F|  |TAMS 0x0000000094c00000| PB 0x0000000094c00000| Untracked 
| 333|0x0000000094d00000, 0x0000000094d00000, 0x0000000094e00000|  0%| F|  |TAMS 0x0000000094d00000| PB 0x0000000094d00000| Untracked 
| 334|0x0000000094e00000, 0x0000000094e00000, 0x0000000094f00000|  0%| F|  |TAMS 0x0000000094e00000| PB 0x0000000094e00000| Untracked 
| 335|0x0000000094f00000, 0x0000000094f00000, 0x0000000095000000|  0%| F|  |TAMS 0x0000000094f00000| PB 0x0000000094f00000| Untracked 
| 336|0x0000000095000000, 0x0000000095000000, 0x0000000095100000|  0%| F|  |TAMS 0x0000000095000000| PB 0x0000000095000000| Untracked 
| 337|0x0000000095100000, 0x0000000095100000, 0x0000000095200000|  0%| F|  |TAMS 0x0000000095100000| PB 0x0000000095100000| Untracked 
| 338|0x0000000095200000, 0x0000000095200000, 0x0000000095300000|  0%| F|  |TAMS 0x0000000095200000| PB 0x0000000095200000| Untracked 
| 339|0x0000000095300000, 0x0000000095300000, 0x0000000095400000|  0%| F|  |TAMS 0x0000000095300000| PB 0x0000000095300000| Untracked 
| 340|0x0000000095400000, 0x0000000095400000, 0x0000000095500000|  0%| F|  |TAMS 0x0000000095400000| PB 0x0000000095400000| Untracked 
| 341|0x0000000095500000, 0x0000000095500000, 0x0000000095600000|  0%| F|  |TAMS 0x0000000095500000| PB 0x0000000095500000| Untracked 
| 342|0x0000000095600000, 0x0000000095600000, 0x0000000095700000|  0%| F|  |TAMS 0x0000000095600000| PB 0x0000000095600000| Untracked 
| 343|0x0000000095700000, 0x0000000095700000, 0x0000000095800000|  0%| F|  |TAMS 0x0000000095700000| PB 0x0000000095700000| Untracked 
| 344|0x0000000095800000, 0x0000000095800000, 0x0000000095900000|  0%| F|  |TAMS 0x0000000095800000| PB 0x0000000095800000| Untracked 
| 345|0x0000000095900000, 0x0000000095900000, 0x0000000095a00000|  0%| F|  |TAMS 0x0000000095900000| PB 0x0000000095900000| Untracked 
| 346|0x0000000095a00000, 0x0000000095a00000, 0x0000000095b00000|  0%| F|  |TAMS 0x0000000095a00000| PB 0x0000000095a00000| Untracked 
| 347|0x0000000095b00000, 0x0000000095b00000, 0x0000000095c00000|  0%| F|  |TAMS 0x0000000095b00000| PB 0x0000000095b00000| Untracked 
| 348|0x0000000095c00000, 0x0000000095c00000, 0x0000000095d00000|  0%| F|  |TAMS 0x0000000095c00000| PB 0x0000000095c00000| Untracked 
| 349|0x0000000095d00000, 0x0000000095d00000, 0x0000000095e00000|  0%| F|  |TAMS 0x0000000095d00000| PB 0x0000000095d00000| Untracked 
| 350|0x0000000095e00000, 0x0000000095e00000, 0x0000000095f00000|  0%| F|  |TAMS 0x0000000095e00000| PB 0x0000000095e00000| Untracked 
| 351|0x0000000095f00000, 0x0000000095f00000, 0x0000000096000000|  0%| F|  |TAMS 0x0000000095f00000| PB 0x0000000095f00000| Untracked 
| 352|0x0000000096000000, 0x0000000096000000, 0x0000000096100000|  0%| F|  |TAMS 0x0000000096000000| PB 0x0000000096000000| Untracked 
| 353|0x0000000096100000, 0x0000000096100000, 0x0000000096200000|  0%| F|  |TAMS 0x0000000096100000| PB 0x0000000096100000| Untracked 
| 354|0x0000000096200000, 0x0000000096200000, 0x0000000096300000|  0%| F|  |TAMS 0x0000000096200000| PB 0x0000000096200000| Untracked 
| 355|0x0000000096300000, 0x0000000096300000, 0x0000000096400000|  0%| F|  |TAMS 0x0000000096300000| PB 0x0000000096300000| Untracked 
| 356|0x0000000096400000, 0x0000000096400000, 0x0000000096500000|  0%| F|  |TAMS 0x0000000096400000| PB 0x0000000096400000| Untracked 
| 357|0x0000000096500000, 0x00000000965ab770, 0x0000000096600000| 66%| S|CS|TAMS 0x0000000096500000| PB 0x0000000096500000| Complete 
| 358|0x0000000096600000, 0x0000000096700000, 0x0000000096700000|100%| S|CS|TAMS 0x0000000096600000| PB 0x0000000096600000| Complete 
| 359|0x0000000096700000, 0x0000000096800000, 0x0000000096800000|100%| S|CS|TAMS 0x0000000096700000| PB 0x0000000096700000| Complete 
| 360|0x0000000096800000, 0x0000000096900000, 0x0000000096900000|100%| S|CS|TAMS 0x0000000096800000| PB 0x0000000096800000| Complete 
| 361|0x0000000096900000, 0x0000000096a00000, 0x0000000096a00000|100%| S|CS|TAMS 0x0000000096900000| PB 0x0000000096900000| Complete 
| 362|0x0000000096a00000, 0x0000000096b00000, 0x0000000096b00000|100%| S|CS|TAMS 0x0000000096a00000| PB 0x0000000096a00000| Complete 
| 363|0x0000000096b00000, 0x0000000096c00000, 0x0000000096c00000|100%| S|CS|TAMS 0x0000000096b00000| PB 0x0000000096b00000| Complete 
| 364|0x0000000096c00000, 0x0000000096d00000, 0x0000000096d00000|100%| S|CS|TAMS 0x0000000096c00000| PB 0x0000000096c00000| Complete 
| 365|0x0000000096d00000, 0x0000000096e00000, 0x0000000096e00000|100%| S|CS|TAMS 0x0000000096d00000| PB 0x0000000096d00000| Complete 
| 366|0x0000000096e00000, 0x0000000096f00000, 0x0000000096f00000|100%| S|CS|TAMS 0x0000000096e00000| PB 0x0000000096e00000| Complete 
| 367|0x0000000096f00000, 0x0000000097000000, 0x0000000097000000|100%| S|CS|TAMS 0x0000000096f00000| PB 0x0000000096f00000| Complete 
| 368|0x0000000097000000, 0x0000000097000000, 0x0000000097100000|  0%| F|  |TAMS 0x0000000097000000| PB 0x0000000097000000| Untracked 
| 369|0x0000000097100000, 0x0000000097100000, 0x0000000097200000|  0%| F|  |TAMS 0x0000000097100000| PB 0x0000000097100000| Untracked 
| 370|0x0000000097200000, 0x0000000097200000, 0x0000000097300000|  0%| F|  |TAMS 0x0000000097200000| PB 0x0000000097200000| Untracked 
|2012|0x00000000fdc00000, 0x00000000fdd00000, 0x00000000fdd00000|100%| O|  |TAMS 0x00000000fdd00000| PB 0x00000000fdc00000| Untracked 
|2013|0x00000000fdd00000, 0x00000000fde00000, 0x00000000fde00000|100%| O|  |TAMS 0x00000000fde00000| PB 0x00000000fdd00000| Untracked 
|2014|0x00000000fde00000, 0x00000000fdf00000, 0x00000000fdf00000|100%| O|  |TAMS 0x00000000fdf00000| PB 0x00000000fde00000| Untracked 
|2015|0x00000000fdf00000, 0x00000000fe000000, 0x00000000fe000000|100%| O|  |TAMS 0x00000000fe000000| PB 0x00000000fdf00000| Untracked 
|2016|0x00000000fe000000, 0x00000000fe100000, 0x00000000fe100000|100%| O|  |TAMS 0x00000000fe100000| PB 0x00000000fe000000| Untracked 
|2017|0x00000000fe100000, 0x00000000fe200000, 0x00000000fe200000|100%| O|  |TAMS 0x00000000fe200000| PB 0x00000000fe100000| Untracked 
|2018|0x00000000fe200000, 0x00000000fe300000, 0x00000000fe300000|100%| O|  |TAMS 0x00000000fe300000| PB 0x00000000fe200000| Untracked 
|2019|0x00000000fe300000, 0x00000000fe400000, 0x00000000fe400000|100%| O|  |TAMS 0x00000000fe400000| PB 0x00000000fe300000| Untracked 
|2020|0x00000000fe400000, 0x00000000fe500000, 0x00000000fe500000|100%| O|  |TAMS 0x00000000fe500000| PB 0x00000000fe400000| Untracked 
|2021|0x00000000fe500000, 0x00000000fe600000, 0x00000000fe600000|100%| O|  |TAMS 0x00000000fe600000| PB 0x00000000fe500000| Untracked 
|2022|0x00000000fe600000, 0x00000000fe700000, 0x00000000fe700000|100%| O|  |TAMS 0x00000000fe700000| PB 0x00000000fe600000| Untracked 
|2023|0x00000000fe700000, 0x00000000fe800000, 0x00000000fe800000|100%| O|  |TAMS 0x00000000fe800000| PB 0x00000000fe700000| Untracked 
|2024|0x00000000fe800000, 0x00000000fe900000, 0x00000000fe900000|100%| O|  |TAMS 0x00000000fe900000| PB 0x00000000fe800000| Untracked 
|2025|0x00000000fe900000, 0x00000000fea00000, 0x00000000fea00000|100%| O|  |TAMS 0x00000000fea00000| PB 0x00000000fe900000| Untracked 
|2026|0x00000000fea00000, 0x00000000feb00000, 0x00000000feb00000|100%| O|  |TAMS 0x00000000feb00000| PB 0x00000000fea00000| Untracked 
|2027|0x00000000feb00000, 0x00000000fec00000, 0x00000000fec00000|100%| O|  |TAMS 0x00000000fec00000| PB 0x00000000feb00000| Untracked 
|2028|0x00000000fec00000, 0x00000000fec5fce0, 0x00000000fed00000| 37%| E|  |TAMS 0x00000000fec00000| PB 0x00000000fec00000| Complete 
|2029|0x00000000fed00000, 0x00000000fee00000, 0x00000000fee00000|100%| E|CS|TAMS 0x00000000fed00000| PB 0x00000000fed00000| Complete 
|2030|0x00000000fee00000, 0x00000000fef00000, 0x00000000fef00000|100%| E|CS|TAMS 0x00000000fee00000| PB 0x00000000fee00000| Complete 
|2031|0x00000000fef00000, 0x00000000ff000000, 0x00000000ff000000|100%| E|CS|TAMS 0x00000000fef00000| PB 0x00000000fef00000| Complete 
|2032|0x00000000ff000000, 0x00000000ff100000, 0x00000000ff100000|100%| E|CS|TAMS 0x00000000ff000000| PB 0x00000000ff000000| Complete 
|2033|0x00000000ff100000, 0x00000000ff200000, 0x00000000ff200000|100%| E|CS|TAMS 0x00000000ff100000| PB 0x00000000ff100000| Complete 
|2034|0x00000000ff200000, 0x00000000ff300000, 0x00000000ff300000|100%| E|CS|TAMS 0x00000000ff200000| PB 0x00000000ff200000| Complete 
|2035|0x00000000ff300000, 0x00000000ff400000, 0x00000000ff400000|100%| E|CS|TAMS 0x00000000ff300000| PB 0x00000000ff300000| Complete 
|2036|0x00000000ff400000, 0x00000000ff500000, 0x00000000ff500000|100%| E|CS|TAMS 0x00000000ff400000| PB 0x00000000ff400000| Complete 
|2037|0x00000000ff500000, 0x00000000ff600000, 0x00000000ff600000|100%| E|  |TAMS 0x00000000ff500000| PB 0x00000000ff500000| Complete 
|2038|0x00000000ff600000, 0x00000000ff700000, 0x00000000ff700000|100%| E|CS|TAMS 0x00000000ff600000| PB 0x00000000ff600000| Complete 
|2039|0x00000000ff700000, 0x00000000ff800000, 0x00000000ff800000|100%| E|CS|TAMS 0x00000000ff700000| PB 0x00000000ff700000| Complete 
|2040|0x00000000ff800000, 0x00000000ff900000, 0x00000000ff900000|100%| E|CS|TAMS 0x00000000ff800000| PB 0x00000000ff800000| Complete 
|2041|0x00000000ff900000, 0x00000000ffa00000, 0x00000000ffa00000|100%| E|CS|TAMS 0x00000000ff900000| PB 0x00000000ff900000| Complete 
|2042|0x00000000ffa00000, 0x00000000ffb00000, 0x00000000ffb00000|100%| E|CS|TAMS 0x00000000ffa00000| PB 0x00000000ffa00000| Complete 
|2043|0x00000000ffb00000, 0x00000000ffc00000, 0x00000000ffc00000|100%| E|CS|TAMS 0x00000000ffb00000| PB 0x00000000ffb00000| Complete 
|2044|0x00000000ffc00000, 0x00000000ffd00000, 0x00000000ffd00000|100%| E|CS|TAMS 0x00000000ffc00000| PB 0x00000000ffc00000| Complete 
|2045|0x00000000ffd00000, 0x00000000ffe00000, 0x00000000ffe00000|100%| E|CS|TAMS 0x00000000ffd00000| PB 0x00000000ffd00000| Complete 
|2046|0x00000000ffe00000, 0x00000000fff00000, 0x00000000fff00000|100%| E|CS|TAMS 0x00000000ffe00000| PB 0x00000000ffe00000| Complete 
|2047|0x00000000fff00000, 0x0000000100000000, 0x0000000100000000|100%| E|CS|TAMS 0x00000000fff00000| PB 0x00000000fff00000| Complete 

Card table byte_map: [0x0000024dffbb0000,0x0000024dfffb0000] _byte_map_base: 0x0000024dff7b0000

Marking Bits: (CMBitMap*) 0x0000024dfc370a70
 Bits: [0x0000024d8f000000, 0x0000024d91000000)

Polling page: 0x0000024dfa330000

Metaspace:

Usage:
  Non-class:    136.42 MB used.
      Class:     21.55 MB used.
       Both:    157.97 MB used.

Virtual space:
  Non-class space:      192.00 MB reserved,     137.25 MB ( 71%) committed,  3 nodes.
      Class space:        1.00 GB reserved,      23.12 MB (  2%) committed,  1 nodes.
             Both:        1.19 GB reserved,     160.38 MB ( 13%) committed. 

Chunk freelists:
   Non-Class:  6.50 MB
       Class:  9.73 MB
        Both:  16.23 MB

MaxMetaspaceSize: unlimited
CompressedClassSpaceSize: 1.00 GB
Initial GC threshold: 21.00 MB
Current GC threshold: 264.62 MB
CDS: off
 - commit_granule_bytes: 65536.
 - commit_granule_words: 8192.
 - virtual_space_node_default_size: 8388608.
 - enlarge_chunks_in_place: 1.
 - use_allocation_guard: 0.


Internal statistics:

num_allocs_failed_limit: 9.
num_arena_births: 5914.
num_arena_deaths: 3076.
num_vsnodes_births: 4.
num_vsnodes_deaths: 0.
num_space_committed: 2570.
num_space_uncommitted: 4.
num_chunks_returned_to_freelist: 3643.
num_chunks_taken_from_freelist: 13502.
num_chunk_merges: 1349.
num_chunk_splits: 8327.
num_chunks_enlarged: 5270.
num_inconsistent_stats: 0.

CodeHeap 'non-profiled nmethods': size=120000Kb used=19305Kb max_used=19305Kb free=100694Kb
 bounds [0x0000024d87ad0000, 0x0000024d88db0000, 0x0000024d8f000000]
CodeHeap 'profiled nmethods': size=120000Kb used=53028Kb max_used=53028Kb free=66971Kb
 bounds [0x0000024d80000000, 0x0000024d833d0000, 0x0000024d87530000]
CodeHeap 'non-nmethods': size=5760Kb used=3021Kb max_used=3122Kb free=2738Kb
 bounds [0x0000024d87530000, 0x0000024d87850000, 0x0000024d87ad0000]
CodeCache: size=245760Kb, used=75354Kb, max_used=75455Kb, free=170403Kb
 total_blobs=26113, nmethods=25018, adapters=996, full_count=0
Compilation: enabled, stopped_count=0, restarted_count=0

Compilation events (20 events):
Event: 5431.450 Thread 0x0000024d93c3a830 32829       3       com.android.tools.r8.graph.k7::c (25 bytes)
Event: 5431.450 Thread 0x0000024d93c3a830 nmethod 32829 0x0000024d833ad510 code [0x0000024d833ad700, 0x0000024d833adc60]
Event: 5431.450 Thread 0x0000024d93c3a830 32805       3       com.android.tools.r8.internal.sc::a (49 bytes)
Event: 5431.451 Thread 0x0000024d93c3a830 nmethod 32805 0x0000024d833ade90 code [0x0000024d833ae080, 0x0000024d833ae540]
Event: 5431.451 Thread 0x0000024d93c3a830 32893       3       com.android.tools.r8.graph.r1::a (13 bytes)
Event: 5431.451 Thread 0x0000024d93c3a830 nmethod 32893 0x0000024d833ae710 code [0x0000024d833ae8e0, 0x0000024d833aec28]
Event: 5431.451 Thread 0x0000024d93c3a830 32886       3       com.android.tools.r8.graph.f3::hashCode (8 bytes)
Event: 5431.451 Thread 0x0000024d93c3a830 nmethod 32886 0x0000024d833aed90 code [0x0000024d833aef40, 0x0000024d833af078]
Event: 5431.451 Thread 0x0000024d93c3a830 32862       3       com.android.tools.r8.internal.w3::<init> (5 bytes)
Event: 5431.451 Thread 0x0000024d93c3a830 nmethod 32862 0x0000024d833af110 code [0x0000024d833af2c0, 0x0000024d833af428]
Event: 5431.451 Thread 0x0000024d93c3a830 32915       2       java.util.Collections$SetFromMap::toArray (10 bytes)
Event: 5431.452 Thread 0x0000024d93c3a830 nmethod 32915 0x0000024d833af510 code [0x0000024d833af6c0, 0x0000024d833af7f8]
Event: 5431.452 Thread 0x0000024d93c3a830 32742       3       com.android.tools.r8.graph.u3::a (15 bytes)
Event: 5431.452 Thread 0x0000024d93c3a830 nmethod 32742 0x0000024d833af890 code [0x0000024d833afa40, 0x0000024d833afbc0]
Event: 5431.452 Thread 0x0000024d93c3a830 32734       2       com.android.tools.r8.internal.r31::a (194 bytes)
Event: 5431.454 Thread 0x0000024d93c3a830 nmethod 32734 0x0000024d833afc90 code [0x0000024d833afea0, 0x0000024d833b0318]
Event: 5431.454 Thread 0x0000024d93c3a830 32712       2       com.android.tools.r8.internal.dl::B (5 bytes)
Event: 5431.454 Thread 0x0000024d93c3a830 nmethod 32712 0x0000024d833b0790 code [0x0000024d833b0920, 0x0000024d833b0a28]
Event: 5431.454 Thread 0x0000024d93c3a830 32914       2       com.android.tools.r8.internal.zh1::a (17 bytes)
Event: 5431.454 Thread 0x0000024d93c3a830 nmethod 32914 0x0000024d833b0b10 code [0x0000024d833b0ca0, 0x0000024d833b0e00]

GC Heap History (20 events):
Event: 581.767 GC heap before
{Heap before GC invocations=71 (full 0):
 garbage-first heap   total 361472K, used 341322K [0x0000000080000000, 0x0000000100000000)
  region size 1024K, 151 young (154624K), 5 survivors (5120K)
 Metaspace       used 158607K, committed 161024K, reserved 1245184K
  class space    used 22453K, committed 23616K, reserved 1048576K
}
Event: 581.964 GC heap after
{Heap after GC invocations=72 (full 0):
 garbage-first heap   total 361472K, used 170314K [0x0000000080000000, 0x0000000100000000)
  region size 1024K, 8 young (8192K), 8 survivors (8192K)
 Metaspace       used 158607K, committed 161024K, reserved 1245184K
  class space    used 22453K, committed 23616K, reserved 1048576K
}
Event: 1132.272 GC heap before
{Heap before GC invocations=72 (full 0):
 garbage-first heap   total 361472K, used 356682K [0x0000000080000000, 0x0000000100000000)
  region size 1024K, 166 young (169984K), 8 survivors (8192K)
 Metaspace       used 159601K, committed 162048K, reserved 1245184K
  class space    used 22488K, committed 23680K, reserved 1048576K
}
Event: 1132.420 GC heap after
{Heap after GC invocations=73 (full 0):
 garbage-first heap   total 365568K, used 158641K [0x0000000080000000, 0x0000000100000000)
  region size 1024K, 5 young (5120K), 5 survivors (5120K)
 Metaspace       used 159601K, committed 162048K, reserved 1245184K
  class space    used 22488K, committed 23680K, reserved 1048576K
}
Event: 3412.083 GC heap before
{Heap before GC invocations=73 (full 0):
 garbage-first heap   total 365568K, used 308145K [0x0000000080000000, 0x0000000100000000)
  region size 1024K, 153 young (156672K), 5 survivors (5120K)
 Metaspace       used 160003K, committed 162432K, reserved 1245184K
  class space    used 22490K, committed 23680K, reserved 1048576K
}
Event: 3412.196 GC heap after
{Heap after GC invocations=74 (full 0):
 garbage-first heap   total 365568K, used 166932K [0x0000000080000000, 0x0000000100000000)
  region size 1024K, 15 young (15360K), 15 survivors (15360K)
 Metaspace       used 160003K, committed 162432K, reserved 1245184K
  class space    used 22490K, committed 23680K, reserved 1048576K
}
Event: 3415.713 GC heap before
{Heap before GC invocations=75 (full 0):
 garbage-first heap   total 365568K, used 245780K [0x0000000080000000, 0x0000000100000000)
  region size 1024K, 89 young (91136K), 15 survivors (15360K)
 Metaspace       used 157064K, committed 162560K, reserved 1245184K
  class space    used 21684K, committed 23680K, reserved 1048576K
}
Event: 3415.776 GC heap after
{Heap after GC invocations=76 (full 0):
 garbage-first heap   total 365568K, used 169252K [0x0000000080000000, 0x0000000100000000)
  region size 1024K, 5 young (5120K), 5 survivors (5120K)
 Metaspace       used 157064K, committed 162560K, reserved 1245184K
  class space    used 21684K, committed 23680K, reserved 1048576K
}
Event: 3931.235 GC heap before
{Heap before GC invocations=76 (full 0):
 garbage-first heap   total 365568K, used 358692K [0x0000000080000000, 0x0000000100000000)
  region size 1024K, 172 young (176128K), 5 survivors (5120K)
 Metaspace       used 159077K, committed 162688K, reserved 1245184K
  class space    used 21968K, committed 23680K, reserved 1048576K
}
Event: 3931.344 GC heap after
{Heap after GC invocations=77 (full 0):
 garbage-first heap   total 378880K, used 165094K [0x0000000080000000, 0x0000000100000000)
  region size 1024K, 11 young (11264K), 11 survivors (11264K)
 Metaspace       used 159077K, committed 162688K, reserved 1245184K
  class space    used 21968K, committed 23680K, reserved 1048576K
}
Event: 4090.954 GC heap before
{Heap before GC invocations=77 (full 0):
 garbage-first heap   total 378880K, used 371942K [0x0000000080000000, 0x0000000100000000)
  region size 1024K, 189 young (193536K), 11 survivors (11264K)
 Metaspace       used 159828K, committed 162752K, reserved 1245184K
  class space    used 22007K, committed 23680K, reserved 1048576K
}
Event: 4091.139 GC heap after
{Heap after GC invocations=78 (full 0):
 garbage-first heap   total 390144K, used 161194K [0x0000000080000000, 0x0000000100000000)
  region size 1024K, 10 young (10240K), 10 survivors (10240K)
 Metaspace       used 159828K, committed 162752K, reserved 1245184K
  class space    used 22007K, committed 23680K, reserved 1048576K
}
Event: 4604.901 GC heap before
{Heap before GC invocations=78 (full 0):
 garbage-first heap   total 390144K, used 365994K [0x0000000080000000, 0x0000000100000000)
  region size 1024K, 186 young (190464K), 10 survivors (10240K)
 Metaspace       used 160572K, committed 163008K, reserved 1245184K
  class space    used 22033K, committed 23680K, reserved 1048576K
}
Event: 4605.074 GC heap after
{Heap after GC invocations=79 (full 0):
 garbage-first heap   total 390144K, used 157135K [0x0000000080000000, 0x0000000100000000)
  region size 1024K, 7 young (7168K), 7 survivors (7168K)
 Metaspace       used 160572K, committed 163008K, reserved 1245184K
  class space    used 22033K, committed 23680K, reserved 1048576K
}
Event: 5427.383 GC heap before
{Heap before GC invocations=79 (full 0):
 garbage-first heap   total 390144K, used 388559K [0x0000000080000000, 0x0000000100000000)
  region size 1024K, 206 young (210944K), 7 survivors (7168K)
 Metaspace       used 160986K, committed 163520K, reserved 1245184K
  class space    used 22044K, committed 23680K, reserved 1048576K
}
Event: 5427.503 GC heap after
{Heap after GC invocations=80 (full 0):
 garbage-first heap   total 416768K, used 167769K [0x0000000080000000, 0x0000000100000000)
  region size 1024K, 22 young (22528K), 22 survivors (22528K)
 Metaspace       used 160986K, committed 163520K, reserved 1245184K
  class space    used 22044K, committed 23680K, reserved 1048576K
}
Event: 5431.006 GC heap before
{Heap before GC invocations=80 (full 0):
 garbage-first heap   total 416768K, used 379737K [0x0000000080000000, 0x0000000100000000)
  region size 1024K, 222 young (227328K), 22 survivors (22528K)
 Metaspace       used 161704K, committed 164160K, reserved 1245184K
  class space    used 22067K, committed 23680K, reserved 1048576K
}
Event: 5431.051 GC heap after
{Heap after GC invocations=81 (full 0):
 garbage-first heap   total 416768K, used 180549K [0x0000000080000000, 0x0000000100000000)
  region size 1024K, 15 young (15360K), 15 survivors (15360K)
 Metaspace       used 161704K, committed 164160K, reserved 1245184K
  class space    used 22067K, committed 23680K, reserved 1048576K
}
Event: 5431.147 GC heap before
{Heap before GC invocations=81 (full 0):
 garbage-first heap   total 416768K, used 202053K [0x0000000080000000, 0x0000000100000000)
  region size 1024K, 38 young (38912K), 15 survivors (15360K)
 Metaspace       used 161734K, committed 164224K, reserved 1245184K
  class space    used 22067K, committed 23680K, reserved 1048576K
}
Event: 5431.164 GC heap after
{Heap after GC invocations=82 (full 0):
 garbage-first heap   total 416768K, used 174654K [0x0000000080000000, 0x0000000100000000)
  region size 1024K, 11 young (11264K), 11 survivors (11264K)
 Metaspace       used 161734K, committed 164224K, reserved 1245184K
  class space    used 22067K, committed 23680K, reserved 1048576K
}

Dll operation events (3 events):
Event: 0.065 Loaded shared library D:\Android\jbr\bin\java.dll
Event: 0.071 Loaded shared library D:\Android\jbr\bin\zip.dll
Event: 0.476 Loaded shared library D:\Android\jbr\bin\verify.dll

Deoptimization events (20 events):
Event: 5431.056 Thread 0x0000024da4c43870 DEOPT PACKING pc=0x0000024d80387b48 sp=0x000000ae4b7fcac0
Event: 5431.056 Thread 0x0000024da4c43870 DEOPT UNPACKING pc=0x0000024d87584e42 sp=0x000000ae4b7fbf78 mode 0
Event: 5431.072 Thread 0x0000024da4c3f6d0 DEOPT PACKING pc=0x0000024d822a8fb5 sp=0x000000ae4b6fbb70
Event: 5431.072 Thread 0x0000024da4c3f6d0 DEOPT UNPACKING pc=0x0000024d87584e42 sp=0x000000ae4b6fb288 mode 0
Event: 5431.073 Thread 0x0000024d98ded780 DEOPT PACKING pc=0x0000024d823e9318 sp=0x000000ae4d2fd290
Event: 5431.073 Thread 0x0000024d98ded780 DEOPT UNPACKING pc=0x0000024d87584e42 sp=0x000000ae4d2fc7c0 mode 0
Event: 5431.074 Thread 0x0000024d98ded780 DEOPT PACKING pc=0x0000024d80387b48 sp=0x000000ae4d2fcf20
Event: 5431.074 Thread 0x0000024d98ded780 DEOPT UNPACKING pc=0x0000024d87584e42 sp=0x000000ae4d2fc3d8 mode 0
Event: 5431.087 Thread 0x0000024d98ded780 DEOPT PACKING pc=0x0000024d80387b48 sp=0x000000ae4d2fced0
Event: 5431.087 Thread 0x0000024d98ded780 DEOPT UNPACKING pc=0x0000024d87584e42 sp=0x000000ae4d2fc388 mode 0
Event: 5431.308 Thread 0x0000024d98df1920 DEOPT PACKING pc=0x0000024d80387b48 sp=0x000000ae4d0fcea0
Event: 5431.309 Thread 0x0000024d98df1920 DEOPT UNPACKING pc=0x0000024d87584e42 sp=0x000000ae4d0fc358 mode 0
Event: 5431.346 Thread 0x0000024d98deca60 DEOPT PACKING pc=0x0000024d80387b48 sp=0x000000ae4cdfcfb0
Event: 5431.346 Thread 0x0000024d98deca60 DEOPT UNPACKING pc=0x0000024d87584e42 sp=0x000000ae4cdfc468 mode 0
Event: 5431.349 Thread 0x0000024d98df1920 DEOPT PACKING pc=0x0000024d82407c56 sp=0x000000ae4d0fce70
Event: 5431.349 Thread 0x0000024d98df1920 DEOPT UNPACKING pc=0x0000024d87584e42 sp=0x000000ae4d0fc3b8 mode 0
Event: 5431.351 Thread 0x0000024d98df1920 DEOPT PACKING pc=0x0000024d824392ac sp=0x000000ae4d0fcdc0
Event: 5431.351 Thread 0x0000024d98df1920 DEOPT UNPACKING pc=0x0000024d87584e42 sp=0x000000ae4d0fc398 mode 0
Event: 5431.386 Thread 0x0000024d98df1920 DEOPT PACKING pc=0x0000024d82426fec sp=0x000000ae4d0fcb70
Event: 5431.386 Thread 0x0000024d98df1920 DEOPT UNPACKING pc=0x0000024d87584e42 sp=0x000000ae4d0fc030 mode 0

Classes loaded (20 events):
Event: 192.312 Loading class java/util/concurrent/CountedCompleter
Event: 192.313 Loading class java/util/concurrent/CountedCompleter done
Event: 192.330 Loading class java/nio/BufferOverflowException
Event: 192.330 Loading class java/nio/BufferOverflowException done
Event: 192.335 Loading class java/security/DigestException
Event: 192.336 Loading class java/security/DigestException done
Event: 192.341 Loading class java/security/spec/InvalidKeySpecException
Event: 192.342 Loading class java/security/spec/InvalidKeySpecException done
Event: 192.342 Loading class java/security/InvalidAlgorithmParameterException
Event: 192.342 Loading class java/security/InvalidAlgorithmParameterException done
Event: 192.360 Loading class java/security/spec/MGF1ParameterSpec
Event: 192.364 Loading class java/security/spec/MGF1ParameterSpec done
Event: 192.378 Loading class java/util/concurrent/ForkJoinTask$AdaptedInterruptibleRunnable
Event: 192.378 Loading class java/util/concurrent/ForkJoinTask$AdaptedInterruptibleRunnable done
Event: 192.625 Loading class sun/security/rsa/RSACore$BlindingParameters
Event: 192.625 Loading class sun/security/rsa/RSACore$BlindingParameters done
Event: 192.626 Loading class sun/security/jca/JCAUtil$CachedSecureRandomHolder
Event: 192.626 Loading class sun/security/jca/JCAUtil$CachedSecureRandomHolder done
Event: 192.637 Loading class sun/security/rsa/RSACore$BlindingRandomPair
Event: 192.639 Loading class sun/security/rsa/RSACore$BlindingRandomPair done

Classes unloaded (20 events):
Event: 3413.013 Thread 0x0000024d93a4e7e0 Unloading class 0x00000001001b0000 'java/lang/invoke/LambdaForm$MH+0x00000001001b0000'
Event: 3413.013 Thread 0x0000024d93a4e7e0 Unloading class 0x00000001001a8400 'java/lang/invoke/LambdaForm$MH+0x00000001001a8400'
Event: 3413.013 Thread 0x0000024d93a4e7e0 Unloading class 0x0000000100185000 'java/lang/invoke/LambdaForm$MH+0x0000000100185000'
Event: 3413.013 Thread 0x0000024d93a4e7e0 Unloading class 0x0000000100184c00 'java/lang/invoke/LambdaForm$MH+0x0000000100184c00'
Event: 3413.013 Thread 0x0000024d93a4e7e0 Unloading class 0x0000000100184800 'java/lang/invoke/LambdaForm$MH+0x0000000100184800'
Event: 3413.013 Thread 0x0000024d93a4e7e0 Unloading class 0x000000010012dc00 'java/lang/invoke/LambdaForm$MH+0x000000010012dc00'
Event: 3413.013 Thread 0x0000024d93a4e7e0 Unloading class 0x000000010012d800 'java/lang/invoke/LambdaForm$MH+0x000000010012d800'
Event: 3413.013 Thread 0x0000024d93a4e7e0 Unloading class 0x000000010012d000 'java/lang/invoke/LambdaForm$MH+0x000000010012d000'
Event: 3413.013 Thread 0x0000024d93a4e7e0 Unloading class 0x000000010012cc00 'java/lang/invoke/LambdaForm$MH+0x000000010012cc00'
Event: 3413.013 Thread 0x0000024d93a4e7e0 Unloading class 0x0000000100114000 'java/lang/invoke/LambdaForm$DMH+0x0000000100114000'
Event: 3413.013 Thread 0x0000024d93a4e7e0 Unloading class 0x0000000100109400 'java/lang/invoke/LambdaForm$MH+0x0000000100109400'
Event: 3413.013 Thread 0x0000024d93a4e7e0 Unloading class 0x0000000100108c00 'java/lang/invoke/LambdaForm$MH+0x0000000100108c00'
Event: 3413.013 Thread 0x0000024d93a4e7e0 Unloading class 0x0000000100108800 'java/lang/invoke/LambdaForm$MH+0x0000000100108800'
Event: 3413.013 Thread 0x0000024d93a4e7e0 Unloading class 0x0000000100108400 'java/lang/invoke/LambdaForm$MH+0x0000000100108400'
Event: 3413.013 Thread 0x0000024d93a4e7e0 Unloading class 0x0000000100108000 'java/lang/invoke/LambdaForm$MH+0x0000000100108000'
Event: 3413.013 Thread 0x0000024d93a4e7e0 Unloading class 0x00000001000d8400 'java/lang/invoke/LambdaForm$MH+0x00000001000d8400'
Event: 3413.013 Thread 0x0000024d93a4e7e0 Unloading class 0x00000001000c1800 'java/lang/invoke/LambdaForm$MH+0x00000001000c1800'
Event: 3413.014 Thread 0x0000024d93a4e7e0 Unloading class 0x00000001000c1400 'java/lang/invoke/LambdaForm$MH+0x00000001000c1400'
Event: 3413.014 Thread 0x0000024d93a4e7e0 Unloading class 0x00000001000c1000 'java/lang/invoke/LambdaForm$MH+0x00000001000c1000'
Event: 3413.014 Thread 0x0000024d93a4e7e0 Unloading class 0x00000001000c0800 'java/lang/invoke/LambdaForm$MH+0x00000001000c0800'

Classes redefined (0 events):
No events

Internal exceptions (20 events):
Event: 5431.128 Thread 0x0000024da4c43870 Exception <a 'sun/nio/fs/WindowsException'{0x00000000fecd79f8}> (0x00000000fecd79f8) 
thrown [s\src\hotspot\share\prims\jni.cpp, line 537]
Event: 5431.177 Thread 0x0000024da4c3f6d0 Exception <a 'sun/nio/fs/WindowsException'{0x00000000fff6a0b0}> (0x00000000fff6a0b0) 
thrown [s\src\hotspot\share\prims\jni.cpp, line 537]
Event: 5431.180 Thread 0x0000024da4c3f6d0 Exception <a 'sun/nio/fs/WindowsException'{0x00000000fff70300}> (0x00000000fff70300) 
thrown [s\src\hotspot\share\prims\jni.cpp, line 537]
Event: 5431.192 Thread 0x0000024da4c3f6d0 Exception <a 'sun/nio/fs/WindowsException'{0x00000000fff751b0}> (0x00000000fff751b0) 
thrown [s\src\hotspot\share\prims\jni.cpp, line 537]
Event: 5431.239 Thread 0x0000024d98dec3d0 Exception <a 'sun/nio/fs/WindowsException'{0x00000000ffa8e0d0}> (0x00000000ffa8e0d0) 
thrown [s\src\hotspot\share\prims\jni.cpp, line 537]
Event: 5431.243 Thread 0x0000024d98dec3d0 Exception <a 'sun/nio/fs/WindowsException'{0x00000000ffaf17a8}> (0x00000000ffaf17a8) 
thrown [s\src\hotspot\share\prims\jni.cpp, line 537]
Event: 5431.245 Thread 0x0000024d98dec3d0 Exception <a 'sun/nio/fs/WindowsException'{0x00000000ffafd090}> (0x00000000ffafd090) 
thrown [s\src\hotspot\share\prims\jni.cpp, line 537]
Event: 5431.247 Thread 0x0000024d98dec3d0 Exception <a 'sun/nio/fs/WindowsException'{0x00000000ff9d6168}> (0x00000000ff9d6168) 
thrown [s\src\hotspot\share\prims\jni.cpp, line 537]
Event: 5431.248 Thread 0x0000024d98dec3d0 Exception <a 'sun/nio/fs/WindowsException'{0x00000000ff9dc510}> (0x00000000ff9dc510) 
thrown [s\src\hotspot\share\prims\jni.cpp, line 537]
Event: 5431.249 Thread 0x0000024d98dec3d0 Exception <a 'sun/nio/fs/WindowsException'{0x00000000ff9e2478}> (0x00000000ff9e2478) 
thrown [s\src\hotspot\share\prims\jni.cpp, line 537]
Event: 5431.251 Thread 0x0000024d98dec3d0 Exception <a 'sun/nio/fs/WindowsException'{0x00000000ff9eef88}> (0x00000000ff9eef88) 
thrown [s\src\hotspot\share\prims\jni.cpp, line 537]
Event: 5431.253 Thread 0x0000024d98dec3d0 Exception <a 'sun/nio/fs/WindowsException'{0x00000000ff8c7a60}> (0x00000000ff8c7a60) 
thrown [s\src\hotspot\share\prims\jni.cpp, line 537]
Event: 5431.255 Thread 0x0000024d98dec3d0 Exception <a 'sun/nio/fs/WindowsException'{0x00000000ff8d2958}> (0x00000000ff8d2958) 
thrown [s\src\hotspot\share\prims\jni.cpp, line 537]
Event: 5431.256 Thread 0x0000024d98dec3d0 Exception <a 'sun/nio/fs/WindowsException'{0x00000000ff8d9048}> (0x00000000ff8d9048) 
thrown [s\src\hotspot\share\prims\jni.cpp, line 537]
Event: 5431.262 Thread 0x0000024d98dec3d0 Exception <a 'sun/nio/fs/WindowsException'{0x00000000ff7ec368}> (0x00000000ff7ec368) 
thrown [s\src\hotspot\share\prims\jni.cpp, line 537]
Event: 5431.265 Thread 0x0000024d98dec3d0 Exception <a 'sun/nio/fs/WindowsException'{0x00000000ff7f45e8}> (0x00000000ff7f45e8) 
thrown [s\src\hotspot\share\prims\jni.cpp, line 537]
Event: 5431.267 Thread 0x0000024d98dec3d0 Exception <a 'sun/nio/fs/WindowsException'{0x00000000ff7fa418}> (0x00000000ff7fa418) 
thrown [s\src\hotspot\share\prims\jni.cpp, line 537]
Event: 5431.269 Thread 0x0000024d98dec3d0 Exception <a 'sun/nio/fs/WindowsException'{0x00000000ff6e1008}> (0x00000000ff6e1008) 
thrown [s\src\hotspot\share\prims\jni.cpp, line 537]
Event: 5431.274 Thread 0x0000024d98dec3d0 Exception <a 'sun/nio/fs/WindowsException'{0x00000000ff6e6dc8}> (0x00000000ff6e6dc8) 
thrown [s\src\hotspot\share\prims\jni.cpp, line 537]
Event: 5431.280 Thread 0x0000024d98dec3d0 Exception <a 'sun/nio/fs/WindowsException'{0x00000000ff6ebc50}> (0x00000000ff6ebc50) 
thrown [s\src\hotspot\share\prims\jni.cpp, line 537]

ZGC Phase Switch (0 events):
No events

VM Operations (20 events):
Event: 5421.581 Executing VM operation: Cleanup
Event: 5421.597 Executing VM operation: Cleanup done
Event: 5422.605 Executing VM operation: Cleanup
Event: 5422.605 Executing VM operation: Cleanup done
Event: 5423.613 Executing VM operation: Cleanup
Event: 5423.613 Executing VM operation: Cleanup done
Event: 5427.383 Executing VM operation: G1CollectForAllocation (G1 Evacuation Pause)
Event: 5427.503 Executing VM operation: G1CollectForAllocation (G1 Evacuation Pause) done
Event: 5428.512 Executing VM operation: Cleanup
Event: 5428.528 Executing VM operation: Cleanup done
Event: 5429.529 Executing VM operation: Cleanup
Event: 5429.529 Executing VM operation: Cleanup done
Event: 5429.807 Executing VM operation: ICBufferFull
Event: 5429.807 Executing VM operation: ICBufferFull done
Event: 5430.819 Executing VM operation: Cleanup
Event: 5430.835 Executing VM operation: Cleanup done
Event: 5430.999 Executing VM operation: G1CollectForAllocation (G1 Evacuation Pause)
Event: 5431.051 Executing VM operation: G1CollectForAllocation (G1 Evacuation Pause) done
Event: 5431.136 Executing VM operation: G1TryInitiateConcMark (G1 Humongous Allocation)
Event: 5431.164 Executing VM operation: G1TryInitiateConcMark (G1 Humongous Allocation) done

Memory protections (0 events):
No events

Nmethod flushes (20 events):
Event: 3413.391 Thread 0x0000024d93a4e7e0 flushing  nmethod 0x0000024d82346390
Event: 3413.391 Thread 0x0000024d93a4e7e0 flushing  nmethod 0x0000024d8239fe10
Event: 3413.391 Thread 0x0000024d93a4e7e0 flushing  nmethod 0x0000024d823a0210
Event: 3413.391 Thread 0x0000024d93a4e7e0 flushing  nmethod 0x0000024d823a2490
Event: 3413.391 Thread 0x0000024d93a4e7e0 flushing  nmethod 0x0000024d823da690
Event: 3413.391 Thread 0x0000024d93a4e7e0 flushing  nmethod 0x0000024d823db710
Event: 3413.391 Thread 0x0000024d93a4e7e0 flushing  nmethod 0x0000024d823dbf10
Event: 3413.391 Thread 0x0000024d93a4e7e0 flushing  nmethod 0x0000024d823dca90
Event: 3413.391 Thread 0x0000024d93a4e7e0 flushing  nmethod 0x0000024d823dd210
Event: 3413.391 Thread 0x0000024d93a4e7e0 flushing  nmethod 0x0000024d823dd690
Event: 3413.391 Thread 0x0000024d93a4e7e0 flushing  nmethod 0x0000024d823de690
Event: 3413.391 Thread 0x0000024d93a4e7e0 flushing  nmethod 0x0000024d823dee10
Event: 3413.391 Thread 0x0000024d93a4e7e0 flushing  nmethod 0x0000024d823f9c90
Event: 3413.391 Thread 0x0000024d93a4e7e0 flushing  nmethod 0x0000024d823fa990
Event: 3413.391 Thread 0x0000024d93a4e7e0 flushing  nmethod 0x0000024d823fb090
Event: 3413.391 Thread 0x0000024d93a4e7e0 flushing  nmethod 0x0000024d823fd290
Event: 3413.391 Thread 0x0000024d93a4e7e0 flushing  nmethod 0x0000024d823fd710
Event: 3413.391 Thread 0x0000024d93a4e7e0 flushing  nmethod 0x0000024d82413a90
Event: 3413.391 Thread 0x0000024d93a4e7e0 flushing  nmethod 0x0000024d82418c90
Event: 3413.391 Thread 0x0000024d93a4e7e0 flushing  nmethod 0x0000024d82419690

Events (20 events):
Event: 5426.780 Thread 0x0000024d93c38170 Thread added: 0x0000024da936d550
Event: 5427.207 Thread 0x0000024da936d550 Thread exited: 0x0000024da936d550
Event: 5427.528 Thread 0x0000024da9369130 Thread added: 0x0000024da936ba10
Event: 5427.791 Thread 0x0000024da4c3bbc0 Thread added: 0x0000024d98de9c70
Event: 5427.791 Thread 0x0000024da4c3bbc0 Thread added: 0x0000024d98de5440
Event: 5427.792 Thread 0x0000024da4c3bbc0 Thread added: 0x0000024d98de5ad0
Event: 5427.792 Thread 0x0000024da4c3bbc0 Thread added: 0x0000024d98de3370
Event: 5427.792 Thread 0x0000024da4c3bbc0 Thread added: 0x0000024d98de2ce0
Event: 5427.793 Thread 0x0000024da4c3bbc0 Thread added: 0x0000024d98dea300
Event: 5427.793 Thread 0x0000024da4c3bbc0 Thread added: 0x0000024d98dea990
Event: 5428.328 Thread 0x0000024da936ba10 Thread exited: 0x0000024da936ba10
Event: 5428.338 Thread 0x0000024da9369130 Thread exited: 0x0000024da9369130
Event: 5428.901 Thread 0x0000024d93c38170 Thread added: 0x0000024da9369130
Event: 5430.396 Thread 0x0000024da4c3bbc0 Thread added: 0x0000024d98df1fb0
Event: 5430.596 Thread 0x0000024da4c3bbc0 Thread added: 0x0000024d98deca60
Event: 5430.597 Thread 0x0000024da4c3bbc0 Thread added: 0x0000024d98deeb30
Event: 5430.598 Thread 0x0000024da4c3bbc0 Thread added: 0x0000024d98dec3d0
Event: 5430.599 Thread 0x0000024da4c3bbc0 Thread added: 0x0000024d98df1920
Event: 5430.624 Thread 0x0000024da4c3bbc0 Thread added: 0x0000024d98defee0
Event: 5430.628 Thread 0x0000024da4c3bbc0 Thread added: 0x0000024d98ded780


Dynamic libraries:
0x00007ff6f7be0000 - 0x00007ff6f7bea000 	D:\Android\jbr\bin\java.exe
0x00007ffd1de30000 - 0x00007ffd1e028000 	C:\Windows\SYSTEM32\ntdll.dll
0x00007ffd1c860000 - 0x00007ffd1c91d000 	C:\Windows\System32\KERNEL32.DLL
0x00007ffd1ba40000 - 0x00007ffd1bd36000 	C:\Windows\System32\KERNELBASE.dll
0x00007ffd1b720000 - 0x00007ffd1b820000 	C:\Windows\System32\ucrtbase.dll
0x00007ffd16f00000 - 0x00007ffd16f1b000 	D:\Android\jbr\bin\VCRUNTIME140.dll
0x00007ffd0f410000 - 0x00007ffd0f428000 	D:\Android\jbr\bin\jli.dll
0x00007ffd1c920000 - 0x00007ffd1cabe000 	C:\Windows\System32\USER32.dll
0x00007ffd1b5d0000 - 0x00007ffd1b5f2000 	C:\Windows\System32\win32u.dll
0x00007ffd066d0000 - 0x00007ffd0696a000 	C:\Windows\WinSxS\amd64_microsoft.windows.common-controls_6595b64144ccf1df_6.0.19041.3636_none_60b6a03d71f818d5\COMCTL32.dll
0x00007ffd1d5c0000 - 0x00007ffd1d5ec000 	C:\Windows\System32\GDI32.dll
0x00007ffd1c5f0000 - 0x00007ffd1c68e000 	C:\Windows\System32\msvcrt.dll
0x00007ffd1b600000 - 0x00007ffd1b71a000 	C:\Windows\System32\gdi32full.dll
0x00007ffd1bd40000 - 0x00007ffd1bddd000 	C:\Windows\System32\msvcp_win.dll
0x00007ffd1dc20000 - 0x00007ffd1dc50000 	C:\Windows\System32\IMM32.DLL
0x00007ffd16fe0000 - 0x00007ffd16fec000 	D:\Android\jbr\bin\vcruntime140_1.dll
0x00007ffcfe1e0000 - 0x00007ffcfe26d000 	D:\Android\jbr\bin\msvcp140.dll
0x00007ffcda7d0000 - 0x00007ffcdb466000 	D:\Android\jbr\bin\server\jvm.dll
0x00007ffd1c160000 - 0x00007ffd1c20f000 	C:\Windows\System32\ADVAPI32.dll
0x00007ffd1da60000 - 0x00007ffd1dafc000 	C:\Windows\System32\sechost.dll
0x00007ffd1cac0000 - 0x00007ffd1cbe6000 	C:\Windows\System32\RPCRT4.dll
0x00007ffd1c790000 - 0x00007ffd1c7fb000 	C:\Windows\System32\WS2_32.dll
0x00007ffd1b370000 - 0x00007ffd1b3bb000 	C:\Windows\SYSTEM32\POWRPROF.dll
0x00007ffd05050000 - 0x00007ffd05077000 	C:\Windows\SYSTEM32\WINMM.dll
0x00007ffd11d90000 - 0x00007ffd11d9a000 	C:\Windows\SYSTEM32\VERSION.dll
0x00007ffd1b350000 - 0x00007ffd1b362000 	C:\Windows\SYSTEM32\UMPDC.dll
0x00007ffd19d20000 - 0x00007ffd19d32000 	C:\Windows\SYSTEM32\kernel.appcore.dll
0x00007ffd16fc0000 - 0x00007ffd16fca000 	D:\Android\jbr\bin\jimage.dll
0x00007ffd19270000 - 0x00007ffd19454000 	C:\Windows\SYSTEM32\DBGHELP.DLL
0x00007ffcff210000 - 0x00007ffcff244000 	C:\Windows\SYSTEM32\dbgcore.DLL
0x00007ffd1b980000 - 0x00007ffd1ba02000 	C:\Windows\System32\bcryptPrimitives.dll
0x00007ffd17000000 - 0x00007ffd1700e000 	D:\Android\jbr\bin\instrument.dll
0x00007ffd12dd0000 - 0x00007ffd12df0000 	D:\Android\jbr\bin\java.dll
0x00007ffd12d60000 - 0x00007ffd12d78000 	D:\Android\jbr\bin\zip.dll
0x00007ffd1cbf0000 - 0x00007ffd1d335000 	C:\Windows\System32\SHELL32.dll
0x00007ffd19570000 - 0x00007ffd19d0b000 	C:\Windows\SYSTEM32\windows.storage.dll
0x00007ffd1c210000 - 0x00007ffd1c564000 	C:\Windows\System32\combase.dll
0x00007ffd1ada0000 - 0x00007ffd1adcd000 	C:\Windows\SYSTEM32\Wldp.dll
0x00007ffd1c0b0000 - 0x00007ffd1c15d000 	C:\Windows\System32\SHCORE.dll
0x00007ffd1be90000 - 0x00007ffd1bee5000 	C:\Windows\System32\shlwapi.dll
0x00007ffd1b440000 - 0x00007ffd1b465000 	C:\Windows\SYSTEM32\profapi.dll
0x00007ffd134d0000 - 0x00007ffd134e0000 	D:\Android\jbr\bin\net.dll
0x00007ffd0f7b0000 - 0x00007ffd0f8ba000 	C:\Windows\SYSTEM32\WINHTTP.dll
0x00007ffd1ab80000 - 0x00007ffd1abea000 	C:\Windows\system32\mswsock.dll
0x00007ffd12ca0000 - 0x00007ffd12cb6000 	D:\Android\jbr\bin\nio.dll
0x00007ffd109d0000 - 0x00007ffd109e0000 	D:\Android\jbr\bin\verify.dll
0x00007ffd11000000 - 0x00007ffd11027000 	C:\Users\Admin\.gradle\native\1def1411415f61bf3af743bc5b6707747c0891f09f0c88961ee8f79bc544acac\windows-amd64\native-platform.dll
0x00007ffcee5e0000 - 0x00007ffcee658000 	C:\Users\Admin\.gradle\native\0.2.7\x86_64-windows-gnu\gradle-fileevents.dll
0x00007ffd12990000 - 0x00007ffd12999000 	D:\Android\jbr\bin\management.dll
0x00007ffd12980000 - 0x00007ffd1298b000 	D:\Android\jbr\bin\management_ext.dll
0x00007ffd1bef0000 - 0x00007ffd1bef8000 	C:\Windows\System32\PSAPI.DLL
0x00007ffd1a890000 - 0x00007ffd1a8cb000 	C:\Windows\SYSTEM32\IPHLPAPI.DLL
0x00007ffd1dde0000 - 0x00007ffd1dde8000 	C:\Windows\System32\NSI.dll
0x00007ffd129a0000 - 0x00007ffd129a9000 	D:\Android\jbr\bin\extnet.dll
0x00007ffd1ade0000 - 0x00007ffd1adf8000 	C:\Windows\SYSTEM32\CRYPTSP.dll
0x00007ffd1a4d0000 - 0x00007ffd1a504000 	C:\Windows\system32\rsaenh.dll
0x00007ffd1ba10000 - 0x00007ffd1ba37000 	C:\Windows\System32\bcrypt.dll
0x00007ffd1b400000 - 0x00007ffd1b42e000 	C:\Windows\SYSTEM32\USERENV.dll
0x00007ffd1ad10000 - 0x00007ffd1ad1c000 	C:\Windows\SYSTEM32\CRYPTBASE.dll
0x00007ffd12d50000 - 0x00007ffd12d57000 	C:\Windows\system32\wshunix.dll
0x00007ffd1a5f0000 - 0x00007ffd1a623000 	C:\Windows\SYSTEM32\ntmarta.dll

JVMTI agents:
C:\Users\Admin\.gradle\wrapper\dists\gradle-8.13-bin\5xuhj0ry160q40clulazy9h7d\gradle-8.13\lib\agents\gradle-instrumentation-agent-8.13.jar path:D:\Android\jbr\bin\instrument.dll, loaded, initialized, instrumentlib options:none

dbghelp: loaded successfully - version: 4.0.5 - missing functions: none
symbol engine: initialized successfully - sym options: 0x614 - pdb path: .;D:\Android\jbr\bin;C:\Windows\SYSTEM32;C:\Windows\WinSxS\amd64_microsoft.windows.common-controls_6595b64144ccf1df_6.0.19041.3636_none_60b6a03d71f818d5;D:\Android\jbr\bin\server;C:\Users\Admin\.gradle\native\1def1411415f61bf3af743bc5b6707747c0891f09f0c88961ee8f79bc544acac\windows-amd64;C:\Users\Admin\.gradle\native\0.2.7\x86_64-windows-gnu

VM Arguments:
jvm_args: --add-opens=java.base/java.lang=ALL-UNNAMED --add-opens=java.base/java.lang.invoke=ALL-UNNAMED --add-opens=java.base/java.util=ALL-UNNAMED --add-opens=java.prefs/java.util.prefs=ALL-UNNAMED --add-exports=jdk.compiler/com.sun.tools.javac.api=ALL-UNNAMED --add-exports=jdk.compiler/com.sun.tools.javac.util=ALL-UNNAMED --add-opens=java.base/java.util=ALL-UNNAMED --add-opens=java.prefs/java.util.prefs=ALL-UNNAMED --add-opens=java.base/java.nio.charset=ALL-UNNAMED --add-opens=java.base/java.net=ALL-UNNAMED --add-opens=java.base/java.util.concurrent.atomic=ALL-UNNAMED --add-opens=java.xml/javax.xml.namespace=ALL-UNNAMED -Xmx2048m -Dfile.encoding=UTF-8 -Duser.country=US -Duser.language=en -Duser.variant -javaagent:C:\Users\Admin\.gradle\wrapper\dists\gradle-8.13-bin\5xuhj0ry160q40clulazy9h7d\gradle-8.13\lib\agents\gradle-instrumentation-agent-8.13.jar 
java_command: org.gradle.launcher.daemon.bootstrap.GradleDaemon 8.13
java_class_path (initial): C:\Users\Admin\.gradle\wrapper\dists\gradle-8.13-bin\5xuhj0ry160q40clulazy9h7d\gradle-8.13\lib\gradle-daemon-main-8.13.jar
Launcher Type: SUN_STANDARD

[Global flags]
     intx CICompilerCount                          = 4                                         {product} {ergonomic}
     uint ConcGCThreads                            = 2                                         {product} {ergonomic}
     uint G1ConcRefinementThreads                  = 8                                         {product} {ergonomic}
   size_t G1HeapRegionSize                         = 1048576                                   {product} {ergonomic}
    uintx GCDrainStackTargetSize                   = 64                                        {product} {ergonomic}
   size_t InitialHeapSize                          = 134217728                                 {product} {ergonomic}
   size_t MarkStackSize                            = 4194304                                   {product} {ergonomic}
   size_t MaxHeapSize                              = 2147483648                                {product} {command line}
   size_t MaxNewSize                               = 1287651328                                {product} {ergonomic}
   size_t MinHeapDeltaBytes                        = 1048576                                   {product} {ergonomic}
   size_t MinHeapSize                              = 8388608                                   {product} {ergonomic}
    uintx NonNMethodCodeHeapSize                   = 5839372                                {pd product} {ergonomic}
    uintx NonProfiledCodeHeapSize                  = 122909434                              {pd product} {ergonomic}
    uintx ProfiledCodeHeapSize                     = 122909434                              {pd product} {ergonomic}
    uintx ReservedCodeCacheSize                    = 251658240                              {pd product} {ergonomic}
     bool SegmentedCodeCache                       = true                                      {product} {ergonomic}
   size_t SoftMaxHeapSize                          = 2147483648                             {manageable} {ergonomic}
     bool UseCompressedOops                        = true                           {product lp64_product} {ergonomic}
     bool UseG1GC                                  = true                                      {product} {ergonomic}
     bool UseLargePagesIndividualAllocation        = false                                  {pd product} {ergonomic}

Logging:
Log output configuration:
 #0: stdout all=warning uptime,level,tags foldmultilines=false
 #1: stderr all=off uptime,level,tags foldmultilines=false

Environment Variables:
PATH=C:\Program Files (x86)\Common Files\Oracle\Java\javapath;C:\Windows\system32;C:\Windows;C:\Windows\System32\Wbem;C:\Windows\System32\WindowsPowerShell\v1.0\;C:\Windows\System32\OpenSSH\;C:\Program Files\Git\cmd;C:\Program Files\nodejs\;C:\Program Files (x86)\Microsoft SQL Server\160\Tools\Binn\;C:\Program Files\Microsoft SQL Server\160\Tools\Binn\;C:\Program Files\Microsoft SQL Server\Client SDK\ODBC\170\Tools\Binn\;C:\Program Files\Microsoft SQL Server\160\DTS\Binn\;C:\Program Files (x86)\Microsoft SQL Server\160\DTS\Binn\;C:\Program Files\Azure Data Studio\bin;C:\Program Files (x86)\Windows Kits\10\Windows Performance Toolkit\;C:\Program Files\Microsoft SQL Server\150\Tools\Binn\;C:\Program Files\dotnet\;C:\Program Files\Docker\Docker\resources\bin;C:\Users\Admin\AppData\Local\Programs\Python\Python313\Scripts\;C:\Users\Admin\AppData\Local\Programs\Python\Python313\;C:\Users\Admin\AppData\Local\Programs\Python\Launcher\;C:\Users\Admin\AppData\Local\Microsoft\WindowsApps;C:\Users\Admin\AppData\Local\Programs\Microsoft VS Code\bin;C:\Users\Admin\AppData\Local\GitHubDesktop\bin;C:\nodejs;C:\Users\Admin\AppData\Roaming\npm;C:\Program Files\nodejs\;;C:\Program Files\Azure Data Studio\bin;C:\Users\Admin\.dotnet\tools
USERNAME=Admin
OS=Windows_NT
PROCESSOR_IDENTIFIER=Intel64 Family 6 Model 142 Stepping 10, GenuineIntel
TMP=C:\Users\Admin\AppData\Local\Temp
TEMP=C:\Users\Admin\AppData\Local\Temp




Periodic native trim disabled

JNI global refs:
JNI global refs: 29, weak refs: 50

JNI global refs memory usage: 835, weak refs: 2097

Process memory usage:
Resident Set Size: 687956K (8% of 8263900K total physical memory with 387884K free physical memory)

OOME stack traces (most recent first):
Classloader memory used:
Loader org.gradle.internal.classloader.VisitableURLClassLoader$InstrumentingVisitableURLClassLoader: 54245K
Loader org.gradle.internal.classloader.VisitableURLClassLoader                         : 48903K
Loader bootstrap                                                                       : 30430K
Loader org.gradle.initialization.MixInLegacyTypesClassLoader                           : 14203K
Loader jdk.internal.loader.ClassLoaders$AppClassLoader                                 : 10187K
Loader jdk.internal.loader.ClassLoaders$PlatformClassLoader                            : 787K
Loader jdk.internal.jrtfs.JrtFileSystemProvider$JrtFsLoader                            : 596K
Loader jdk.internal.reflect.DelegatingClassLoader                                      : 495K
Loader org.gradle.internal.classloader.VisitableURLClassLoader                         : 227K
Loader org.gradle.groovy.scripts.internal.DefaultScriptCompilationHandler$ScriptClassLoader: 137K
Loader org.codehaus.groovy.runtime.callsite.CallSiteClassLoader                        : 32656B
Loader sun.reflect.misc.MethodUtil                                                     : 3024B

Classes loaded by more than one classloader:
Class Program                                                                         : loaded 5 times (x 72B)
Class Build_gradle                                                                    : loaded 3 times (x 130B)
Class jdk.internal.jrtfs.JrtFileSystem                                                : loaded 3 times (x 102B)
Class jdk.internal.jimage.ImageStrings                                                : loaded 3 times (x 70B)
Class jdk.internal.jimage.ImageReader$Directory                                       : loaded 3 times (x 84B)
Class jdk.internal.jimage.BasicImageReader                                            : loaded 3 times (x 95B)
Class Build_gradle$1                                                                  : loaded 3 times (x 74B)
Class jdk.internal.jimage.ImageReader$SharedImageReader$LocationVisitor               : loaded 3 times (x 70B)
Class jdk.internal.jrtfs.JrtPath                                                      : loaded 3 times (x 118B)
Class jdk.internal.jimage.ImageBufferCache                                            : loaded 3 times (x 71B)
Class jdk.internal.jrtfs.JrtFileAttributes                                            : loaded 3 times (x 83B)
Class jdk.internal.jimage.ImageReader$Resource                                        : loaded 3 times (x 84B)
Class jdk.internal.jrtfs.JrtDirectoryStream                                           : loaded 3 times (x 89B)
Class jdk.internal.jimage.BasicImageReader$1                                          : loaded 3 times (x 77B)
Class jdk.internal.jimage.ImageReader$Node                                            : loaded 3 times (x 84B)
Class jdk.internal.jimage.ImageReader$SharedImageReader                               : loaded 3 times (x 95B)
Class jdk.internal.jimage.ImageReader                                                 : loaded 3 times (x 75B)
Class jdk.internal.jimage.ImageStringsReader                                          : loaded 3 times (x 80B)
Class jdk.internal.jimage.decompressor.Decompressor                                   : loaded 3 times (x 72B)
Class jdk.internal.jimage.ImageHeader                                                 : loaded 3 times (x 71B)
Class jdk.internal.jimage.ImageBufferCache$2                                          : loaded 3 times (x 91B)
Class jdk.internal.jimage.ImageBufferCache$1                                          : loaded 3 times (x 83B)
Class jdk.internal.jimage.ImageLocation                                               : loaded 3 times (x 90B)
Class jdk.internal.jrtfs.JrtDirectoryStream$1                                         : loaded 3 times (x 83B)
Class jdk.internal.jrtfs.JrtFileSystemProvider                                        : loaded 3 times (x 101B)
Class jdk.internal.jrtfs.SystemImage$2                                                : loaded 3 times (x 76B)
Class jdk.internal.jrtfs.SystemImage$1                                                : loaded 3 times (x 78B)
Class jdk.internal.jrtfs.SystemImage                                                  : loaded 3 times (x 74B)
Class com.google.common.collect.MapMakerInternalMap$Strength                          : loaded 2 times (x 80B)
Class com.google.common.base.Platform$JdkPatternCompiler                              : loaded 2 times (x 75B)
Class org.objectweb.asm.MethodTooLargeException                                       : loaded 2 times (x 83B)
Class [Lcom.google.common.cache.CacheBuilder$OneWeigher;                              : loaded 2 times (x 69B)
Class com.google.common.base.Suppliers                                                : loaded 2 times (x 71B)
Class org.gradle.internal.classloader.DefaultClassLoaderFactory                       : loaded 2 times (x 82B)
Class [Lcom.google.common.collect.AbstractIterator$State;                             : loaded 2 times (x 69B)
Class com.google.common.base.CharMatcher$None                                         : loaded 2 times (x 112B)
Class org.gradle.internal.classloader.ClassLoaderVisitor                              : loaded 2 times (x 76B)
Class jdk.internal.jrtfs.ExplodedImage                                                : loaded 2 times (x 77B)
Class [Lcom.google.common.collect.ImmutableMapEntry;                                  : loaded 2 times (x 69B)
Class org.gradle.api.internal.classpath.EffectiveClassPath                            : loaded 2 times (x 90B)
Class com.google.common.collect.ImmutableRangeSet                                     : loaded 2 times (x 115B)
Class com.google.common.collect.ListMultimap                                          : loaded 2 times (x 70B)
Class com.google.common.collect.ImmutableEnumMap                                      : loaded 2 times (x 126B)
Class com.google.common.collect.Iterators$EmptyModifiableIterator                     : loaded 2 times (x 86B)
Class com.google.common.base.Splitter                                                 : loaded 2 times (x 72B)
Class com.google.common.collect.Sets$1                                                : loaded 2 times (x 139B)
Class org.objectweb.asm.AnnotationVisitor                                             : loaded 2 times (x 78B)
Class org.gradle.api.internal.DefaultClassPathProvider                                : loaded 2 times (x 76B)
Class [Lcom.google.common.base.Function;                                              : loaded 2 times (x 69B)
Class com.google.common.collect.MapMakerInternalMap$Strength$1                        : loaded 2 times (x 80B)
Class com.google.common.collect.Maps$ViewCachingAbstractMap                           : loaded 2 times (x 125B)
Class com.google.common.collect.Sets$2                                                : loaded 2 times (x 139B)
Class [Lorg.gradle.api.internal.ClassPathProvider;                                    : loaded 2 times (x 69B)
Class org.gradle.api.internal.ClassPathProvider                                       : loaded 2 times (x 70B)
Class com.google.common.collect.MapMakerInternalMap$StrongKeyDummyValueEntry$LinkedStrongKeyDummyValueEntry: loaded 2 times (x 82B)
Class com.google.common.reflect.Types$ClassOwnership$1                                : loaded 2 times (x 80B)
Class com.google.common.collect.MapMakerInternalMap$Strength$2                        : loaded 2 times (x 80B)
Class com.google.common.base.AbstractIterator$State                                   : loaded 2 times (x 79B)
Class [Lorg.objectweb.asm.AnnotationVisitor;                                          : loaded 2 times (x 69B)
Class com.google.common.collect.Sets$3                                                : loaded 2 times (x 139B)
Class com.google.common.util.concurrent.AbstractFuture$SafeAtomicHelper               : loaded 2 times (x 79B)
Class com.google.common.cache.LocalCache$LocalLoadingCache                            : loaded 2 times (x 134B)
Class org.gradle.internal.service.UnknownServiceException                             : loaded 2 times (x 83B)
Class com.google.common.io.ByteArrayDataInput                                         : loaded 2 times (x 70B)
Class com.google.common.reflect.Types$ClassOwnership$2                                : loaded 2 times (x 80B)
Class com.google.common.reflect.TypeResolver                                          : loaded 2 times (x 72B)
Class com.google.common.collect.MapMakerInternalMap$StrongValueEntry                  : loaded 2 times (x 70B)
Class com.google.common.collect.Sets$4                                                : loaded 2 times (x 139B)
Class org.objectweb.asm.ModuleVisitor                                                 : loaded 2 times (x 81B)
Class com.google.common.cache.LocalCache$Strength$1                                   : loaded 2 times (x 81B)
Class com.google.common.collect.Collections2$FilteredCollection                       : loaded 2 times (x 119B)
Class com.google.common.reflect.Types$ClassOwnership$3                                : loaded 2 times (x 71B)
Class com.google.common.util.concurrent.SettableFuture                                : loaded 2 times (x 114B)
Class com.google.common.cache.LocalCache$Strength$2                                   : loaded 2 times (x 81B)
Class jdk.internal.jrtfs.JrtFileStore                                                 : loaded 2 times (x 83B)
Class [Lcom.google.common.collect.Maps$EntryFunction;                                 : loaded 2 times (x 69B)
Class com.google.common.io.ByteStreams                                                : loaded 2 times (x 71B)
Class com.google.common.collect.Interners$InternerImpl                                : loaded 2 times (x 75B)
Class com.google.common.collect.Interner                                              : loaded 2 times (x 70B)
Class com.google.common.collect.TransformedIterator                                   : loaded 2 times (x 80B)
Class com.google.common.base.Splitter$1                                               : loaded 2 times (x 77B)
Class com.google.common.cache.LocalCache$Strength$3                                   : loaded 2 times (x 81B)
Class com.google.common.collect.MapDifference                                         : loaded 2 times (x 70B)
Class jdk.internal.jimage.ImageReader$LinkNode                                        : loaded 2 times (x 84B)
Class com.google.common.reflect.Invokable                                             : loaded 2 times (x 103B)
Class com.google.common.collect.MapMaker$Dummy                                        : loaded 2 times (x 79B)
Class org.objectweb.asm.FieldWriter                                                   : loaded 2 times (x 78B)
Class com.google.common.cache.CacheBuilder$NullListener                               : loaded 2 times (x 82B)
Class org.gradle.internal.classpath.TransformedClassPath                              : loaded 2 times (x 96B)
Class org.gradle.internal.classloader.InstrumentingClassLoader                        : loaded 2 times (x 70B)
Class com.google.common.collect.UnmodifiableListIterator                              : loaded 2 times (x 95B)
Class com.google.common.collect.Maps$IteratorBasedAbstractMap$1                       : loaded 2 times (x 138B)
Class com.google.common.reflect.Types$ParameterizedTypeImpl                           : loaded 2 times (x 81B)
Class com.google.common.collect.ImmutableRangeSet$AsSet                               : loaded 2 times (x 300B)
Class com.google.common.cache.CacheLoader$FunctionToCacheLoader                       : loaded 2 times (x 75B)
Class com.google.common.collect.Iterators$ArrayItr                                    : loaded 2 times (x 97B)
Class com.google.common.collect.ImmutableCollection$Builder                           : loaded 2 times (x 76B)
Class org.objectweb.asm.ClassVisitor                                                  : loaded 2 times (x 88B)
Class com.google.common.reflect.TypeResolver$TypeVariableKey                          : loaded 2 times (x 72B)
Class com.google.common.collect.BaseImmutableMultimap                                 : loaded 2 times (x 123B)
Class com.google.common.base.Joiner                                                   : loaded 2 times (x 79B)
Class com.google.common.base.MoreObjects                                              : loaded 2 times (x 71B)
Class com.google.common.collect.Platform                                              : loaded 2 times (x 71B)
Class [Lorg.objectweb.asm.Type;                                                       : loaded 2 times (x 69B)
Class com.google.common.collect.UnmodifiableIterator                                  : loaded 2 times (x 80B)
Class org.gradle.internal.service.ServiceLocator                                      : loaded 2 times (x 70B)
Class [Lorg.objectweb.asm.Symbol;                                                     : loaded 2 times (x 69B)
Class com.google.common.collect.HashBiMap$BiEntry                                     : loaded 2 times (x 83B)
Class com.google.common.base.Ascii                                                    : loaded 2 times (x 71B)
Class com.google.common.cache.LocalCache$1                                            : loaded 2 times (x 89B)
Class com.google.common.collect.SingletonImmutableBiMap                               : loaded 2 times (x 143B)
Class com.google.common.collect.AbstractMapEntry                                      : loaded 2 times (x 81B)
Class com.google.common.reflect.TypeToken$SimpleTypeToken                             : loaded 2 times (x 73B)
Class com.google.common.collect.MapMakerInternalMap$AbstractStrongKeyEntry            : loaded 2 times (x 80B)
Class com.google.common.collect.Sets$ImprovedAbstractSet                              : loaded 2 times (x 135B)
Class com.google.common.collect.ImmutableList$Builder                                 : loaded 2 times (x 77B)
Class com.google.common.collect.AbstractMultimap                                      : loaded 2 times (x 123B)
Class com.google.common.cache.LocalCache$2                                            : loaded 2 times (x 142B)
Class com.google.common.collect.ImmutableRangeSet$1                                   : loaded 2 times (x 210B)
Class com.google.common.util.concurrent.AbstractFuture$UnsafeAtomicHelper$1           : loaded 2 times (x 76B)
Class com.google.common.collect.RegularImmutableAsList                                : loaded 2 times (x 217B)
Class com.google.common.base.Optional                                                 : loaded 2 times (x 80B)
Class com.google.common.collect.Range                                                 : loaded 2 times (x 87B)
Class com.google.common.util.concurrent.AbstractFuture$Trusted                        : loaded 2 times (x 70B)
Class com.google.common.collect.Iterators                                             : loaded 2 times (x 71B)
Class com.google.common.collect.TransformedListIterator                               : loaded 2 times (x 93B)
Class com.google.common.cache.LocalCache$Values                                       : loaded 2 times (x 118B)
Class com.google.common.io.ByteSink$AsCharSink                                        : loaded 2 times (x 80B)
Class com.google.common.collect.Lists$StringAsImmutableList                           : loaded 2 times (x 207B)
Class com.google.common.util.concurrent.UncheckedExecutionException                   : loaded 2 times (x 82B)
Class org.gradle.kotlin.dsl.VersionCatalogAccessorsKt                                 : loaded 2 times (x 71B)
Class org.gradle.internal.InternalTransformer                                         : loaded 2 times (x 70B)
Class com.google.common.reflect.TypeCapture                                           : loaded 2 times (x 71B)
Class com.google.common.collect.AbstractMapBasedMultimap$KeySet$1                     : loaded 2 times (x 82B)
Class org.objectweb.asm.ClassWriter                                                   : loaded 2 times (x 106B)
Class com.google.common.cache.CacheLoader$UnsupportedLoadingOperationException        : loaded 2 times (x 82B)
Class com.google.common.base.CharMatcher$And                                          : loaded 2 times (x 112B)
Class org.gradle.internal.classloader.ClasspathUtil$1                                 : loaded 2 times (x 76B)
Class com.google.common.collect.ImmutableMap$MapViewOfValuesAsSingletonSets           : loaded 2 times (x 126B)
Class com.google.common.collect.FluentIterable$1                                      : loaded 2 times (x 81B)
Class com.google.common.base.Objects                                                  : loaded 2 times (x 71B)
Class org.objectweb.asm.FieldVisitor                                                  : loaded 2 times (x 77B)
Class com.google.common.collect.IndexedImmutableSet                                   : loaded 2 times (x 152B)
Class com.google.common.collect.ImmutableMap$1                                        : loaded 2 times (x 81B)
Class com.google.common.collect.BiMap                                                 : loaded 2 times (x 70B)
Class org.gradle.api.internal.classpath.DefaultModuleRegistry$DefaultModule           : loaded 2 times (x 86B)
Class com.google.common.reflect.Reflection                                            : loaded 2 times (x 71B)
Class com.google.common.base.Absent                                                   : loaded 2 times (x 80B)
Class com.google.common.collect.FluentIterable$2                                      : loaded 2 times (x 81B)
Class com.google.common.primitives.Ints                                               : loaded 2 times (x 71B)
Class com.google.common.collect.AbstractIterator                                      : loaded 2 times (x 82B)
Class com.google.common.collect.FluentIterable$3                                      : loaded 2 times (x 81B)
Class com.google.common.collect.ObjectArrays                                          : loaded 2 times (x 71B)
Class com.google.common.collect.Multiset                                              : loaded 2 times (x 70B)
Class com.google.common.collect.ArrayListMultimapGwtSerializationDependencies         : loaded 2 times (x 172B)
Class com.google.common.collect.AbstractIndexedListIterator                           : loaded 2 times (x 96B)
Class com.google.common.math.MathPreconditions                                        : loaded 2 times (x 71B)
Class com.google.common.collect.ImmutableMapEntrySet                                  : loaded 2 times (x 152B)
Class org.gradle.api.internal.classpath.Module                                        : loaded 2 times (x 70B)
Class com.google.common.cache.Weigher                                                 : loaded 2 times (x 70B)
Class org.gradle.api.internal.classpath.UnknownModuleException                        : loaded 2 times (x 82B)
Class com.google.common.collect.RegularImmutableMap                                   : loaded 2 times (x 121B)
Class com.google.common.base.Stopwatch                                                : loaded 2 times (x 72B)
Class com.google.common.cache.LocalCache$Strength                                     : loaded 2 times (x 81B)
Class com.google.common.cache.Cache                                                   : loaded 2 times (x 70B)
Class com.google.common.io.Files$2                                                    : loaded 2 times (x 76B)
Class com.google.common.base.NullnessCasts                                            : loaded 2 times (x 71B)
Class com.google.common.util.concurrent.AbstractFuture$Cancellation                   : loaded 2 times (x 72B)
Class com.google.common.collect.ImmutableMap$Builder                                  : loaded 2 times (x 82B)
Class com.google.common.collect.Maps$EntryFunction$1                                  : loaded 2 times (x 91B)
Class com.google.common.base.Present                                                  : loaded 2 times (x 81B)
Class com.google.common.collect.AbstractMapBasedMultimap$WrappedCollection$WrappedIterator: loaded 2 times (x 84B)
Class com.google.common.cache.RemovalListener                                         : loaded 2 times (x 70B)
Class ijKotlinCoroutineJvmDebugInit1_2edxob47te3k3j1lkm25ffz4                         : loaded 2 times (x 179B)
Class org.gradle.api.internal.DefaultClassPathRegistry                                : loaded 2 times (x 76B)
Class com.google.common.collect.Maps$EntryFunction$2                                  : loaded 2 times (x 91B)
Class com.google.common.reflect.Invokable$ConstructorInvokable                        : loaded 2 times (x 107B)
Class com.google.common.primitives.IntsMethodsForWeb                                  : loaded 2 times (x 71B)
Class com.google.common.collect.Multimap                                              : loaded 2 times (x 70B)
Class org.gradle.api.internal.ClassPathRegistry                                       : loaded 2 times (x 70B)
Class org.gradle.internal.classpath.DefaultClassPath$ImmutableUniqueList              : loaded 2 times (x 199B)
Class com.google.common.reflect.TypeToken                                             : loaded 2 times (x 73B)
Class com.google.common.collect.NullnessCasts                                         : loaded 2 times (x 71B)
Class com.google.common.collect.MapMakerInternalMap$Segment                           : loaded 2 times (x 142B)
Class com.google.common.base.ExtraObjectsMethodsForWeb                                : loaded 2 times (x 71B)
Class com.google.common.io.ByteArrayDataOutput                                        : loaded 2 times (x 70B)
Class com.google.common.cache.RemovalCause                                            : loaded 2 times (x 80B)
Class com.google.common.io.ByteSink                                                   : loaded 2 times (x 76B)
Class com.google.common.cache.CacheBuilder                                            : loaded 2 times (x 72B)
Class com.google.common.collect.SingletonImmutableList                                : loaded 2 times (x 207B)
Class Settings_gradle$1                                                               : loaded 2 times (x 74B)
Class org.gradle.internal.classpath.ClassPath                                         : loaded 2 times (x 70B)
Class org.gradle.api.UncheckedIOException                                             : loaded 2 times (x 82B)
Class [Lcom.google.common.reflect.Types$JavaVersion;                                  : loaded 2 times (x 69B)
Class com.google.common.collect.Interners$InternerBuilder                             : loaded 2 times (x 76B)
Class com.google.common.io.Files$FileByteSource                                       : loaded 2 times (x 85B)
Class com.google.common.base.JdkPattern                                               : loaded 2 times (x 75B)
Class com.google.common.collect.ImmutableList$ReverseImmutableList                    : loaded 2 times (x 209B)
Class org.objectweb.asm.SymbolTable$Entry                                             : loaded 2 times (x 74B)
Class com.google.common.util.concurrent.AbstractFuture$AtomicHelper                   : loaded 2 times (x 78B)
Class org.gradle.api.internal.classpath.ManifestUtil                                  : loaded 2 times (x 71B)
Class org.objectweb.asm.Edge                                                          : loaded 2 times (x 72B)
Class com.google.common.base.Suppliers$SupplierOfInstance                             : loaded 2 times (x 79B)
Class com.google.common.collect.Iterators$1                                           : loaded 2 times (x 81B)
Class com.google.common.reflect.TypeToken$1                                           : loaded 2 times (x 110B)
Class com.google.common.cache.LocalCache$ComputingValueReference                      : loaded 2 times (x 96B)
Class com.google.common.collect.SingletonImmutableSet                                 : loaded 2 times (x 146B)
Class com.google.common.collect.ImmutableMap$IteratorBasedImmutableMap                : loaded 2 times (x 126B)
Class com.google.common.collect.ImmutableList$1                                       : loaded 2 times (x 97B)
Class com.google.common.reflect.TypeToken$2                                           : loaded 2 times (x 110B)
Class com.google.common.cache.LocalCache$Segment                                      : loaded 2 times (x 154B)
Class com.google.common.util.concurrent.ExecutionError                                : loaded 2 times (x 82B)
Class com.google.common.collect.SortedIterable                                        : loaded 2 times (x 70B)
Class com.google.common.collect.AbstractListMultimap                                  : loaded 2 times (x 172B)
Class [Lorg.objectweb.asm.SymbolTable$Entry;                                          : loaded 2 times (x 69B)
Class com.google.common.cache.CacheLoader                                             : loaded 2 times (x 74B)
Class com.google.common.collect.Iterators$4                                           : loaded 2 times (x 82B)
Class com.google.common.collect.ImmutableBiMap                                        : loaded 2 times (x 143B)
Class org.gradle.internal.installation.GradleInstallation$1                           : loaded 2 times (x 75B)
Class org.gradle.api.internal.classpath.ModuleRegistry                                : loaded 2 times (x 70B)
Class com.google.common.base.Splitter$SplittingIterator                               : loaded 2 times (x 84B)
Class com.google.common.util.concurrent.internal.InternalFutureFailureAccess          : loaded 2 times (x 72B)
Class com.google.common.collect.Iterators$5                                           : loaded 2 times (x 82B)
Class com.google.common.collect.ImmutableSet$JdkBackedSetBuilderImpl                  : loaded 2 times (x 76B)
Class com.google.common.collect.Iterators$6                                           : loaded 2 times (x 81B)
Class com.google.common.collect.HashBiMap$Inverse                                     : loaded 2 times (x 142B)
Class com.google.common.util.concurrent.AbstractFuture$UnsafeAtomicHelper             : loaded 2 times (x 78B)
Class com.google.common.cache.LocalCache$LocalManualCache$1                           : loaded 2 times (x 75B)
Class com.google.common.base.CharMatcher$ForPredicate                                 : loaded 2 times (x 112B)
Class com.google.common.collect.ImmutableEnumSet                                      : loaded 2 times (x 146B)
Class com.google.common.base.CharMatcher$AnyOf                                        : loaded 2 times (x 112B)
Class com.google.common.collect.ImmutableCollection                                   : loaded 2 times (x 125B)
Class org.gradle.api.internal.classpath.DefaultModuleRegistry                         : loaded 2 times (x 86B)
Class com.google.common.collect.AbstractMapBasedMultimap$WrappedCollection            : loaded 2 times (x 124B)
Class com.google.common.collect.Lists                                                 : loaded 2 times (x 71B)
Class com.google.common.util.concurrent.ListenableFuture                              : loaded 2 times (x 70B)
Class com.google.common.cache.ReferenceEntry                                          : loaded 2 times (x 70B)
Class com.google.common.base.Converter                                                : loaded 2 times (x 90B)
Class [Lcom.google.common.cache.RemovalCause;                                         : loaded 2 times (x 69B)
Class jdk.internal.jimage.BasicImageReader$2                                          : loaded 2 times (x 77B)
Class com.google.common.collect.AbstractMapBasedMultimap                              : loaded 2 times (x 139B)
Class com.google.common.util.concurrent.AbstractFuture                                : loaded 2 times (x 106B)
Class com.google.common.base.FunctionalEquivalence                                    : loaded 2 times (x 83B)
Class com.google.common.collect.Iterators$9                                           : loaded 2 times (x 81B)
Class com.google.common.collect.ImmutableAsList                                       : loaded 2 times (x 209B)
Class com.google.common.reflect.TypeResolver$TypeTable                                : loaded 2 times (x 73B)
Class org.objectweb.asm.RecordComponentVisitor                                        : loaded 2 times (x 77B)
Class com.google.common.cache.CacheLoader$SupplierToCacheLoader                       : loaded 2 times (x 75B)
Class com.google.common.base.PairwiseEquivalence                                      : loaded 2 times (x 83B)
Class org.gradle.internal.classloader.ClassLoaderHierarchy                            : loaded 2 times (x 70B)
Class com.google.common.reflect.TypeResolver$TypeTable$1                              : loaded 2 times (x 73B)
Class com.google.common.collect.Maps$EntryTransformer                                 : loaded 2 times (x 70B)
Class org.gradle.internal.service.ServiceLookupException                              : loaded 2 times (x 82B)
Class com.google.common.base.CharMatcher$IsEither                                     : loaded 2 times (x 111B)
Class com.google.common.base.CharMatcher$JavaLetter                                   : loaded 2 times (x 111B)
Class com.google.common.collect.ImmutableSortedSet                                    : loaded 2 times (x 300B)
Class com.google.common.collect.Lists$ReverseList                                     : loaded 2 times (x 200B)
Class [Lcom.google.common.cache.LocalCache$EntryFactory;                              : loaded 2 times (x 69B)
Class org.gradle.internal.classloader.ClassLoaderFactory                              : loaded 2 times (x 70B)
Class com.google.common.collect.ImmutableMap$SerializedForm                           : loaded 2 times (x 73B)
Class com.google.common.base.CommonPattern                                            : loaded 2 times (x 74B)
Class com.google.common.cache.LocalCache$LocalManualCache                             : loaded 2 times (x 99B)
Class com.google.common.base.CharMatcher$IsNot                                        : loaded 2 times (x 111B)
Class org.gradle.internal.service.CachingServiceLocator                               : loaded 2 times (x 82B)
Class com.google.common.collect.RegularImmutableSortedSet                             : loaded 2 times (x 300B)
Class com.google.common.collect.AbstractMapBasedMultimap$KeySet                       : loaded 2 times (x 137B)
Class com.google.common.math.IntMath                                                  : loaded 2 times (x 71B)
Class [Lcom.google.common.collect.HashBiMap$BiEntry;                                  : loaded 2 times (x 69B)
Class com.google.common.reflect.Types$TypeVariableInvocationHandler                   : loaded 2 times (x 75B)
Class com.google.common.collect.MapMakerInternalMap$InternalEntry                     : loaded 2 times (x 70B)
Class com.google.common.collect.ImmutableMapEntry                                     : loaded 2 times (x 85B)
Class com.google.common.base.Predicates                                               : loaded 2 times (x 71B)
Class com.google.common.collect.ImmutableMultimap                                     : loaded 2 times (x 147B)
Class com.google.common.base.Equivalence                                              : loaded 2 times (x 82B)
Class com.google.common.base.Function                                                 : loaded 2 times (x 70B)
Class com.google.common.collect.ImmutableMapEntry$NonTerminalImmutableMapEntry        : loaded 2 times (x 85B)
Class ijJvmDebugger1_6gnha51x1399uf0afb4xb1b8s$_run_closure1                          : loaded 2 times (x 139B)
Class com.google.common.collect.IndexedImmutableSet$1                                 : loaded 2 times (x 213B)
Class com.google.common.cache.CacheBuilder$OneWeigher                                 : loaded 2 times (x 82B)
Class com.google.common.collect.RegularImmutableList                                  : loaded 2 times (x 213B)
Class [Lcom.google.common.base.AbstractIterator$State;                                : loaded 2 times (x 69B)
Class com.google.common.io.FileWriteMode                                              : loaded 2 times (x 79B)
Class com.google.common.collect.Maps$EntryFunction                                    : loaded 2 times (x 91B)
Class com.google.common.reflect.Types$ClassOwnership$1LocalClass                      : loaded 2 times (x 71B)
Class org.gradle.internal.classloader.ClasspathUtil                                   : loaded 2 times (x 71B)
Class com.google.common.base.Charsets                                                 : loaded 2 times (x 71B)
Class com.google.common.util.concurrent.Uninterruptibles                              : loaded 2 times (x 71B)
Class com.google.common.collect.Maps                                                  : loaded 2 times (x 71B)
Class org.gradle.api.specs.Spec                                                       : loaded 2 times (x 70B)
Class [Lcom.google.common.collect.MapMakerInternalMap$Segment;                        : loaded 2 times (x 69B)
Class com.google.common.reflect.Types$JavaVersion                                     : loaded 2 times (x 83B)
Class com.google.common.collect.MapMaker                                              : loaded 2 times (x 72B)
Class [Lcom.google.common.collect.ImmutableEntry;                                     : loaded 2 times (x 69B)
Class com.google.common.collect.Sets$3$1                                              : loaded 2 times (x 82B)
Class com.google.common.cache.LocalCache$LoadingValueReference                        : loaded 2 times (x 96B)
Class com.google.common.cache.LocalCache$ValueIterator                                : loaded 2 times (x 86B)
Class com.google.common.reflect.Invokable$MethodInvokable                             : loaded 2 times (x 107B)
Class com.google.common.collect.MapMakerInternalMap$StrongKeyDummyValueEntry          : loaded 2 times (x 82B)
Class com.google.common.base.Platform                                                 : loaded 2 times (x 71B)
Class org.gradle.internal.classloader.FilteringClassLoader                            : loaded 2 times (x 105B)
Class com.google.common.collect.AbstractMapBasedMultimap$WrappedList                  : loaded 2 times (x 205B)
Class [Lorg.objectweb.asm.AnnotationWriter;                                           : loaded 2 times (x 69B)
Class com.google.common.collect.Maps$8                                                : loaded 2 times (x 82B)
Class com.google.common.base.Predicates$CompositionPredicate                          : loaded 2 times (x 88B)
Class [Lcom.google.common.collect.Iterators$EmptyModifiableIterator;                  : loaded 2 times (x 69B)
Class com.google.common.collect.ImmutableRangeSet$Builder                             : loaded 2 times (x 77B)
Class com.google.common.collect.Lists$ReverseList$1                                   : loaded 2 times (x 99B)
Class com.google.common.collect.Sets$SetView                                          : loaded 2 times (x 138B)
Class com.google.common.cache.LocalCache$StrongValueReference                         : loaded 2 times (x 90B)
Class com.google.common.util.concurrent.AbstractFuture$SynchronizedHelper             : loaded 2 times (x 78B)
Class com.google.common.graph.SuccessorsFunction                                      : loaded 2 times (x 70B)
Class org.objectweb.asm.Type                                                          : loaded 2 times (x 72B)
Class org.gradle.internal.classloader.VisitableURLClassLoader$InstrumentingVisitableURLClassLoader: loaded 2 times (x 123B)
Class com.google.common.collect.MapMakerInternalMap$StrongKeyDummyValueEntry$Helper   : loaded 2 times (x 79B)
Class com.google.common.io.Files$FileByteSink                                         : loaded 2 times (x 77B)
Class org.objectweb.asm.ByteVector                                                    : loaded 2 times (x 79B)
Class [Lcom.google.common.cache.CacheBuilder$NullListener;                            : loaded 2 times (x 69B)
Class com.google.common.math.IntMath$1                                                : loaded 2 times (x 71B)
Class org.gradle.internal.classloader.VisitableURLClassLoader$Spec                    : loaded 2 times (x 74B)
Class org.gradle.internal.classpath.DefaultClassPath                                  : loaded 2 times (x 90B)
Class com.google.common.reflect.Types$ClassOwnership                                  : loaded 2 times (x 80B)
Class com.google.common.base.AbstractIterator                                         : loaded 2 times (x 80B)
Class org.objectweb.asm.Symbol                                                        : loaded 2 times (x 73B)
Class ijKotlinCoroutineJvmDebugInit1_2edxob47te3k3j1lkm25ffz4$_run_closure1           : loaded 2 times (x 139B)
Class com.google.common.collect.Sets$FilteredSet                                      : loaded 2 times (x 137B)
Class com.google.common.io.Closer                                                     : loaded 2 times (x 78B)
Class com.google.common.base.CharMatcher$Ascii                                        : loaded 2 times (x 112B)
Class com.google.common.base.CharMatcher$BitSetMatcher                                : loaded 2 times (x 112B)
Class com.google.common.collect.RegularImmutableMap$Values                            : loaded 2 times (x 207B)
Class com.google.common.collect.ImmutableSet                                          : loaded 2 times (x 145B)
Class org.gradle.internal.classloader.ClassLoaderSpec                                 : loaded 2 times (x 71B)
Class org.objectweb.asm.AnnotationWriter                                              : loaded 2 times (x 79B)
Class com.google.common.cache.CacheStats                                              : loaded 2 times (x 71B)
Class com.google.common.collect.Interners                                             : loaded 2 times (x 71B)
Class com.google.common.io.Closer$Suppressor                                          : loaded 2 times (x 70B)
Class com.google.common.io.LineProcessor                                              : loaded 2 times (x 70B)
Class org.objectweb.asm.RecordComponentWriter                                         : loaded 2 times (x 78B)
Class com.google.common.util.concurrent.AbstractFuture$Listener                       : loaded 2 times (x 72B)
Class com.google.common.base.CharMatcher$Or                                           : loaded 2 times (x 112B)
Class Settings_gradle$1$1                                                             : loaded 2 times (x 74B)
Class org.objectweb.asm.Attribute                                                     : loaded 2 times (x 77B)
Class com.google.common.base.Supplier                                                 : loaded 2 times (x 70B)
Class org.gradle.internal.classloader.VisitableURLClassLoader                         : loaded 2 times (x 117B)
Class com.google.common.collect.ImmutableList$SerializedForm                          : loaded 2 times (x 73B)
Class com.google.common.util.concurrent.AbstractFuture$Waiter                         : loaded 2 times (x 72B)
Class Settings_gradle                                                                 : loaded 2 times (x 128B)
Class org.gradle.internal.Cast                                                        : loaded 2 times (x 71B)
Class org.gradle.api.Action                                                           : loaded 2 times (x 70B)
Class com.google.common.collect.HashBiMap                                             : loaded 2 times (x 143B)
Class com.google.common.collect.MapMakerInternalMap                                   : loaded 2 times (x 161B)
Class com.google.common.base.Strings                                                  : loaded 2 times (x 71B)
Class com.google.common.collect.Sets                                                  : loaded 2 times (x 71B)
Class org.objectweb.asm.Handler                                                       : loaded 2 times (x 72B)
Class com.google.common.base.Ticker                                                   : loaded 2 times (x 72B)
Class com.google.common.base.CharMatcher$FastMatcher                                  : loaded 2 times (x 111B)
Class com.google.common.cache.RemovalCause$1                                          : loaded 2 times (x 80B)
Class [Lcom.google.common.cache.LocalCache$Segment;                                   : loaded 2 times (x 69B)
Class [Lcom.google.common.cache.LocalCache$Strength;                                  : loaded 2 times (x 69B)
Class com.google.common.cache.CacheBuilder$1                                          : loaded 2 times (x 85B)
Class com.google.common.base.Predicate                                                : loaded 2 times (x 70B)
Class com.google.common.collect.ImmutableMap                                          : loaded 2 times (x 120B)
Class ijJvmDebugger1_6gnha51x1399uf0afb4xb1b8s                                        : loaded 2 times (x 179B)
Class org.gradle.internal.classpath.DefaultClassPath$ImmutableUniqueList$Builder      : loaded 2 times (x 75B)
Class com.google.common.cache.RemovalCause$2                                          : loaded 2 times (x 80B)
Class com.google.common.collect.MapMakerInternalMap$WeakValueReference                : loaded 2 times (x 70B)
Class com.google.common.collect.AbstractRangeSet                                      : loaded 2 times (x 114B)
Class com.google.common.cache.LocalCache                                              : loaded 2 times (x 187B)
Class com.google.common.cache.CacheBuilder$2                                          : loaded 2 times (x 79B)
Class com.google.common.base.CharMatcher$NegatedFastMatcher                           : loaded 2 times (x 113B)
Class com.google.common.cache.RemovalCause$3                                          : loaded 2 times (x 80B)
Class com.google.common.collect.ArrayListMultimap                                     : loaded 2 times (x 172B)
Class com.google.common.cache.CacheBuilder$3                                          : loaded 2 times (x 72B)
Class [Lcom.google.common.collect.AbstractMapEntry;                                   : loaded 2 times (x 69B)
Class com.google.common.collect.ImmutableEntry                                        : loaded 2 times (x 82B)
Class org.gradle.api.GradleException                                                  : loaded 2 times (x 82B)
Class ijKotlinCoroutineJvmDebugInit1_2edxob47te3k3j1lkm25ffz4$_run_closure1$_closure2 : loaded 2 times (x 139B)
Class com.google.common.base.Suppliers$MemoizingSupplier                              : loaded 2 times (x 79B)
Class com.google.common.cache.RemovalCause$4                                          : loaded 2 times (x 80B)
Class com.google.common.collect.CollectPreconditions                                  : loaded 2 times (x 71B)
Class com.google.common.collect.Maps$AbstractFilteredMap                              : loaded 2 times (x 127B)
Class com.google.common.cache.RemovalCause$5                                          : loaded 2 times (x 80B)
Class [Lcom.google.common.collect.MapMakerInternalMap$Strength;                       : loaded 2 times (x 69B)
Class [Lcom.google.common.io.FileWriteMode;                                           : loaded 2 times (x 69B)
Class com.google.common.collect.SortedMapDifference                                   : loaded 2 times (x 70B)
Class com.google.common.collect.Iterables$4                                           : loaded 2 times (x 81B)
Class com.google.common.collect.MapMakerInternalMap$StrongKeyDummyValueSegment        : loaded 2 times (x 142B)
Class com.google.common.cache.LocalCache$WriteThroughEntry                            : loaded 2 times (x 79B)
Class com.google.common.cache.LocalCache$HashIterator                                 : loaded 2 times (x 86B)
Class com.google.common.io.Files                                                      : loaded 2 times (x 71B)
Class com.google.common.cache.LocalCache$EntryFactory                                 : loaded 2 times (x 83B)
Class com.google.common.collect.Iterables$5                                           : loaded 2 times (x 81B)
Class com.google.common.reflect.Types$NativeTypeVariableEquals                        : loaded 2 times (x 71B)
Class com.google.common.reflect.TypeParameter                                         : loaded 2 times (x 72B)
Class [Lcom.google.common.collect.MapMaker$Dummy;                                     : loaded 2 times (x 69B)
Class com.google.common.base.CharMatcher$Whitespace                                   : loaded 2 times (x 112B)
Class com.google.common.base.Splitter$1$1                                             : loaded 2 times (x 86B)
Class com.google.common.cache.LocalCache$AbstractReferenceEntry                       : loaded 2 times (x 107B)
Class org.gradle.internal.IoActions                                                   : loaded 2 times (x 71B)
Class com.google.common.collect.ImmutableMapKeySet                                    : loaded 2 times (x 152B)
Class com.google.common.collect.ImmutableRangeSet$ComplementRanges                    : loaded 2 times (x 207B)
Class org.objectweb.asm.SymbolTable                                                   : loaded 2 times (x 72B)
Class com.google.common.cache.CacheLoader$InvalidCacheLoadException                   : loaded 2 times (x 82B)
Class com.google.common.collect.ImmutableSet$RegularSetBuilderImpl                    : loaded 2 times (x 77B)
Class org.gradle.internal.classloader.SystemClassLoaderSpec                           : loaded 2 times (x 71B)
Class com.google.common.collect.FluentIterable                                        : loaded 2 times (x 81B)
Class com.google.common.cache.LocalCache$StrongEntry                                  : loaded 2 times (x 108B)
Class com.google.common.util.concurrent.AbstractFuture$TrustedFuture                  : loaded 2 times (x 114B)
Class com.google.common.cache.LoadingCache                                            : loaded 2 times (x 70B)
Class com.google.common.collect.RegularImmutableMap$KeySet                            : loaded 2 times (x 152B)
Class com.google.common.io.ByteStreams$LimitedInputStream                             : loaded 2 times (x 92B)
Class com.google.common.base.Suppliers$NonSerializableMemoizingSupplier               : loaded 2 times (x 79B)
Class org.objectweb.asm.MethodWriter                                                  : loaded 2 times (x 106B)
Class [Lcom.google.common.cache.Weigher;                                              : loaded 2 times (x 69B)
Class com.google.common.collect.RegularImmutableMap$BucketOverflowException           : loaded 2 times (x 82B)
Class com.google.common.collect.AbstractMapBasedMultimap$RandomAccessWrappedList      : loaded 2 times (x 205B)
Class com.google.common.reflect.Types$JavaVersion$1                                   : loaded 2 times (x 83B)
Class com.google.common.collect.AbstractIterator$State                                : loaded 2 times (x 79B)
Class com.google.common.cache.LocalCache$ValueReference                               : loaded 2 times (x 70B)
Class com.google.common.base.CharMatcher$Negated                                      : loaded 2 times (x 113B)
Class com.google.common.base.CharMatcher$Is                                           : loaded 2 times (x 111B)
Class com.google.common.collect.RegularImmutableBiMap                                 : loaded 2 times (x 149B)
Class com.google.common.hash.PrimitiveSink                                            : loaded 2 times (x 70B)
Class com.google.common.reflect.Types$JavaVersion$2                                   : loaded 2 times (x 83B)
Class com.google.common.reflect.Types                                                 : loaded 2 times (x 71B)
Class com.google.common.base.PatternCompiler                                          : loaded 2 times (x 70B)
Class com.google.common.util.concurrent.AbstractFuture$Failure                        : loaded 2 times (x 72B)
Class com.google.common.base.Equivalence$Equals                                       : loaded 2 times (x 82B)
Class com.google.common.collect.Hashing                                               : loaded 2 times (x 71B)
Class com.google.common.base.Preconditions                                            : loaded 2 times (x 71B)
Class com.google.common.reflect.Types$JavaVersion$3                                   : loaded 2 times (x 83B)
Class com.google.common.collect.ImmutableSetMultimap                                  : loaded 2 times (x 180B)
Class com.google.common.io.CharSink                                                   : loaded 2 times (x 79B)
Class com.google.common.base.Joiner$1                                                 : loaded 2 times (x 80B)
Class org.objectweb.asm.Label                                                         : loaded 2 times (x 73B)
Class org.objectweb.asm.CurrentFrame                                                  : loaded 2 times (x 73B)
Class org.objectweb.asm.ClassTooLargeException                                        : loaded 2 times (x 83B)
Class com.google.common.base.CharMatcher                                              : loaded 2 times (x 111B)
Class com.google.common.collect.PeekingIterator                                       : loaded 2 times (x 70B)
Class com.google.common.reflect.Types$JavaVersion$4                                   : loaded 2 times (x 83B)
Class com.google.common.collect.MapMakerInternalMap$InternalEntryHelper               : loaded 2 times (x 70B)
Class com.google.common.collect.Maps$IteratorBasedAbstractMap                         : loaded 2 times (x 125B)
Class com.google.common.collect.RangeGwtSerializationDependencies                     : loaded 2 times (x 71B)
Class com.google.common.collect.Table                                                 : loaded 2 times (x 70B)
Class com.google.common.base.Joiner$2                                                 : loaded 2 times (x 79B)
Class org.objectweb.asm.Frame                                                         : loaded 2 times (x 73B)
Class org.objectweb.asm.MethodVisitor                                                 : loaded 2 times (x 105B)
Class com.google.common.cache.LocalCache$EntryFactory$1                               : loaded 2 times (x 83B)
Class [Lcom.google.common.cache.RemovalListener;                                      : loaded 2 times (x 69B)
Class com.google.common.base.CharMatcher$NamedFastMatcher                             : loaded 2 times (x 112B)
Class com.google.common.base.CharMatcher$1                                            : loaded 2 times (x 113B)
Class com.google.common.reflect.Types$JavaVersion$5                                   : loaded 2 times (x 71B)
Class [Lcom.google.common.reflect.Types$ClassOwnership;                               : loaded 2 times (x 69B)
Class com.google.common.collect.RangeSet                                              : loaded 2 times (x 70B)
Class com.google.common.cache.LocalCache$EntryFactory$2                               : loaded 2 times (x 83B)
Class ijJvmDebugger1_6gnha51x1399uf0afb4xb1b8s$_run_closure1$_closure2                : loaded 2 times (x 140B)
Class org.gradle.api.internal.classpath.GlobalCacheRootsProvider                      : loaded 2 times (x 70B)
Class com.google.common.collect.CollectCollectors                                     : loaded 2 times (x 71B)
Class org.objectweb.asm.ModuleWriter                                                  : loaded 2 times (x 82B)
Class com.google.common.cache.LocalCache$EntryFactory$3                               : loaded 2 times (x 83B)
Class com.google.common.base.Ticker$1                                                 : loaded 2 times (x 72B)
Class com.google.common.collect.Maps$BiMapConverter                                   : loaded 2 times (x 90B)
Class com.google.common.collect.ImmutableMapEntrySet$RegularEntrySet                  : loaded 2 times (x 152B)
Class com.google.common.collect.SetMultimap                                           : loaded 2 times (x 70B)
Class com.google.common.cache.LocalCache$EntryFactory$4                               : loaded 2 times (x 83B)
Class com.google.common.base.CharMatcher$InRange                                      : loaded 2 times (x 111B)
Class com.google.common.collect.ImmutableSet$Builder                                  : loaded 2 times (x 85B)
Class com.google.common.io.ByteStreams$1                                              : loaded 2 times (x 85B)
Class com.google.common.cache.LocalCache$EntryFactory$5                               : loaded 2 times (x 83B)
Class com.google.common.base.Equivalence$Identity                                     : loaded 2 times (x 82B)
Class com.google.common.cache.LocalCache$EntryFactory$6                               : loaded 2 times (x 83B)
Class org.gradle.internal.installation.CurrentGradleInstallationLocator               : loaded 2 times (x 71B)
Class com.google.common.collect.Maps$KeySet                                           : loaded 2 times (x 137B)
Class com.google.common.cache.LocalCache$EntryFactory$7                               : loaded 2 times (x 83B)
Class com.google.common.collect.ImmutableSet$EmptySetBuilderImpl                      : loaded 2 times (x 76B)
Class com.google.common.collect.ImmutableList                                         : loaded 2 times (x 206B)
Class org.gradle.internal.service.DefaultServiceLocator                               : loaded 2 times (x 83B)
Class com.google.common.collect.ImmutableSet$CachingAsList                            : loaded 2 times (x 148B)
Class com.google.common.cache.LocalCache$SoftValueReference                           : loaded 2 times (x 97B)
Class com.google.common.collect.Maps$EntrySet                                         : loaded 2 times (x 136B)
Class com.google.common.cache.LocalCache$EntryFactory$8                               : loaded 2 times (x 83B)
Class com.google.common.collect.ImmutableSet$SetBuilderImpl                           : loaded 2 times (x 76B)
Class org.gradle.internal.installation.CurrentGradleInstallation                      : loaded 2 times (x 73B)
Class com.google.common.cache.CacheLoader$1                                           : loaded 2 times (x 75B)
Class com.google.common.collect.ForwardingObject                                      : loaded 2 times (x 72B)
Class com.google.common.collect.ImmutableList$SubList                                 : loaded 2 times (x 209B)
Class org.gradle.util.internal.GUtil                                                  : loaded 2 times (x 71B)
Class com.google.common.io.ByteSource                                                 : loaded 2 times (x 84B)
Class com.google.common.util.concurrent.AbstractFuture$SetFuture                      : loaded 2 times (x 75B)
Class com.google.common.cache.AbstractCache$StatsCounter                              : loaded 2 times (x 70B)
Class com.google.common.reflect.Types$TypeVariableImpl                                : loaded 2 times (x 72B)
Class com.google.common.collect.MapMakerInternalMap$1                                 : loaded 2 times (x 83B)
Class com.google.common.collect.Iterators$MergingIterator                             : loaded 2 times (x 81B)
Class com.google.common.collect.RegularImmutableSet                                   : loaded 2 times (x 149B)
Class org.gradle.internal.installation.GradleInstallation                             : loaded 2 times (x 75B)
Class com.google.common.base.Splitter$Strategy                                        : loaded 2 times (x 70B)
Class com.google.common.collect.Iterables                                             : loaded 2 times (x 71B)
Class com.google.common.collect.Lists$RandomAccessReverseList                         : loaded 2 times (x 200B)

---------------  S Y S T E M  ---------------

OS:
 Windows 10 , 64 bit Build 19041 (10.0.19041.3636)
OS uptime: 0 days 12:57 hours
Hyper-V role detected

CPU: total 8 (initial active 8) (4 cores per cpu, 2 threads per core) family 6 model 142 stepping 10 microcode 0xf4, cx8, cmov, fxsr, ht, mmx, 3dnowpref, sse, sse2, sse3, ssse3, sse4.1, sse4.2, popcnt, lzcnt, tsc, tscinvbit, avx, avx2, aes, erms, clmul, bmi1, bmi2, rtm, adx, fma, vzeroupper, clflush, clflushopt, hv, rdtscp, f16c
Processor Information for the first 8 processors :
  Max Mhz: 2112, Current Mhz: 1910, Mhz Limit: 1900

Memory: 4k page, system-wide physical 8070M (321M free)
TotalPageFile size 15190M (AvailPageFile size 1M)
current process WorkingSet (physical memory assigned to process): 721M, peak: 721M
current process commit charge ("private bytes"): 869M, peak: 875M

vm_info: OpenJDK 64-Bit Server VM (21.0.8+-14196175-b1038.72) for windows-amd64 JRE (21.0.8+-14196175-b1038.72), built on 2025-10-01T10:24:33Z by "builder" with MS VC++ 16.10 / 16.11 (VS2019)

END.
