#
# There is insufficient memory for the Java Runtime Environment to continue.
# Native memory allocation (mmap) failed to map 8388608 bytes. Error detail: G1 virtual space
# Possible reasons:
#   The system is out of physical RAM or swap space
#   This process is running with CompressedOops enabled, and the Java Heap may be blocking the growth of the native heap
# Possible solutions:
#   Reduce memory load on the system
#   Increase physical memory or swap space
#   Check if swap backing store is full
#   Decrease Java heap size (-Xmx/-Xms)
#   Decrease number of Java threads
#   Decrease Java thread stack sizes (-Xss)
#   Set larger code cache with -XX:ReservedCodeCacheSize=
#   JVM is running with Unscaled Compressed Oops mode in which the Java heap is
#     placed in the first 4GB address space. The Java Heap base address is the
#     maximum limit for the native heap growth. Please use -XX:HeapBaseMinAddress
#     to set the Java Heap base and to place the Java Heap above 4GB virtual address.
# This output file may be truncated or incomplete.
#
#  Out of Memory Error (os_windows.cpp:3925), pid=5380, tid=2936
#
# JRE version: OpenJDK Runtime Environment (21.0.8) (build 21.0.8+-14196175-b1038.72)
# Java VM: OpenJDK 64-Bit Server VM (21.0.8+-14196175-b1038.72, mixed mode, tiered, compressed oops, compressed class ptrs, g1 gc, windows-amd64)
# No core dump will be written. Minidumps are not enabled by default on client versions of Windows
#

---------------  S U M M A R Y ------------

Command Line: --add-opens=java.base/java.lang=ALL-UNNAMED --add-opens=java.base/java.lang.invoke=ALL-UNNAMED --add-opens=java.base/java.util=ALL-UNNAMED --add-opens=java.prefs/java.util.prefs=ALL-UNNAMED --add-exports=jdk.compiler/com.sun.tools.javac.api=ALL-UNNAMED --add-exports=jdk.compiler/com.sun.tools.javac.util=ALL-UNNAMED --add-opens=java.base/java.util=ALL-UNNAMED --add-opens=java.prefs/java.util.prefs=ALL-UNNAMED --add-opens=java.base/java.nio.charset=ALL-UNNAMED --add-opens=java.base/java.net=ALL-UNNAMED --add-opens=java.base/java.util.concurrent.atomic=ALL-UNNAMED --add-opens=java.xml/javax.xml.namespace=ALL-UNNAMED -Xmx2048m -Dfile.encoding=UTF-8 -Duser.country=US -Duser.language=en -Duser.variant -javaagent:C:\Users\Admin\.gradle\wrapper\dists\gradle-8.13-bin\5xuhj0ry160q40clulazy9h7d\gradle-8.13\lib\agents\gradle-instrumentation-agent-8.13.jar org.gradle.launcher.daemon.bootstrap.GradleDaemon 8.13

Host: Intel(R) Core(TM) i7-8650U CPU @ 1.90GHz, 8 cores, 7G,  Windows 10 , 64 bit Build 19041 (10.0.19041.3636)
Time: Fri May 22 21:59:18 2026 SE Asia Standard Time elapsed time: 35.040809 seconds (0d 0h 0m 35s)

---------------  T H R E A D  ---------------

Current thread (0x000002007ebc8070):  VMThread "VM Thread"          [id=2936, stack(0x0000003d5e700000,0x0000003d5e800000) (1024K)]

Stack: [0x0000003d5e700000,0x0000003d5e800000]
Native frames: (J=compiled Java code, j=interpreted, Vv=VM code, C=native code)
V  [jvm.dll+0x6d68d9]
V  [jvm.dll+0x866693]
V  [jvm.dll+0x868c4e]
V  [jvm.dll+0x869333]
V  [jvm.dll+0x280566]
V  [jvm.dll+0x6d3195]
V  [jvm.dll+0x6c69ea]
V  [jvm.dll+0x3586db]
V  [jvm.dll+0x360336]
V  [jvm.dll+0x3b23f6]
V  [jvm.dll+0x3b26c8]
V  [jvm.dll+0x32ae6c]
V  [jvm.dll+0x32d806]
V  [jvm.dll+0x3376dd]
V  [jvm.dll+0x36ee15]
V  [jvm.dll+0x86f0b8]
V  [jvm.dll+0x870434]
V  [jvm.dll+0x870970]
V  [jvm.dll+0x870c03]
V  [jvm.dll+0x80eac8]
V  [jvm.dll+0x6d512d]
C  [ucrtbase.dll+0x21bb2]
C  [KERNEL32.DLL+0x17344]
C  [ntdll.dll+0x526b1]

VM_Operation (0x0000003d5e2ff320): G1PauseRemark, mode: safepoint, requested by thread 0x00000200763d0570


---------------  P R O C E S S  ---------------

Threads class SMR info:
_java_thread_list=0x000002001e853b70, length=154, elements={
0x0000020076368040, 0x000002007ec132c0, 0x000002007ec15d30, 0x000002007ec16790,
0x000002007ec17470, 0x000002007ec17ed0, 0x000002007ec18930, 0x000002007ec3fb30,
0x000002007ec45aa0, 0x000002007ec46950, 0x000002007ef27130, 0x0000020013ecc3a0,
0x0000020013ee1340, 0x00000200142cdfd0, 0x00000200140a9cb0, 0x0000020014095310,
0x0000020014093790, 0x00000200140a5c70, 0x00000200142e9d70, 0x00000200142e68f0,
0x00000200142e6f80, 0x00000200142e96e0, 0x00000200142e89c0, 0x00000200142e7610,
0x00000200142e8330, 0x0000020015452fa0, 0x0000020015453630, 0x00000200154501b0,
0x0000020015450840, 0x0000020015450ed0, 0x000002001544da50, 0x000002001544e770,
0x0000020015454350, 0x000002001544f490, 0x0000020015452280, 0x0000020015452910,
0x00000200155a4520, 0x00000200155a3e90, 0x00000200155a3800, 0x00000200155a4bb0,
0x00000200155a5240, 0x00000200155a58d0, 0x00000200155a5f60, 0x00000200155a8d50,
0x00000200155a7310, 0x00000200155a65f0, 0x00000200155a6c80, 0x00000200155a79a0,
0x00000200155a8030, 0x00000200155a86c0, 0x00000200155a93e0, 0x00000200155a9a70,
0x00000200155aa100, 0x00000200155a3170, 0x00000200155aa790, 0x0000020016b64970,
0x0000020016b614f0, 0x0000020016b5e700, 0x0000020016b65d20, 0x0000020016b62f30,
0x0000020016b5ed90, 0x0000020016b5f420, 0x0000020016b62210, 0x0000020016b635c0,
0x0000020016b5fab0, 0x0000020016b60e60, 0x0000020016b61b80, 0x0000020016b628a0,
0x000002001544d3c0, 0x0000020015dd3900, 0x0000020015dd2550, 0x0000020015dd87c0,
0x0000020015dd8e50, 0x0000020015dd6d80, 0x0000020015dd1ec0, 0x0000020015dd59d0,
0x0000020015dd7aa0, 0x0000020018425bd0, 0x000002001841ec40, 0x0000020018426260,
0x0000020015e289e0, 0x0000020015e27630, 0x0000020015e22e00, 0x0000020015e220e0,
0x0000020015e26910, 0x0000020015e29700, 0x0000020015e24840, 0x0000020015e29070,
0x0000020015e24ed0, 0x0000020015e23b20, 0x0000020015e25560, 0x0000020015e241b0,
0x0000020015e22770, 0x0000020015e25bf0, 0x0000020015e26280, 0x0000020015e26fa0,
0x0000020015e27cc0, 0x0000020015e28350, 0x000002001841f2d0, 0x0000020018425540,
0x000002001841f960, 0x0000020018423b00, 0x0000020018424190, 0x0000020018424820,
0x000002001841fff0, 0x0000020018420680, 0x0000020018424eb0, 0x0000020018422750,
0x0000020018421a30, 0x0000020018420d10, 0x00000200184213a0, 0x00000200184220c0,
0x0000020016eef3d0, 0x0000020016ef00f0, 0x0000020016ef0780, 0x0000020016ef0e10,
0x0000020016ef21c0, 0x0000020016ef14a0, 0x0000020016ef1b30, 0x0000020015dd8130,
0x0000020015dd3f90, 0x0000020019454620, 0x0000020019458e50, 0x00000200194566f0,
0x0000020019452be0, 0x0000020019455340, 0x00000200194559d0, 0x0000020019456060,
0x0000020019459b70, 0x000002001945a200, 0x0000020019453270, 0x0000020019456d80,
0x0000020019457410, 0x0000020019458130, 0x0000020019457aa0, 0x00000200194587c0,
0x0000020019454cb0, 0x00000200194594e0, 0x0000020019245870, 0x0000020017ca1b20,
0x0000020017ca21b0, 0x0000020017ca3560, 0x0000020017ca4fa0, 0x0000020017ca5630,
0x0000020017c9e6a0, 0x0000020017ca5cc0, 0x0000020017ca2840, 0x0000020017ca3bf0,
0x0000020017ca4910, 0x0000020017c9ed30, 0x0000020017ca6350, 0x0000020017c9f3c0,
0x0000020017ca69e0, 0x0000020017c9fa50
}

Java Threads: ( => current thread )
  0x0000020076368040 JavaThread "main"                              [_thread_blocked, id=840, stack(0x0000003d5e000000,0x0000003d5e100000) (1024K)]
  0x000002007ec132c0 JavaThread "Common-Cleaner"             daemon [_thread_blocked, id=16164, stack(0x0000003d5e800000,0x0000003d5e900000) (1024K)]
  0x000002007ec15d30 JavaThread "Reference Handler"          daemon [_thread_blocked, id=12108, stack(0x0000003d5e900000,0x0000003d5ea00000) (1024K)]
  0x000002007ec16790 JavaThread "Finalizer"                  daemon [_thread_blocked, id=14028, stack(0x0000003d5ea00000,0x0000003d5eb00000) (1024K)]
  0x000002007ec17470 JavaThread "Signal Dispatcher"          daemon [_thread_blocked, id=9944, stack(0x0000003d5eb00000,0x0000003d5ec00000) (1024K)]
  0x000002007ec17ed0 JavaThread "Attach Listener"            daemon [_thread_blocked, id=13256, stack(0x0000003d5ec00000,0x0000003d5ed00000) (1024K)]
  0x000002007ec18930 JavaThread "Service Thread"             daemon [_thread_blocked, id=5520, stack(0x0000003d5ed00000,0x0000003d5ee00000) (1024K)]
  0x000002007ec3fb30 JavaThread "Monitor Deflation Thread"   daemon [_thread_blocked, id=11316, stack(0x0000003d5ee00000,0x0000003d5ef00000) (1024K)]
  0x000002007ec45aa0 JavaThread "C2 CompilerThread0"         daemon [_thread_blocked, id=18256, stack(0x0000003d5ef00000,0x0000003d5f000000) (1024K)]
  0x000002007ec46950 JavaThread "C1 CompilerThread0"         daemon [_thread_blocked, id=13824, stack(0x0000003d5f000000,0x0000003d5f100000) (1024K)]
  0x000002007ef27130 JavaThread "Notification Thread"        daemon [_thread_blocked, id=17028, stack(0x0000003d5f100000,0x0000003d5f200000) (1024K)]
  0x0000020013ecc3a0 JavaThread "Daemon health stats"               [_thread_blocked, id=8440, stack(0x0000003d5fa00000,0x0000003d5fb00000) (1024K)]
  0x0000020013ee1340 JavaThread "Incoming local TCP Connector on port 61547"        [_thread_in_native, id=4732, stack(0x0000003d5fb00000,0x0000003d5fc00000) (1024K)]
  0x00000200142cdfd0 JavaThread "Daemon periodic checks"            [_thread_blocked, id=16364, stack(0x0000003d5fc00000,0x0000003d5fd00000) (1024K)]
  0x00000200140a9cb0 JavaThread "Daemon"                            [_thread_blocked, id=14580, stack(0x0000003d5fd00000,0x0000003d5fe00000) (1024K)]
  0x0000020014095310 JavaThread "Handler for socket connection from /127.0.0.1:61547 to /127.0.0.1:61548"        [_thread_in_native, id=3756, stack(0x0000003d5fe00000,0x0000003d5ff00000) (1024K)]
  0x0000020014093790 JavaThread "Cancel handler"                    [_thread_blocked, id=14120, stack(0x0000003d5ff00000,0x0000003d60000000) (1024K)]
  0x00000200140a5c70 JavaThread "Daemon worker"                     [_thread_blocked, id=14908, stack(0x0000003d60000000,0x0000003d60100000) (1024K)]
  0x00000200142e9d70 JavaThread "Asynchronous log dispatcher for DefaultDaemonConnection: socket connection from /127.0.0.1:61547 to /127.0.0.1:61548"        [_thread_blocked, id=9304, stack(0x0000003d60100000,0x0000003d60200000) (1024K)]
  0x00000200142e68f0 JavaThread "Stdin handler"                     [_thread_blocked, id=11180, stack(0x0000003d60200000,0x0000003d60300000) (1024K)]
  0x00000200142e6f80 JavaThread "Daemon client event forwarder"        [_thread_blocked, id=3840, stack(0x0000003d60300000,0x0000003d60400000) (1024K)]
  0x00000200142e96e0 JavaThread "Cache worker for journal cache (C:\Users\Admin\.gradle\caches\journal-1)"        [_thread_blocked, id=8816, stack(0x0000003d60500000,0x0000003d60600000) (1024K)]
  0x00000200142e89c0 JavaThread "File lock request listener"        [_thread_in_native, id=3824, stack(0x0000003d60600000,0x0000003d60700000) (1024K)]
  0x00000200142e7610 JavaThread "Cache worker for file hash cache (C:\Users\Admin\.gradle\caches\8.13\fileHashes)"        [_thread_blocked, id=14284, stack(0x0000003d60700000,0x0000003d60800000) (1024K)]
  0x00000200142e8330 JavaThread "Cache worker for file hash cache (D:\BtapNhomAndroid\Test1\.gradle\8.13\fileHashes)"        [_thread_blocked, id=8280, stack(0x0000003d60800000,0x0000003d60900000) (1024K)]
  0x0000020015452fa0 JavaThread "Cache worker for Build Output Cleanup Cache (D:\BtapNhomAndroid\Test1\.gradle\buildOutputCleanup)"        [_thread_blocked, id=15972, stack(0x0000003d60900000,0x0000003d60a00000) (1024K)]
  0x0000020015453630 JavaThread "File watcher server"        daemon [_thread_blocked, id=12764, stack(0x0000003d60a00000,0x0000003d60b00000) (1024K)]
  0x00000200154501b0 JavaThread "File watcher consumer"      daemon [_thread_blocked, id=2856, stack(0x0000003d60b00000,0x0000003d60c00000) (1024K)]
  0x0000020015450840 JavaThread "jar transforms"                    [_thread_blocked, id=15548, stack(0x0000003d60c00000,0x0000003d60d00000) (1024K)]
  0x0000020015450ed0 JavaThread "jar transforms Thread 2"           [_thread_blocked, id=16240, stack(0x0000003d60d00000,0x0000003d60e00000) (1024K)]
  0x000002001544da50 JavaThread "Cache worker for checksums cache (D:\BtapNhomAndroid\Test1\.gradle\8.13\checksums)"        [_thread_blocked, id=18260, stack(0x0000003d60e00000,0x0000003d60f00000) (1024K)]
  0x000002001544e770 JavaThread "Cache worker for file content cache (C:\Users\Admin\.gradle\caches\8.13\fileContent)"        [_thread_blocked, id=1164, stack(0x0000003d60f00000,0x0000003d61000000) (1024K)]
  0x0000020015454350 JavaThread "jar transforms Thread 3"           [_thread_blocked, id=3952, stack(0x0000003d61000000,0x0000003d61100000) (1024K)]
  0x000002001544f490 JavaThread "Cache worker for cache directory md-supplier (C:\Users\Admin\.gradle\caches\8.13\md-supplier)"        [_thread_blocked, id=15588, stack(0x0000003d61100000,0x0000003d61200000) (1024K)]
  0x0000020015452280 JavaThread "Cache worker for cache directory md-rule (C:\Users\Admin\.gradle\caches\8.13\md-rule)"        [_thread_blocked, id=9172, stack(0x0000003d61200000,0x0000003d61300000) (1024K)]
  0x0000020015452910 JavaThread "Unconstrained build operations"        [_thread_blocked, id=4976, stack(0x0000003d61300000,0x0000003d61400000) (1024K)]
  0x00000200155a4520 JavaThread "Unconstrained build operations Thread 2"        [_thread_blocked, id=18176, stack(0x0000003d61400000,0x0000003d61500000) (1024K)]
  0x00000200155a3e90 JavaThread "Unconstrained build operations Thread 3"        [_thread_blocked, id=17552, stack(0x0000003d61500000,0x0000003d61600000) (1024K)]
  0x00000200155a3800 JavaThread "Unconstrained build operations Thread 4"        [_thread_blocked, id=2980, stack(0x0000003d61600000,0x0000003d61700000) (1024K)]
  0x00000200155a4bb0 JavaThread "Unconstrained build operations Thread 5"        [_thread_blocked, id=432, stack(0x0000003d61700000,0x0000003d61800000) (1024K)]
  0x00000200155a5240 JavaThread "Unconstrained build operations Thread 6"        [_thread_blocked, id=1684, stack(0x0000003d61800000,0x0000003d61900000) (1024K)]
  0x00000200155a58d0 JavaThread "Unconstrained build operations Thread 7"        [_thread_blocked, id=10604, stack(0x0000003d61900000,0x0000003d61a00000) (1024K)]
  0x00000200155a5f60 JavaThread "Unconstrained build operations Thread 8"        [_thread_blocked, id=13944, stack(0x0000003d61a00000,0x0000003d61b00000) (1024K)]
  0x00000200155a8d50 JavaThread "Unconstrained build operations Thread 9"        [_thread_blocked, id=436, stack(0x0000003d61b00000,0x0000003d61c00000) (1024K)]
  0x00000200155a7310 JavaThread "Unconstrained build operations Thread 10"        [_thread_blocked, id=6632, stack(0x0000003d61c00000,0x0000003d61d00000) (1024K)]
  0x00000200155a65f0 JavaThread "jar transforms Thread 4"           [_thread_blocked, id=15436, stack(0x0000003d61d00000,0x0000003d61e00000) (1024K)]
  0x00000200155a6c80 JavaThread "jar transforms Thread 5"           [_thread_blocked, id=16620, stack(0x0000003d61e00000,0x0000003d61f00000) (1024K)]
  0x00000200155a79a0 JavaThread "Unconstrained build operations Thread 11"        [_thread_blocked, id=11572, stack(0x0000003d61f00000,0x0000003d62000000) (1024K)]
  0x00000200155a8030 JavaThread "Unconstrained build operations Thread 12"        [_thread_blocked, id=16484, stack(0x0000003d62000000,0x0000003d62100000) (1024K)]
  0x00000200155a86c0 JavaThread "Unconstrained build operations Thread 13"        [_thread_blocked, id=16568, stack(0x0000003d62100000,0x0000003d62200000) (1024K)]
  0x00000200155a93e0 JavaThread "Unconstrained build operations Thread 14"        [_thread_blocked, id=12344, stack(0x0000003d62200000,0x0000003d62300000) (1024K)]
  0x00000200155a9a70 JavaThread "Unconstrained build operations Thread 15"        [_thread_blocked, id=11276, stack(0x0000003d62300000,0x0000003d62400000) (1024K)]
  0x00000200155aa100 JavaThread "jar transforms Thread 6"           [_thread_blocked, id=17920, stack(0x0000003d62400000,0x0000003d62500000) (1024K)]
  0x00000200155a3170 JavaThread "jar transforms Thread 7"           [_thread_blocked, id=1404, stack(0x0000003d62500000,0x0000003d62600000) (1024K)]
  0x00000200155aa790 JavaThread "jar transforms Thread 8"           [_thread_blocked, id=2916, stack(0x0000003d62600000,0x0000003d62700000) (1024K)]
  0x0000020016b64970 JavaThread "Unconstrained build operations Thread 16"        [_thread_blocked, id=4628, stack(0x0000003d62700000,0x0000003d62800000) (1024K)]
  0x0000020016b614f0 JavaThread "Unconstrained build operations Thread 17"        [_thread_blocked, id=10260, stack(0x0000003d62800000,0x0000003d62900000) (1024K)]
  0x0000020016b5e700 JavaThread "Unconstrained build operations Thread 18"        [_thread_blocked, id=11168, stack(0x0000003d62900000,0x0000003d62a00000) (1024K)]
  0x0000020016b65d20 JavaThread "Unconstrained build operations Thread 19"        [_thread_blocked, id=5820, stack(0x0000003d62a00000,0x0000003d62b00000) (1024K)]
  0x0000020016b62f30 JavaThread "Unconstrained build operations Thread 20"        [_thread_blocked, id=17680, stack(0x0000003d62b00000,0x0000003d62c00000) (1024K)]
  0x0000020016b5ed90 JavaThread "Unconstrained build operations Thread 21"        [_thread_blocked, id=16024, stack(0x0000003d62c00000,0x0000003d62d00000) (1024K)]
  0x0000020016b5f420 JavaThread "Unconstrained build operations Thread 22"        [_thread_blocked, id=6556, stack(0x0000003d62d00000,0x0000003d62e00000) (1024K)]
  0x0000020016b62210 JavaThread "Unconstrained build operations Thread 23"        [_thread_blocked, id=5284, stack(0x0000003d62e00000,0x0000003d62f00000) (1024K)]
  0x0000020016b635c0 JavaThread "Unconstrained build operations Thread 24"        [_thread_blocked, id=4424, stack(0x0000003d62f00000,0x0000003d63000000) (1024K)]
  0x0000020016b5fab0 JavaThread "Unconstrained build operations Thread 25"        [_thread_blocked, id=14128, stack(0x0000003d63000000,0x0000003d63100000) (1024K)]
  0x0000020016b60e60 JavaThread "Unconstrained build operations Thread 26"        [_thread_blocked, id=13848, stack(0x0000003d63100000,0x0000003d63200000) (1024K)]
  0x0000020016b61b80 JavaThread "Unconstrained build operations Thread 27"        [_thread_blocked, id=5636, stack(0x0000003d63200000,0x0000003d63300000) (1024K)]
  0x0000020016b628a0 JavaThread "Unconstrained build operations Thread 28"        [_thread_blocked, id=2804, stack(0x0000003d63300000,0x0000003d63400000) (1024K)]
  0x000002001544d3c0 JavaThread "Unconstrained build operations Thread 29"        [_thread_blocked, id=11216, stack(0x0000003d63400000,0x0000003d63500000) (1024K)]
  0x0000020015dd3900 JavaThread "Unconstrained build operations Thread 30"        [_thread_blocked, id=16072, stack(0x0000003d63500000,0x0000003d63600000) (1024K)]
  0x0000020015dd2550 JavaThread "Unconstrained build operations Thread 31"        [_thread_blocked, id=864, stack(0x0000003d63600000,0x0000003d63700000) (1024K)]
  0x0000020015dd87c0 JavaThread "Unconstrained build operations Thread 32"        [_thread_blocked, id=16680, stack(0x0000003d63700000,0x0000003d63800000) (1024K)]
  0x0000020015dd8e50 JavaThread "Unconstrained build operations Thread 33"        [_thread_blocked, id=18336, stack(0x0000003d63800000,0x0000003d63900000) (1024K)]
  0x0000020015dd6d80 JavaThread "Unconstrained build operations Thread 34"        [_thread_blocked, id=17660, stack(0x0000003d63900000,0x0000003d63a00000) (1024K)]
  0x0000020015dd1ec0 JavaThread "Unconstrained build operations Thread 35"        [_thread_blocked, id=1624, stack(0x0000003d63a00000,0x0000003d63b00000) (1024K)]
  0x0000020015dd59d0 JavaThread "Unconstrained build operations Thread 36"        [_thread_blocked, id=2772, stack(0x0000003d63b00000,0x0000003d63c00000) (1024K)]
  0x0000020015dd7aa0 JavaThread "Memory manager"                    [_thread_blocked, id=1932, stack(0x0000003d63d00000,0x0000003d63e00000) (1024K)]
  0x0000020018425bd0 JavaThread "included builds"                   [_thread_blocked, id=15932, stack(0x0000003d63e00000,0x0000003d63f00000) (1024K)]
  0x000002001841ec40 JavaThread "Execution worker"                  [_thread_blocked, id=5016, stack(0x0000003d63f00000,0x0000003d64000000) (1024K)]
  0x0000020018426260 JavaThread "Execution worker Thread 2"         [_thread_blocked, id=10920, stack(0x0000003d64000000,0x0000003d64100000) (1024K)]
  0x0000020015e289e0 JavaThread "Execution worker Thread 3"         [_thread_blocked, id=12432, stack(0x0000003d64100000,0x0000003d64200000) (1024K)]
  0x0000020015e27630 JavaThread "Execution worker Thread 4"         [_thread_blocked, id=13520, stack(0x0000003d64200000,0x0000003d64300000) (1024K)]
  0x0000020015e22e00 JavaThread "Execution worker Thread 5"         [_thread_blocked, id=6860, stack(0x0000003d64300000,0x0000003d64400000) (1024K)]
  0x0000020015e220e0 JavaThread "Execution worker Thread 6"         [_thread_blocked, id=3456, stack(0x0000003d64400000,0x0000003d64500000) (1024K)]
  0x0000020015e26910 JavaThread "Execution worker Thread 7"         [_thread_blocked, id=13484, stack(0x0000003d64500000,0x0000003d64600000) (1024K)]
  0x0000020015e29700 JavaThread "Cache worker for execution history cache (D:\BtapNhomAndroid\Test1\.gradle\8.13\executionHistory)"        [_thread_blocked, id=14204, stack(0x0000003d64600000,0x0000003d64700000) (1024K)]
  0x0000020015e24840 JavaThread "Unconstrained build operations Thread 37"        [_thread_blocked, id=12720, stack(0x0000003d64700000,0x0000003d64800000) (1024K)]
  0x0000020015e29070 JavaThread "Unconstrained build operations Thread 38"        [_thread_blocked, id=14944, stack(0x0000003d64800000,0x0000003d64900000) (1024K)]
  0x0000020015e24ed0 JavaThread "Unconstrained build operations Thread 39"        [_thread_blocked, id=4624, stack(0x0000003d64900000,0x0000003d64a00000) (1024K)]
  0x0000020015e23b20 JavaThread "Unconstrained build operations Thread 40"        [_thread_blocked, id=6892, stack(0x0000003d64a00000,0x0000003d64b00000) (1024K)]
  0x0000020015e25560 JavaThread "Unconstrained build operations Thread 41"        [_thread_blocked, id=12784, stack(0x0000003d64b00000,0x0000003d64c00000) (1024K)]
  0x0000020015e241b0 JavaThread "Unconstrained build operations Thread 42"        [_thread_blocked, id=8092, stack(0x0000003d64c00000,0x0000003d64d00000) (1024K)]
  0x0000020015e22770 JavaThread "Unconstrained build operations Thread 43"        [_thread_blocked, id=18216, stack(0x0000003d64d00000,0x0000003d64e00000) (1024K)]
  0x0000020015e25bf0 JavaThread "Unconstrained build operations Thread 44"        [_thread_blocked, id=13356, stack(0x0000003d64e00000,0x0000003d64f00000) (1024K)]
  0x0000020015e26280 JavaThread "Unconstrained build operations Thread 45"        [_thread_blocked, id=4516, stack(0x0000003d64f00000,0x0000003d65000000) (1024K)]
  0x0000020015e26fa0 JavaThread "Unconstrained build operations Thread 46"        [_thread_blocked, id=10092, stack(0x0000003d65000000,0x0000003d65100000) (1024K)]
  0x0000020015e27cc0 JavaThread "Unconstrained build operations Thread 47"        [_thread_blocked, id=10568, stack(0x0000003d65100000,0x0000003d65200000) (1024K)]
  0x0000020015e28350 JavaThread "Unconstrained build operations Thread 48"        [_thread_blocked, id=9740, stack(0x0000003d65200000,0x0000003d65300000) (1024K)]
  0x000002001841f2d0 JavaThread "Unconstrained build operations Thread 49"        [_thread_blocked, id=3376, stack(0x0000003d65300000,0x0000003d65400000) (1024K)]
  0x0000020018425540 JavaThread "Unconstrained build operations Thread 50"        [_thread_blocked, id=3868, stack(0x0000003d65400000,0x0000003d65500000) (1024K)]
  0x000002001841f960 JavaThread "Unconstrained build operations Thread 51"        [_thread_blocked, id=10448, stack(0x0000003d65500000,0x0000003d65600000) (1024K)]
  0x0000020018423b00 JavaThread "Unconstrained build operations Thread 52"        [_thread_blocked, id=1060, stack(0x0000003d65600000,0x0000003d65700000) (1024K)]
  0x0000020018424190 JavaThread "Unconstrained build operations Thread 53"        [_thread_blocked, id=608, stack(0x0000003d65700000,0x0000003d65800000) (1024K)]
  0x0000020018424820 JavaThread "Unconstrained build operations Thread 54"        [_thread_blocked, id=9128, stack(0x0000003d65800000,0x0000003d65900000) (1024K)]
  0x000002001841fff0 JavaThread "Unconstrained build operations Thread 55"        [_thread_blocked, id=17640, stack(0x0000003d65900000,0x0000003d65a00000) (1024K)]
  0x0000020018420680 JavaThread "Unconstrained build operations Thread 56"        [_thread_blocked, id=13996, stack(0x0000003d65a00000,0x0000003d65b00000) (1024K)]
  0x0000020018424eb0 JavaThread "Unconstrained build operations Thread 57"        [_thread_blocked, id=4652, stack(0x0000003d65b00000,0x0000003d65c00000) (1024K)]
  0x0000020018422750 JavaThread "Unconstrained build operations Thread 58"        [_thread_blocked, id=1720, stack(0x0000003d65c00000,0x0000003d65d00000) (1024K)]
  0x0000020018421a30 JavaThread "Unconstrained build operations Thread 59"        [_thread_blocked, id=10712, stack(0x0000003d65d00000,0x0000003d65e00000) (1024K)]
  0x0000020018420d10 JavaThread "Unconstrained build operations Thread 60"        [_thread_blocked, id=8464, stack(0x0000003d65e00000,0x0000003d65f00000) (1024K)]
  0x00000200184213a0 JavaThread "Unconstrained build operations Thread 61"        [_thread_blocked, id=18284, stack(0x0000003d65f00000,0x0000003d66000000) (1024K)]
  0x00000200184220c0 JavaThread "Unconstrained build operations Thread 62"        [_thread_blocked, id=15432, stack(0x0000003d66000000,0x0000003d66100000) (1024K)]
  0x0000020016eef3d0 JavaThread "Unconstrained build operations Thread 63"        [_thread_blocked, id=15132, stack(0x0000003d66100000,0x0000003d66200000) (1024K)]
  0x0000020016ef00f0 JavaThread "Unconstrained build operations Thread 64"        [_thread_blocked, id=3244, stack(0x0000003d66200000,0x0000003d66300000) (1024K)]
  0x0000020016ef0780 JavaThread "Unconstrained build operations Thread 65"        [_thread_blocked, id=904, stack(0x0000003d66300000,0x0000003d66400000) (1024K)]
  0x0000020016ef0e10 JavaThread "Unconstrained build operations Thread 66"        [_thread_blocked, id=14780, stack(0x0000003d66400000,0x0000003d66500000) (1024K)]
  0x0000020016ef21c0 JavaThread "Unconstrained build operations Thread 67"        [_thread_blocked, id=2568, stack(0x0000003d66500000,0x0000003d66600000) (1024K)]
  0x0000020016ef14a0 JavaThread "Unconstrained build operations Thread 68"        [_thread_blocked, id=10524, stack(0x0000003d66600000,0x0000003d66700000) (1024K)]
  0x0000020016ef1b30 JavaThread "Unconstrained build operations Thread 69"        [_thread_blocked, id=15372, stack(0x0000003d66700000,0x0000003d66800000) (1024K)]
  0x0000020015dd8130 JavaThread "Unconstrained build operations Thread 70"        [_thread_blocked, id=11444, stack(0x0000003d66800000,0x0000003d66900000) (1024K)]
  0x0000020015dd3f90 JavaThread "Unconstrained build operations Thread 71"        [_thread_blocked, id=1472, stack(0x0000003d66900000,0x0000003d66a00000) (1024K)]
  0x0000020019454620 JavaThread "Unconstrained build operations Thread 72"        [_thread_blocked, id=11792, stack(0x0000003d66a00000,0x0000003d66b00000) (1024K)]
  0x0000020019458e50 JavaThread "Unconstrained build operations Thread 73"        [_thread_blocked, id=2276, stack(0x0000003d66b00000,0x0000003d66c00000) (1024K)]
  0x00000200194566f0 JavaThread "Unconstrained build operations Thread 74"        [_thread_blocked, id=6944, stack(0x0000003d66c00000,0x0000003d66d00000) (1024K)]
  0x0000020019452be0 JavaThread "Unconstrained build operations Thread 75"        [_thread_blocked, id=18136, stack(0x0000003d66d00000,0x0000003d66e00000) (1024K)]
  0x0000020019455340 JavaThread "Unconstrained build operations Thread 76"        [_thread_blocked, id=15036, stack(0x0000003d66e00000,0x0000003d66f00000) (1024K)]
  0x00000200194559d0 JavaThread "Unconstrained build operations Thread 77"        [_thread_blocked, id=8112, stack(0x0000003d66f00000,0x0000003d67000000) (1024K)]
  0x0000020019456060 JavaThread "Unconstrained build operations Thread 78"        [_thread_blocked, id=9064, stack(0x0000003d67000000,0x0000003d67100000) (1024K)]
  0x0000020019459b70 JavaThread "Unconstrained build operations Thread 79"        [_thread_blocked, id=7812, stack(0x0000003d67100000,0x0000003d67200000) (1024K)]
  0x000002001945a200 JavaThread "Unconstrained build operations Thread 80"        [_thread_blocked, id=9312, stack(0x0000003d67200000,0x0000003d67300000) (1024K)]
  0x0000020019453270 JavaThread "Cache worker for Java compile cache (C:\Users\Admin\.gradle\caches\8.13\javaCompile)"        [_thread_blocked, id=11816, stack(0x0000003d67300000,0x0000003d67400000) (1024K)]
  0x0000020019456d80 JavaThread "Build operations"                  [_thread_blocked, id=11076, stack(0x0000003d67400000,0x0000003d67500000) (1024K)]
  0x0000020019457410 JavaThread "Build operations Thread 2"         [_thread_blocked, id=292, stack(0x0000003d67500000,0x0000003d67600000) (1024K)]
  0x0000020019458130 JavaThread "Build operations Thread 3"         [_thread_blocked, id=1360, stack(0x0000003d67600000,0x0000003d67700000) (1024K)]
  0x0000020019457aa0 JavaThread "Build operations Thread 4"         [_thread_blocked, id=15916, stack(0x0000003d67700000,0x0000003d67800000) (1024K)]
  0x00000200194587c0 JavaThread "Build operations Thread 5"         [_thread_blocked, id=14328, stack(0x0000003d67800000,0x0000003d67900000) (1024K)]
  0x0000020019454cb0 JavaThread "Build operations Thread 6"         [_thread_blocked, id=3400, stack(0x0000003d67900000,0x0000003d67a00000) (1024K)]
  0x00000200194594e0 JavaThread "Build operations Thread 7"         [_thread_blocked, id=1308, stack(0x0000003d67a00000,0x0000003d67b00000) (1024K)]
  0x0000020019245870 JavaThread "Problems report writer"            [_thread_blocked, id=11268, stack(0x0000003d67b00000,0x0000003d67c00000) (1024K)]
  0x0000020017ca1b20 JavaThread "WorkerExecutor Queue"              [_thread_blocked, id=13800, stack(0x0000003d67c00000,0x0000003d67d00000) (1024K)]
  0x0000020017ca21b0 JavaThread "WorkerExecutor Queue Thread 2"        [_thread_blocked, id=8340, stack(0x0000003d67d00000,0x0000003d67e00000) (1024K)]
  0x0000020017ca3560 JavaThread "WorkerExecutor Queue Thread 3"        [_thread_blocked, id=9012, stack(0x0000003d67e00000,0x0000003d67f00000) (1024K)]
  0x0000020017ca4fa0 JavaThread "WorkerExecutor Queue Thread 4"        [_thread_blocked, id=17820, stack(0x0000003d67f00000,0x0000003d68000000) (1024K)]
  0x0000020017ca5630 JavaThread "WorkerExecutor Queue Thread 5"        [_thread_blocked, id=16368, stack(0x0000003d68000000,0x0000003d68100000) (1024K)]
  0x0000020017c9e6a0 JavaThread "WorkerExecutor Queue Thread 6"        [_thread_blocked, id=6136, stack(0x0000003d68100000,0x0000003d68200000) (1024K)]
  0x0000020017ca5cc0 JavaThread "WorkerExecutor Queue Thread 7"        [_thread_blocked, id=7748, stack(0x0000003d68200000,0x0000003d68300000) (1024K)]
  0x0000020017ca2840 JavaThread "WorkerExecutor Queue Thread 8"        [_thread_blocked, id=13828, stack(0x0000003d68300000,0x0000003d68400000) (1024K)]
  0x0000020017ca3bf0 JavaThread "ForkJoinPool.commonPool-worker-1" daemon [_thread_blocked, id=8380, stack(0x0000003d68400000,0x0000003d68500000) (1024K)]
  0x0000020017ca4910 JavaThread "ForkJoinPool.commonPool-worker-2" daemon [_thread_blocked, id=16772, stack(0x0000003d68600000,0x0000003d68700000) (1024K)]
  0x0000020017c9ed30 JavaThread "ForkJoinPool.commonPool-worker-3" daemon [_thread_blocked, id=18012, stack(0x0000003d68700000,0x0000003d68800000) (1024K)]
  0x0000020017ca6350 JavaThread "ForkJoinPool.commonPool-worker-4" daemon [_thread_blocked, id=11040, stack(0x0000003d68800000,0x0000003d68900000) (1024K)]
  0x0000020017c9f3c0 JavaThread "ForkJoinPool.commonPool-worker-5" daemon [_thread_blocked, id=3768, stack(0x0000003d68900000,0x0000003d68a00000) (1024K)]
  0x0000020017ca69e0 JavaThread "ForkJoinPool.commonPool-worker-6" daemon [_thread_blocked, id=12812, stack(0x0000003d68a00000,0x0000003d68b00000) (1024K)]
  0x0000020017c9fa50 JavaThread "ForkJoinPool.commonPool-worker-7" daemon [_thread_blocked, id=12148, stack(0x0000003d68b00000,0x0000003d68c00000) (1024K)]
Total: 154

Other Threads:
=>0x000002007ebc8070 VMThread "VM Thread"                           [id=2936, stack(0x0000003d5e700000,0x0000003d5e800000) (1024K)]
  0x000002007e9fd470 WatcherThread "VM Periodic Task Thread"        [id=5368, stack(0x0000003d5e600000,0x0000003d5e700000) (1024K)]
  0x00000200763bed00 WorkerThread "GC Thread#0"                     [id=280, stack(0x0000003d5e100000,0x0000003d5e200000) (1024K)]
  0x000002007f0a2490 WorkerThread "GC Thread#1"                     [id=9440, stack(0x0000003d5f300000,0x0000003d5f400000) (1024K)]
  0x000002007f0a2830 WorkerThread "GC Thread#2"                     [id=4844, stack(0x0000003d5f400000,0x0000003d5f500000) (1024K)]
  0x000002007f3881a0 WorkerThread "GC Thread#3"                     [id=17080, stack(0x0000003d5f500000,0x0000003d5f600000) (1024K)]
  0x00000200137ddb80 WorkerThread "GC Thread#4"                     [id=10072, stack(0x0000003d5f600000,0x0000003d5f700000) (1024K)]
  0x000002001416e670 WorkerThread "GC Thread#5"                     [id=12388, stack(0x0000003d5f700000,0x0000003d5f800000) (1024K)]
  0x000002001416ea10 WorkerThread "GC Thread#6"                     [id=5952, stack(0x0000003d5f800000,0x0000003d5f900000) (1024K)]
  0x0000020013ed9d30 WorkerThread "GC Thread#7"                     [id=18300, stack(0x0000003d5f900000,0x0000003d5fa00000) (1024K)]
  0x00000200763d0570 ConcurrentGCThread "G1 Main Marker"            [id=9844, stack(0x0000003d5e200000,0x0000003d5e300000) (1024K)]
  0x00000200763d2730 WorkerThread "G1 Conc#0"                       [id=13384, stack(0x0000003d5e300000,0x0000003d5e400000) (1024K)]
  0x0000020013ecea90 WorkerThread "G1 Conc#1"                       [id=13776, stack(0x0000003d60400000,0x0000003d60500000) (1024K)]
  0x000002007643e560 ConcurrentGCThread "G1 Refine#0"               [id=17876, stack(0x0000003d5e400000,0x0000003d5e500000) (1024K)]
  0x000002007e8c4240 ConcurrentGCThread "G1 Service"                [id=11096, stack(0x0000003d5e500000,0x0000003d5e600000) (1024K)]
Total: 15

Threads with active compile tasks:
Total: 0

VM state: at safepoint (normal execution)

VM Mutex/Monitor currently owned by a thread:  ([mutex/lock_event])
[0x00007ffcbb5685b8] Threads_lock - owner thread: 0x000002007ebc8070
[0x00007ffcbb5686b8] Heap_lock - owner thread: 0x00000200763d0570

Heap address: 0x0000000080000000, size: 2048 MB, Compressed Oops mode: 32-bit

CDS archive(s) not mapped
Compressed class space mapped at: 0x0000000100000000-0x0000000140000000, reserved size: 1073741824
Narrow klass base: 0x0000000000000000, Narrow klass shift: 3, Narrow klass range: 0x140000000

GC Precious Log:
 CardTable entry size: 512
 Card Set container configuration: InlinePtr #cards 5 size 8 Array Of Cards #cards 12 size 40 Howl #buckets 4 coarsen threshold 1843 Howl Bitmap #cards 512 size 80 coarsen threshold 460 Card regions per heap region 1 cards per card region 2048
 CPUs: 8 total, 8 available
 Memory: 8070M
 Large Page Support: Disabled
 NUMA Support: Disabled
 Compressed Oops: Enabled (32-bit)
 Heap Region Size: 1M
 Heap Min Capacity: 8M
 Heap Initial Capacity: 128M
 Heap Max Capacity: 2G
 Pre-touch: Disabled
 Parallel Workers: 8
 Concurrent Workers: 2
 Concurrent Refinement Workers: 8
 Periodic GC: Disabled

Heap:
 garbage-first heap   total 287744K, used 183772K [0x0000000080000000, 0x0000000100000000)
  region size 1024K, 16 young (16384K), 8 survivors (8192K)
 Metaspace       used 150012K, committed 152448K, reserved 1179648K
  class space    used 21463K, committed 22656K, reserved 1048576K

Heap Regions: E=young(eden), S=young(survivor), O=old, HS=humongous(starts), HC=humongous(continues), CS=collection set, F=free, TAMS=top-at-mark-start, PB=parsable bottom
|   0|0x0000000080000000, 0x0000000080100000, 0x0000000080100000|100%|HS|  |TAMS 0x0000000080100000| PB 0x0000000080000000| Complete 
|   1|0x0000000080100000, 0x0000000080200000, 0x0000000080200000|100%|HC|  |TAMS 0x0000000080200000| PB 0x0000000080100000| Complete 
|   2|0x0000000080200000, 0x0000000080300000, 0x0000000080300000|100%|HC|  |TAMS 0x0000000080300000| PB 0x0000000080200000| Complete 
|   3|0x0000000080300000, 0x0000000080400000, 0x0000000080400000|100%| O|  |TAMS 0x0000000080400000| PB 0x0000000080400000| Untracked 
|   4|0x0000000080400000, 0x0000000080500000, 0x0000000080500000|100%| O|  |TAMS 0x0000000080500000| PB 0x0000000080500000| Untracked 
|   5|0x0000000080500000, 0x0000000080600000, 0x0000000080600000|100%| O|  |TAMS 0x0000000080600000| PB 0x0000000080600000| Untracked 
|   6|0x0000000080600000, 0x0000000080700000, 0x0000000080700000|100%|HS|  |TAMS 0x0000000080700000| PB 0x0000000080600000| Complete 
|   7|0x0000000080700000, 0x0000000080800000, 0x0000000080800000|100%| O|  |TAMS 0x0000000080800000| PB 0x0000000080800000| Untracked 
|   8|0x0000000080800000, 0x0000000080900000, 0x0000000080900000|100%| O|  |TAMS 0x0000000080900000| PB 0x0000000080900000| Untracked 
|   9|0x0000000080900000, 0x0000000080a00000, 0x0000000080a00000|100%| O|  |TAMS 0x0000000080a00000| PB 0x0000000080a00000| Untracked 
|  10|0x0000000080a00000, 0x0000000080b00000, 0x0000000080b00000|100%| O|  |TAMS 0x0000000080b00000| PB 0x0000000080b00000| Untracked 
|  11|0x0000000080b00000, 0x0000000080c00000, 0x0000000080c00000|100%| O|  |TAMS 0x0000000080c00000| PB 0x0000000080c00000| Untracked 
|  12|0x0000000080c00000, 0x0000000080d00000, 0x0000000080d00000|100%| O|  |TAMS 0x0000000080d00000| PB 0x0000000080d00000| Updating 
|  13|0x0000000080d00000, 0x0000000080e00000, 0x0000000080e00000|100%| O|  |TAMS 0x0000000080e00000| PB 0x0000000080e00000| Untracked 
|  14|0x0000000080e00000, 0x0000000080f00000, 0x0000000080f00000|100%| O|  |TAMS 0x0000000080f00000| PB 0x0000000080f00000| Untracked 
|  15|0x0000000080f00000, 0x0000000081000000, 0x0000000081000000|100%| O|  |TAMS 0x0000000081000000| PB 0x0000000081000000| Untracked 
|  16|0x0000000081000000, 0x0000000081100000, 0x0000000081100000|100%| O|  |TAMS 0x0000000081100000| PB 0x0000000081100000| Untracked 
|  17|0x0000000081100000, 0x0000000081200000, 0x0000000081200000|100%| O|  |TAMS 0x0000000081200000| PB 0x0000000081200000| Updating 
|  18|0x0000000081200000, 0x0000000081300000, 0x0000000081300000|100%| O|  |TAMS 0x0000000081300000| PB 0x0000000081300000| Untracked 
|  19|0x0000000081300000, 0x0000000081400000, 0x0000000081400000|100%| O|  |TAMS 0x0000000081400000| PB 0x0000000081400000| Untracked 
|  20|0x0000000081400000, 0x0000000081500000, 0x0000000081500000|100%| O|  |TAMS 0x0000000081500000| PB 0x0000000081500000| Untracked 
|  21|0x0000000081500000, 0x0000000081600000, 0x0000000081600000|100%| O|  |TAMS 0x0000000081600000| PB 0x0000000081600000| Untracked 
|  22|0x0000000081600000, 0x0000000081700000, 0x0000000081700000|100%| O|  |TAMS 0x0000000081700000| PB 0x0000000081700000| Untracked 
|  23|0x0000000081700000, 0x0000000081800000, 0x0000000081800000|100%| O|  |TAMS 0x0000000081800000| PB 0x0000000081800000| Updating 
|  24|0x0000000081800000, 0x0000000081900000, 0x0000000081900000|100%| O|  |TAMS 0x0000000081900000| PB 0x0000000081900000| Updating 
|  25|0x0000000081900000, 0x0000000081a00000, 0x0000000081a00000|100%| O|  |TAMS 0x0000000081a00000| PB 0x0000000081a00000| Untracked 
|  26|0x0000000081a00000, 0x0000000081b00000, 0x0000000081b00000|100%| O|  |TAMS 0x0000000081b00000| PB 0x0000000081b00000| Untracked 
|  27|0x0000000081b00000, 0x0000000081c00000, 0x0000000081c00000|100%| O|  |TAMS 0x0000000081c00000| PB 0x0000000081c00000| Updating 
|  28|0x0000000081c00000, 0x0000000081d00000, 0x0000000081d00000|100%| O|  |TAMS 0x0000000081d00000| PB 0x0000000081d00000| Updating 
|  29|0x0000000081d00000, 0x0000000081e00000, 0x0000000081e00000|100%| O|  |TAMS 0x0000000081e00000| PB 0x0000000081e00000| Untracked 
|  30|0x0000000081e00000, 0x0000000081f00000, 0x0000000081f00000|100%| O|  |TAMS 0x0000000081f00000| PB 0x0000000081f00000| Updating 
|  31|0x0000000081f00000, 0x0000000082000000, 0x0000000082000000|100%| O|  |TAMS 0x0000000082000000| PB 0x0000000082000000| Untracked 
|  32|0x0000000082000000, 0x0000000082100000, 0x0000000082100000|100%| O|  |TAMS 0x0000000082100000| PB 0x0000000082100000| Untracked 
|  33|0x0000000082100000, 0x0000000082200000, 0x0000000082200000|100%| O|  |TAMS 0x0000000082200000| PB 0x0000000082200000| Untracked 
|  34|0x0000000082200000, 0x0000000082300000, 0x0000000082300000|100%|HS|  |TAMS 0x0000000082300000| PB 0x0000000082200000| Complete 
|  35|0x0000000082300000, 0x0000000082400000, 0x0000000082400000|100%|HC|  |TAMS 0x0000000082400000| PB 0x0000000082300000| Complete 
|  36|0x0000000082400000, 0x0000000082500000, 0x0000000082500000|100%| O|  |TAMS 0x0000000082500000| PB 0x0000000082500000| Updating 
|  37|0x0000000082500000, 0x0000000082600000, 0x0000000082600000|100%| O|  |TAMS 0x0000000082600000| PB 0x0000000082600000| Updating 
|  38|0x0000000082600000, 0x0000000082700000, 0x0000000082700000|100%| O|  |TAMS 0x0000000082700000| PB 0x0000000082700000| Untracked 
|  39|0x0000000082700000, 0x0000000082800000, 0x0000000082800000|100%| O|  |TAMS 0x0000000082800000| PB 0x0000000082800000| Updating 
|  40|0x0000000082800000, 0x0000000082900000, 0x0000000082900000|100%| O|  |TAMS 0x0000000082900000| PB 0x0000000082900000| Untracked 
|  41|0x0000000082900000, 0x0000000082a00000, 0x0000000082a00000|100%| O|  |TAMS 0x0000000082a00000| PB 0x0000000082a00000| Untracked 
|  42|0x0000000082a00000, 0x0000000082b00000, 0x0000000082b00000|100%| O|  |TAMS 0x0000000082b00000| PB 0x0000000082b00000| Untracked 
|  43|0x0000000082b00000, 0x0000000082c00000, 0x0000000082c00000|100%| O|  |TAMS 0x0000000082c00000| PB 0x0000000082c00000| Untracked 
|  44|0x0000000082c00000, 0x0000000082d00000, 0x0000000082d00000|100%| O|  |TAMS 0x0000000082d00000| PB 0x0000000082d00000| Updating 
|  45|0x0000000082d00000, 0x0000000082e00000, 0x0000000082e00000|100%| O|  |TAMS 0x0000000082e00000| PB 0x0000000082e00000| Untracked 
|  46|0x0000000082e00000, 0x0000000082f00000, 0x0000000082f00000|100%| O|  |TAMS 0x0000000082f00000| PB 0x0000000082f00000| Updating 
|  47|0x0000000082f00000, 0x0000000083000000, 0x0000000083000000|100%| O|  |TAMS 0x0000000083000000| PB 0x0000000083000000| Untracked 
|  48|0x0000000083000000, 0x0000000083100000, 0x0000000083100000|100%| O|  |TAMS 0x0000000083100000| PB 0x0000000083100000| Untracked 
|  49|0x0000000083100000, 0x0000000083200000, 0x0000000083200000|100%| O|  |TAMS 0x0000000083200000| PB 0x0000000083200000| Untracked 
|  50|0x0000000083200000, 0x0000000083300000, 0x0000000083300000|100%| O|  |TAMS 0x0000000083300000| PB 0x0000000083300000| Updating 
|  51|0x0000000083300000, 0x0000000083400000, 0x0000000083400000|100%| O|  |TAMS 0x0000000083400000| PB 0x0000000083400000| Untracked 
|  52|0x0000000083400000, 0x0000000083500000, 0x0000000083500000|100%| O|  |TAMS 0x0000000083500000| PB 0x0000000083500000| Untracked 
|  53|0x0000000083500000, 0x0000000083600000, 0x0000000083600000|100%| O|  |TAMS 0x0000000083600000| PB 0x0000000083600000| Updating 
|  54|0x0000000083600000, 0x0000000083700000, 0x0000000083700000|100%| O|  |TAMS 0x0000000083700000| PB 0x0000000083700000| Untracked 
|  55|0x0000000083700000, 0x0000000083800000, 0x0000000083800000|100%|HS|  |TAMS 0x0000000083800000| PB 0x0000000083700000| Complete 
|  56|0x0000000083800000, 0x0000000083900000, 0x0000000083900000|100%|HS|  |TAMS 0x0000000083900000| PB 0x0000000083800000| Complete 
|  57|0x0000000083900000, 0x0000000083a00000, 0x0000000083a00000|100%|HS|  |TAMS 0x0000000083a00000| PB 0x0000000083900000| Complete 
|  58|0x0000000083a00000, 0x0000000083b00000, 0x0000000083b00000|100%|HS|  |TAMS 0x0000000083b00000| PB 0x0000000083a00000| Complete 
|  59|0x0000000083b00000, 0x0000000083c00000, 0x0000000083c00000|100%| O|  |TAMS 0x0000000083c00000| PB 0x0000000083c00000| Untracked 
|  60|0x0000000083c00000, 0x0000000083d00000, 0x0000000083d00000|100%|HS|  |TAMS 0x0000000083d00000| PB 0x0000000083c00000| Complete 
|  61|0x0000000083d00000, 0x0000000083e00000, 0x0000000083e00000|100%|HS|  |TAMS 0x0000000083e00000| PB 0x0000000083d00000| Complete 
|  62|0x0000000083e00000, 0x0000000083f00000, 0x0000000083f00000|100%| O|  |TAMS 0x0000000083f00000| PB 0x0000000083f00000| Untracked 
|  63|0x0000000083f00000, 0x0000000084000000, 0x0000000084000000|100%| O|  |TAMS 0x0000000084000000| PB 0x0000000084000000| Untracked 
|  64|0x0000000084000000, 0x0000000084100000, 0x0000000084100000|100%|HS|  |TAMS 0x0000000084100000| PB 0x0000000084000000| Complete 
|  65|0x0000000084100000, 0x0000000084200000, 0x0000000084200000|100%| O|  |TAMS 0x0000000084200000| PB 0x0000000084200000| Untracked 
|  66|0x0000000084200000, 0x0000000084300000, 0x0000000084300000|100%| O|  |TAMS 0x0000000084300000| PB 0x0000000084300000| Untracked 
|  67|0x0000000084300000, 0x0000000084400000, 0x0000000084400000|100%| O|  |TAMS 0x0000000084400000| PB 0x0000000084400000| Updating 
|  68|0x0000000084400000, 0x0000000084500000, 0x0000000084500000|100%| O|  |TAMS 0x0000000084500000| PB 0x0000000084500000| Untracked 
|  69|0x0000000084500000, 0x0000000084600000, 0x0000000084600000|100%| O|  |TAMS 0x0000000084600000| PB 0x0000000084600000| Untracked 
|  70|0x0000000084600000, 0x0000000084700000, 0x0000000084700000|100%| O|  |TAMS 0x0000000084700000| PB 0x0000000084700000| Untracked 
|  71|0x0000000084700000, 0x0000000084800000, 0x0000000084800000|100%| O|  |TAMS 0x0000000084800000| PB 0x0000000084800000| Untracked 
|  72|0x0000000084800000, 0x0000000084900000, 0x0000000084900000|100%| O|  |TAMS 0x0000000084900000| PB 0x0000000084900000| Untracked 
|  73|0x0000000084900000, 0x0000000084a00000, 0x0000000084a00000|100%| O|  |TAMS 0x0000000084a00000| PB 0x0000000084a00000| Updating 
|  74|0x0000000084a00000, 0x0000000084b00000, 0x0000000084b00000|100%| O|  |TAMS 0x0000000084b00000| PB 0x0000000084b00000| Updating 
|  75|0x0000000084b00000, 0x0000000084c00000, 0x0000000084c00000|100%| O|  |TAMS 0x0000000084c00000| PB 0x0000000084c00000| Updating 
|  76|0x0000000084c00000, 0x0000000084d00000, 0x0000000084d00000|100%| O|  |TAMS 0x0000000084d00000| PB 0x0000000084d00000| Updating 
|  77|0x0000000084d00000, 0x0000000084e00000, 0x0000000084e00000|100%| O|  |TAMS 0x0000000084e00000| PB 0x0000000084e00000| Updating 
|  78|0x0000000084e00000, 0x0000000084f00000, 0x0000000084f00000|100%| O|  |TAMS 0x0000000084e00000| PB 0x0000000084e00000| Untracked 
|  79|0x0000000084f00000, 0x0000000085000000, 0x0000000085000000|100%| O|  |TAMS 0x0000000085000000| PB 0x0000000085000000| Updating 
|  80|0x0000000085000000, 0x0000000085100000, 0x0000000085100000|100%| O|  |TAMS 0x0000000085100000| PB 0x0000000085100000| Updating 
|  81|0x0000000085100000, 0x0000000085200000, 0x0000000085200000|100%| O|  |TAMS 0x0000000085200000| PB 0x0000000085200000| Untracked 
|  82|0x0000000085200000, 0x0000000085300000, 0x0000000085300000|100%| O|  |TAMS 0x0000000085300000| PB 0x0000000085300000| Untracked 
|  83|0x0000000085300000, 0x0000000085400000, 0x0000000085400000|100%| O|  |TAMS 0x0000000085400000| PB 0x0000000085400000| Untracked 
|  84|0x0000000085400000, 0x0000000085500000, 0x0000000085500000|100%| O|  |TAMS 0x0000000085500000| PB 0x0000000085500000| Updating 
|  85|0x0000000085500000, 0x0000000085600000, 0x0000000085600000|100%| O|  |TAMS 0x0000000085600000| PB 0x0000000085600000| Untracked 
|  86|0x0000000085600000, 0x0000000085700000, 0x0000000085700000|100%| O|  |TAMS 0x0000000085700000| PB 0x0000000085700000| Untracked 
|  87|0x0000000085700000, 0x0000000085800000, 0x0000000085800000|100%| O|  |TAMS 0x0000000085800000| PB 0x0000000085800000| Untracked 
|  88|0x0000000085800000, 0x0000000085900000, 0x0000000085900000|100%| O|  |TAMS 0x0000000085900000| PB 0x0000000085900000| Untracked 
|  89|0x0000000085900000, 0x0000000085a00000, 0x0000000085a00000|100%| O|  |TAMS 0x0000000085a00000| PB 0x0000000085a00000| Updating 
|  90|0x0000000085a00000, 0x0000000085b00000, 0x0000000085b00000|100%| O|  |TAMS 0x0000000085b00000| PB 0x0000000085b00000| Updating 
|  91|0x0000000085b00000, 0x0000000085c00000, 0x0000000085c00000|100%| O|  |TAMS 0x0000000085c00000| PB 0x0000000085c00000| Untracked 
|  92|0x0000000085c00000, 0x0000000085d00000, 0x0000000085d00000|100%| O|  |TAMS 0x0000000085d00000| PB 0x0000000085d00000| Untracked 
|  93|0x0000000085d00000, 0x0000000085e00000, 0x0000000085e00000|100%| O|  |TAMS 0x0000000085e00000| PB 0x0000000085e00000| Untracked 
|  94|0x0000000085e00000, 0x0000000085f00000, 0x0000000085f00000|100%| O|  |TAMS 0x0000000085f00000| PB 0x0000000085f00000| Untracked 
|  95|0x0000000085f00000, 0x0000000086000000, 0x0000000086000000|100%| O|  |TAMS 0x0000000086000000| PB 0x0000000086000000| Untracked 
|  96|0x0000000086000000, 0x0000000086100000, 0x0000000086100000|100%| O|  |TAMS 0x0000000086100000| PB 0x0000000086100000| Untracked 
|  97|0x0000000086100000, 0x0000000086200000, 0x0000000086200000|100%| O|  |TAMS 0x0000000086200000| PB 0x0000000086200000| Untracked 
|  98|0x0000000086200000, 0x0000000086300000, 0x0000000086300000|100%| O|  |TAMS 0x0000000086300000| PB 0x0000000086300000| Untracked 
|  99|0x0000000086300000, 0x0000000086400000, 0x0000000086400000|100%| O|  |TAMS 0x0000000086400000| PB 0x0000000086400000| Untracked 
| 100|0x0000000086400000, 0x0000000086500000, 0x0000000086500000|100%| O|  |TAMS 0x0000000086500000| PB 0x0000000086500000| Untracked 
| 101|0x0000000086500000, 0x0000000086600000, 0x0000000086600000|100%| O|  |TAMS 0x0000000086600000| PB 0x0000000086600000| Untracked 
| 102|0x0000000086600000, 0x0000000086700000, 0x0000000086700000|100%| O|  |TAMS 0x0000000086700000| PB 0x0000000086700000| Untracked 
| 103|0x0000000086700000, 0x0000000086800000, 0x0000000086800000|100%| O|  |TAMS 0x0000000086800000| PB 0x0000000086800000| Updating 
| 104|0x0000000086800000, 0x0000000086900000, 0x0000000086900000|100%| O|  |TAMS 0x0000000086900000| PB 0x0000000086900000| Updating 
| 105|0x0000000086900000, 0x0000000086a00000, 0x0000000086a00000|100%| O|  |TAMS 0x0000000086900000| PB 0x0000000086900000| Untracked 
| 106|0x0000000086a00000, 0x0000000086b00000, 0x0000000086b00000|100%| O|  |TAMS 0x0000000086b00000| PB 0x0000000086b00000| Untracked 
| 107|0x0000000086b00000, 0x0000000086c00000, 0x0000000086c00000|100%| O|  |TAMS 0x0000000086c00000| PB 0x0000000086c00000| Updating 
| 108|0x0000000086c00000, 0x0000000086d00000, 0x0000000086d00000|100%| O|  |TAMS 0x0000000086c00000| PB 0x0000000086c00000| Untracked 
| 109|0x0000000086d00000, 0x0000000086d770c0, 0x0000000086e00000| 46%| O|  |TAMS 0x0000000086d00000| PB 0x0000000086d00000| Updating 
| 110|0x0000000086e00000, 0x0000000086f00000, 0x0000000086f00000|100%|HS|  |TAMS 0x0000000086e00000| PB 0x0000000086e00000| Complete 
| 111|0x0000000086f00000, 0x0000000087000000, 0x0000000087000000|100%| O|  |TAMS 0x0000000087000000| PB 0x0000000087000000| Updating 
| 112|0x0000000087000000, 0x0000000087100000, 0x0000000087100000|100%| O|  |TAMS 0x0000000087100000| PB 0x0000000087100000| Updating 
| 113|0x0000000087100000, 0x0000000087200000, 0x0000000087200000|100%|HS|  |TAMS 0x0000000087200000| PB 0x0000000087100000| Complete 
| 114|0x0000000087200000, 0x0000000087300000, 0x0000000087300000|100%|HC|  |TAMS 0x0000000087300000| PB 0x0000000087200000| Complete 
| 115|0x0000000087300000, 0x0000000087400000, 0x0000000087400000|100%| O|  |TAMS 0x0000000087400000| PB 0x0000000087400000| Updating 
| 116|0x0000000087400000, 0x0000000087500000, 0x0000000087500000|100%| O|  |TAMS 0x0000000087500000| PB 0x0000000087500000| Updating 
| 117|0x0000000087500000, 0x0000000087600000, 0x0000000087600000|100%| O|  |TAMS 0x0000000087600000| PB 0x0000000087600000| Untracked 
| 118|0x0000000087600000, 0x0000000087700000, 0x0000000087700000|100%| O|  |TAMS 0x0000000087700000| PB 0x0000000087700000| Updating 
| 119|0x0000000087700000, 0x0000000087800000, 0x0000000087800000|100%| O|  |TAMS 0x0000000087800000| PB 0x0000000087800000| Updating 
| 120|0x0000000087800000, 0x0000000087900000, 0x0000000087900000|100%| O|  |TAMS 0x0000000087900000| PB 0x0000000087900000| Updating 
| 121|0x0000000087900000, 0x0000000087a00000, 0x0000000087a00000|100%| O|  |TAMS 0x0000000087a00000| PB 0x0000000087a00000| Updating 
| 122|0x0000000087a00000, 0x0000000087b00000, 0x0000000087b00000|100%| O|  |TAMS 0x0000000087b00000| PB 0x0000000087b00000| Updating 
| 123|0x0000000087b00000, 0x0000000087c00000, 0x0000000087c00000|100%| O|  |TAMS 0x0000000087c00000| PB 0x0000000087c00000| Updating 
| 124|0x0000000087c00000, 0x0000000087d00000, 0x0000000087d00000|100%| O|  |TAMS 0x0000000087d00000| PB 0x0000000087d00000| Updating 
| 125|0x0000000087d00000, 0x0000000087e00000, 0x0000000087e00000|100%| O|  |TAMS 0x0000000087e00000| PB 0x0000000087e00000| Updating 
| 126|0x0000000087e00000, 0x0000000087f00000, 0x0000000087f00000|100%| O|  |TAMS 0x0000000087f00000| PB 0x0000000087f00000| Updating 
| 127|0x0000000087f00000, 0x0000000088000000, 0x0000000088000000|100%| O|  |TAMS 0x0000000088000000| PB 0x0000000088000000| Updating 
| 128|0x0000000088000000, 0x0000000088100000, 0x0000000088100000|100%|HS|  |TAMS 0x0000000088000000| PB 0x0000000088000000| Complete 
| 129|0x0000000088100000, 0x0000000088200000, 0x0000000088200000|100%| O|  |TAMS 0x0000000088200000| PB 0x0000000088200000| Updating 
| 130|0x0000000088200000, 0x0000000088300000, 0x0000000088300000|100%| O|  |TAMS 0x0000000088300000| PB 0x0000000088300000| Updating 
| 131|0x0000000088300000, 0x0000000088400000, 0x0000000088400000|100%| O|  |TAMS 0x0000000088400000| PB 0x0000000088400000| Updating 
| 132|0x0000000088400000, 0x0000000088500000, 0x0000000088500000|100%| O|  |TAMS 0x0000000088500000| PB 0x0000000088500000| Updating 
| 133|0x0000000088500000, 0x0000000088600000, 0x0000000088600000|100%| O|  |TAMS 0x0000000088600000| PB 0x0000000088600000| Updating 
| 134|0x0000000088600000, 0x0000000088700000, 0x0000000088700000|100%| O|  |TAMS 0x0000000088700000| PB 0x0000000088700000| Updating 
| 135|0x0000000088700000, 0x0000000088800000, 0x0000000088800000|100%| O|  |TAMS 0x0000000088800000| PB 0x0000000088800000| Updating 
| 136|0x0000000088800000, 0x0000000088900000, 0x0000000088900000|100%| O|  |TAMS 0x00000000888bcc90| PB 0x00000000888bcc90| Updating 
| 137|0x0000000088900000, 0x0000000088a00000, 0x0000000088a00000|100%|HS|  |TAMS 0x0000000088900000| PB 0x0000000088900000| Complete 
| 138|0x0000000088a00000, 0x0000000088b00000, 0x0000000088b00000|100%|HC|  |TAMS 0x0000000088a00000| PB 0x0000000088a00000| Complete 
| 139|0x0000000088b00000, 0x0000000088c00000, 0x0000000088c00000|100%|HC|  |TAMS 0x0000000088b00000| PB 0x0000000088b00000| Complete 
| 140|0x0000000088c00000, 0x0000000088d00000, 0x0000000088d00000|100%|HC|  |TAMS 0x0000000088c00000| PB 0x0000000088c00000| Complete 
| 141|0x0000000088d00000, 0x0000000088e00000, 0x0000000088e00000|100%|HC|  |TAMS 0x0000000088d00000| PB 0x0000000088d00000| Complete 
| 142|0x0000000088e00000, 0x0000000088f00000, 0x0000000088f00000|100%|HC|  |TAMS 0x0000000088e00000| PB 0x0000000088e00000| Complete 
| 143|0x0000000088f00000, 0x0000000089000000, 0x0000000089000000|100%|HC|  |TAMS 0x0000000088f00000| PB 0x0000000088f00000| Complete 
| 144|0x0000000089000000, 0x0000000089100000, 0x0000000089100000|100%|HC|  |TAMS 0x0000000089000000| PB 0x0000000089000000| Complete 
| 145|0x0000000089100000, 0x0000000089200000, 0x0000000089200000|100%|HC|  |TAMS 0x0000000089100000| PB 0x0000000089100000| Complete 
| 146|0x0000000089200000, 0x0000000089300000, 0x0000000089300000|100%|HS|  |TAMS 0x0000000089200000| PB 0x0000000089200000| Complete 
| 147|0x0000000089300000, 0x0000000089400000, 0x0000000089400000|100%|HC|  |TAMS 0x0000000089300000| PB 0x0000000089300000| Complete 
| 148|0x0000000089400000, 0x0000000089500000, 0x0000000089500000|100%|HC|  |TAMS 0x0000000089400000| PB 0x0000000089400000| Complete 
| 149|0x0000000089500000, 0x0000000089600000, 0x0000000089600000|100%|HC|  |TAMS 0x0000000089500000| PB 0x0000000089500000| Complete 
| 150|0x0000000089600000, 0x0000000089700000, 0x0000000089700000|100%|HC|  |TAMS 0x0000000089600000| PB 0x0000000089600000| Complete 
| 151|0x0000000089700000, 0x0000000089800000, 0x0000000089800000|100%|HC|  |TAMS 0x0000000089700000| PB 0x0000000089700000| Complete 
| 152|0x0000000089800000, 0x0000000089900000, 0x0000000089900000|100%|HC|  |TAMS 0x0000000089800000| PB 0x0000000089800000| Complete 
| 153|0x0000000089900000, 0x0000000089a00000, 0x0000000089a00000|100%|HS|  |TAMS 0x0000000089900000| PB 0x0000000089900000| Complete 
| 154|0x0000000089a00000, 0x0000000089b00000, 0x0000000089b00000|100%|HC|  |TAMS 0x0000000089a00000| PB 0x0000000089a00000| Complete 
| 155|0x0000000089b00000, 0x0000000089c00000, 0x0000000089c00000|100%|HC|  |TAMS 0x0000000089b00000| PB 0x0000000089b00000| Complete 
| 156|0x0000000089c00000, 0x0000000089d00000, 0x0000000089d00000|100%|HC|  |TAMS 0x0000000089c00000| PB 0x0000000089c00000| Complete 
| 157|0x0000000089d00000, 0x0000000089e00000, 0x0000000089e00000|100%|HC|  |TAMS 0x0000000089d00000| PB 0x0000000089d00000| Complete 
| 158|0x0000000089e00000, 0x0000000089f00000, 0x0000000089f00000|100%|HC|  |TAMS 0x0000000089e00000| PB 0x0000000089e00000| Complete 
| 159|0x0000000089f00000, 0x000000008a000000, 0x000000008a000000|100%|HC|  |TAMS 0x0000000089f00000| PB 0x0000000089f00000| Complete 
| 160|0x000000008a000000, 0x000000008a100000, 0x000000008a100000|100%|HC|  |TAMS 0x000000008a000000| PB 0x000000008a000000| Complete 
| 161|0x000000008a100000, 0x000000008a200000, 0x000000008a200000|100%|HC|  |TAMS 0x000000008a100000| PB 0x000000008a100000| Complete 
| 162|0x000000008a200000, 0x000000008a200000, 0x000000008a300000|  0%| F|  |TAMS 0x000000008a200000| PB 0x000000008a200000| Untracked 
| 163|0x000000008a300000, 0x000000008a300000, 0x000000008a400000|  0%| F|  |TAMS 0x000000008a300000| PB 0x000000008a300000| Untracked 
| 164|0x000000008a400000, 0x000000008a400000, 0x000000008a500000|  0%| F|  |TAMS 0x000000008a400000| PB 0x000000008a400000| Untracked 
| 165|0x000000008a500000, 0x000000008a500000, 0x000000008a600000|  0%| F|  |TAMS 0x000000008a500000| PB 0x000000008a500000| Untracked 
| 166|0x000000008a600000, 0x000000008a600000, 0x000000008a700000|  0%| F|  |TAMS 0x000000008a600000| PB 0x000000008a600000| Untracked 
| 167|0x000000008a700000, 0x000000008a700000, 0x000000008a800000|  0%| F|  |TAMS 0x000000008a700000| PB 0x000000008a700000| Untracked 
| 168|0x000000008a800000, 0x000000008a800000, 0x000000008a900000|  0%| F|  |TAMS 0x000000008a800000| PB 0x000000008a800000| Untracked 
| 169|0x000000008a900000, 0x000000008a900000, 0x000000008aa00000|  0%| F|  |TAMS 0x000000008a900000| PB 0x000000008a900000| Untracked 
| 170|0x000000008aa00000, 0x000000008aa00000, 0x000000008ab00000|  0%| F|  |TAMS 0x000000008aa00000| PB 0x000000008aa00000| Untracked 
| 171|0x000000008ab00000, 0x000000008ab00000, 0x000000008ac00000|  0%| F|  |TAMS 0x000000008ab00000| PB 0x000000008ab00000| Untracked 
| 172|0x000000008ac00000, 0x000000008ac00000, 0x000000008ad00000|  0%| F|  |TAMS 0x000000008ac00000| PB 0x000000008ac00000| Untracked 
| 173|0x000000008ad00000, 0x000000008ad00000, 0x000000008ae00000|  0%| F|  |TAMS 0x000000008ad00000| PB 0x000000008ad00000| Untracked 
| 174|0x000000008ae00000, 0x000000008ae00000, 0x000000008af00000|  0%| F|  |TAMS 0x000000008ae00000| PB 0x000000008ae00000| Untracked 
| 175|0x000000008af00000, 0x000000008af00000, 0x000000008b000000|  0%| F|  |TAMS 0x000000008af00000| PB 0x000000008af00000| Untracked 
| 176|0x000000008b000000, 0x000000008b000000, 0x000000008b100000|  0%| F|  |TAMS 0x000000008b000000| PB 0x000000008b000000| Untracked 
| 177|0x000000008b100000, 0x000000008b100000, 0x000000008b200000|  0%| F|  |TAMS 0x000000008b100000| PB 0x000000008b100000| Untracked 
| 178|0x000000008b200000, 0x000000008b200000, 0x000000008b300000|  0%| F|  |TAMS 0x000000008b200000| PB 0x000000008b200000| Untracked 
| 179|0x000000008b300000, 0x000000008b300000, 0x000000008b400000|  0%| F|  |TAMS 0x000000008b300000| PB 0x000000008b300000| Untracked 
| 180|0x000000008b400000, 0x000000008b400000, 0x000000008b500000|  0%| F|  |TAMS 0x000000008b400000| PB 0x000000008b400000| Untracked 
| 181|0x000000008b500000, 0x000000008b500000, 0x000000008b600000|  0%| F|  |TAMS 0x000000008b500000| PB 0x000000008b500000| Untracked 
| 182|0x000000008b600000, 0x000000008b600000, 0x000000008b700000|  0%| F|  |TAMS 0x000000008b600000| PB 0x000000008b600000| Untracked 
| 183|0x000000008b700000, 0x000000008b700000, 0x000000008b800000|  0%| F|  |TAMS 0x000000008b700000| PB 0x000000008b700000| Untracked 
| 184|0x000000008b800000, 0x000000008b800000, 0x000000008b900000|  0%| F|  |TAMS 0x000000008b800000| PB 0x000000008b800000| Untracked 
| 185|0x000000008b900000, 0x000000008b900000, 0x000000008ba00000|  0%| F|  |TAMS 0x000000008b900000| PB 0x000000008b900000| Untracked 
| 186|0x000000008ba00000, 0x000000008ba00000, 0x000000008bb00000|  0%| F|  |TAMS 0x000000008ba00000| PB 0x000000008ba00000| Untracked 
| 187|0x000000008bb00000, 0x000000008bb00000, 0x000000008bc00000|  0%| F|  |TAMS 0x000000008bb00000| PB 0x000000008bb00000| Untracked 
| 188|0x000000008bc00000, 0x000000008bc00000, 0x000000008bd00000|  0%| F|  |TAMS 0x000000008bc00000| PB 0x000000008bc00000| Untracked 
| 189|0x000000008bd00000, 0x000000008bd00000, 0x000000008be00000|  0%| F|  |TAMS 0x000000008bd00000| PB 0x000000008bd00000| Untracked 
| 190|0x000000008be00000, 0x000000008be00000, 0x000000008bf00000|  0%| F|  |TAMS 0x000000008be00000| PB 0x000000008be00000| Untracked 
| 191|0x000000008bf00000, 0x000000008bf00000, 0x000000008c000000|  0%| F|  |TAMS 0x000000008bf00000| PB 0x000000008bf00000| Untracked 
| 192|0x000000008c000000, 0x000000008c000000, 0x000000008c100000|  0%| F|  |TAMS 0x000000008c000000| PB 0x000000008c000000| Untracked 
| 193|0x000000008c100000, 0x000000008c100000, 0x000000008c200000|  0%| F|  |TAMS 0x000000008c100000| PB 0x000000008c100000| Untracked 
| 194|0x000000008c200000, 0x000000008c200000, 0x000000008c300000|  0%| F|  |TAMS 0x000000008c200000| PB 0x000000008c200000| Untracked 
| 195|0x000000008c300000, 0x000000008c300000, 0x000000008c400000|  0%| F|  |TAMS 0x000000008c300000| PB 0x000000008c300000| Untracked 
| 196|0x000000008c400000, 0x000000008c400000, 0x000000008c500000|  0%| F|  |TAMS 0x000000008c400000| PB 0x000000008c400000| Untracked 
| 197|0x000000008c500000, 0x000000008c500000, 0x000000008c600000|  0%| F|  |TAMS 0x000000008c500000| PB 0x000000008c500000| Untracked 
| 198|0x000000008c600000, 0x000000008c600000, 0x000000008c700000|  0%| F|  |TAMS 0x000000008c600000| PB 0x000000008c600000| Untracked 
| 199|0x000000008c700000, 0x000000008c700000, 0x000000008c800000|  0%| F|  |TAMS 0x000000008c700000| PB 0x000000008c700000| Untracked 
| 200|0x000000008c800000, 0x000000008c800000, 0x000000008c900000|  0%| F|  |TAMS 0x000000008c800000| PB 0x000000008c800000| Untracked 
| 201|0x000000008c900000, 0x000000008c900000, 0x000000008ca00000|  0%| F|  |TAMS 0x000000008c900000| PB 0x000000008c900000| Untracked 
| 202|0x000000008ca00000, 0x000000008ca00000, 0x000000008cb00000|  0%| F|  |TAMS 0x000000008ca00000| PB 0x000000008ca00000| Untracked 
| 203|0x000000008cb00000, 0x000000008cb00000, 0x000000008cc00000|  0%| F|  |TAMS 0x000000008cb00000| PB 0x000000008cb00000| Untracked 
| 204|0x000000008cc00000, 0x000000008cc00000, 0x000000008cd00000|  0%| F|  |TAMS 0x000000008cc00000| PB 0x000000008cc00000| Untracked 
| 205|0x000000008cd00000, 0x000000008cd00000, 0x000000008ce00000|  0%| F|  |TAMS 0x000000008cd00000| PB 0x000000008cd00000| Untracked 
| 206|0x000000008ce00000, 0x000000008ce00000, 0x000000008cf00000|  0%| F|  |TAMS 0x000000008ce00000| PB 0x000000008ce00000| Untracked 
| 207|0x000000008cf00000, 0x000000008cf00000, 0x000000008d000000|  0%| F|  |TAMS 0x000000008cf00000| PB 0x000000008cf00000| Untracked 
| 208|0x000000008d000000, 0x000000008d000000, 0x000000008d100000|  0%| F|  |TAMS 0x000000008d000000| PB 0x000000008d000000| Untracked 
| 209|0x000000008d100000, 0x000000008d100000, 0x000000008d200000|  0%| F|  |TAMS 0x000000008d100000| PB 0x000000008d100000| Untracked 
| 210|0x000000008d200000, 0x000000008d200000, 0x000000008d300000|  0%| F|  |TAMS 0x000000008d200000| PB 0x000000008d200000| Untracked 
| 211|0x000000008d300000, 0x000000008d300000, 0x000000008d400000|  0%| F|  |TAMS 0x000000008d300000| PB 0x000000008d300000| Untracked 
| 212|0x000000008d400000, 0x000000008d400000, 0x000000008d500000|  0%| F|  |TAMS 0x000000008d400000| PB 0x000000008d400000| Untracked 
| 213|0x000000008d500000, 0x000000008d500000, 0x000000008d600000|  0%| F|  |TAMS 0x000000008d500000| PB 0x000000008d500000| Untracked 
| 214|0x000000008d600000, 0x000000008d600000, 0x000000008d700000|  0%| F|  |TAMS 0x000000008d600000| PB 0x000000008d600000| Untracked 
| 215|0x000000008d700000, 0x000000008d700000, 0x000000008d800000|  0%| F|  |TAMS 0x000000008d700000| PB 0x000000008d700000| Untracked 
| 216|0x000000008d800000, 0x000000008d800000, 0x000000008d900000|  0%| F|  |TAMS 0x000000008d800000| PB 0x000000008d800000| Untracked 
| 217|0x000000008d900000, 0x000000008d900000, 0x000000008da00000|  0%| F|  |TAMS 0x000000008d900000| PB 0x000000008d900000| Untracked 
| 218|0x000000008da00000, 0x000000008da00000, 0x000000008db00000|  0%| F|  |TAMS 0x000000008da00000| PB 0x000000008da00000| Untracked 
| 219|0x000000008db00000, 0x000000008db00000, 0x000000008dc00000|  0%| F|  |TAMS 0x000000008db00000| PB 0x000000008db00000| Untracked 
| 220|0x000000008dc00000, 0x000000008dc00000, 0x000000008dd00000|  0%| F|  |TAMS 0x000000008dc00000| PB 0x000000008dc00000| Untracked 
| 221|0x000000008dd00000, 0x000000008dd00000, 0x000000008de00000|  0%| F|  |TAMS 0x000000008dd00000| PB 0x000000008dd00000| Untracked 
| 222|0x000000008de00000, 0x000000008de00000, 0x000000008df00000|  0%| F|  |TAMS 0x000000008de00000| PB 0x000000008de00000| Untracked 
| 223|0x000000008df00000, 0x000000008df00000, 0x000000008e000000|  0%| F|  |TAMS 0x000000008df00000| PB 0x000000008df00000| Untracked 
| 224|0x000000008e000000, 0x000000008e000000, 0x000000008e100000|  0%| F|  |TAMS 0x000000008e000000| PB 0x000000008e000000| Untracked 
| 225|0x000000008e100000, 0x000000008e100000, 0x000000008e200000|  0%| F|  |TAMS 0x000000008e100000| PB 0x000000008e100000| Untracked 
| 226|0x000000008e200000, 0x000000008e200000, 0x000000008e300000|  0%| F|  |TAMS 0x000000008e200000| PB 0x000000008e200000| Untracked 
| 227|0x000000008e300000, 0x000000008e300000, 0x000000008e400000|  0%| F|  |TAMS 0x000000008e300000| PB 0x000000008e300000| Untracked 
| 228|0x000000008e400000, 0x000000008e400000, 0x000000008e500000|  0%| F|  |TAMS 0x000000008e400000| PB 0x000000008e400000| Untracked 
| 229|0x000000008e500000, 0x000000008e500000, 0x000000008e600000|  0%| F|  |TAMS 0x000000008e500000| PB 0x000000008e500000| Untracked 
| 230|0x000000008e600000, 0x000000008e600000, 0x000000008e700000|  0%| F|  |TAMS 0x000000008e600000| PB 0x000000008e600000| Untracked 
| 231|0x000000008e700000, 0x000000008e700000, 0x000000008e800000|  0%| F|  |TAMS 0x000000008e700000| PB 0x000000008e700000| Untracked 
| 232|0x000000008e800000, 0x000000008e800000, 0x000000008e900000|  0%| F|  |TAMS 0x000000008e800000| PB 0x000000008e800000| Untracked 
| 233|0x000000008e900000, 0x000000008e900000, 0x000000008ea00000|  0%| F|  |TAMS 0x000000008e900000| PB 0x000000008e900000| Untracked 
| 234|0x000000008ea00000, 0x000000008ea00000, 0x000000008eb00000|  0%| F|  |TAMS 0x000000008ea00000| PB 0x000000008ea00000| Untracked 
| 235|0x000000008eb00000, 0x000000008eb00000, 0x000000008ec00000|  0%| F|  |TAMS 0x000000008eb00000| PB 0x000000008eb00000| Untracked 
| 236|0x000000008ec00000, 0x000000008ec00000, 0x000000008ed00000|  0%| F|  |TAMS 0x000000008ec00000| PB 0x000000008ec00000| Untracked 
| 237|0x000000008ed00000, 0x000000008ed00000, 0x000000008ee00000|  0%| F|  |TAMS 0x000000008ed00000| PB 0x000000008ed00000| Untracked 
| 238|0x000000008ee00000, 0x000000008ee00000, 0x000000008ef00000|  0%| F|  |TAMS 0x000000008ee00000| PB 0x000000008ee00000| Untracked 
| 239|0x000000008ef00000, 0x000000008ef00000, 0x000000008f000000|  0%| F|  |TAMS 0x000000008ef00000| PB 0x000000008ef00000| Untracked 
| 240|0x000000008f000000, 0x000000008f000000, 0x000000008f100000|  0%| F|  |TAMS 0x000000008f000000| PB 0x000000008f000000| Untracked 
| 241|0x000000008f100000, 0x000000008f100000, 0x000000008f200000|  0%| F|  |TAMS 0x000000008f100000| PB 0x000000008f100000| Untracked 
| 242|0x000000008f200000, 0x000000008f200000, 0x000000008f300000|  0%| F|  |TAMS 0x000000008f200000| PB 0x000000008f200000| Untracked 
| 243|0x000000008f300000, 0x000000008f300000, 0x000000008f400000|  0%| F|  |TAMS 0x000000008f300000| PB 0x000000008f300000| Untracked 
| 244|0x000000008f400000, 0x000000008f400000, 0x000000008f500000|  0%| F|  |TAMS 0x000000008f400000| PB 0x000000008f400000| Untracked 
| 245|0x000000008f500000, 0x000000008f500000, 0x000000008f600000|  0%| F|  |TAMS 0x000000008f500000| PB 0x000000008f500000| Untracked 
| 246|0x000000008f600000, 0x000000008f600000, 0x000000008f700000|  0%| F|  |TAMS 0x000000008f600000| PB 0x000000008f600000| Untracked 
| 247|0x000000008f700000, 0x000000008f700000, 0x000000008f800000|  0%| F|  |TAMS 0x000000008f700000| PB 0x000000008f700000| Untracked 
| 248|0x000000008f800000, 0x000000008f800000, 0x000000008f900000|  0%| F|  |TAMS 0x000000008f800000| PB 0x000000008f800000| Untracked 
| 249|0x000000008f900000, 0x000000008f900000, 0x000000008fa00000|  0%| F|  |TAMS 0x000000008f900000| PB 0x000000008f900000| Untracked 
| 250|0x000000008fa00000, 0x000000008fa00000, 0x000000008fb00000|  0%| F|  |TAMS 0x000000008fa00000| PB 0x000000008fa00000| Untracked 
| 251|0x000000008fb00000, 0x000000008fc00000, 0x000000008fc00000|100%| S|CS|TAMS 0x000000008fb00000| PB 0x000000008fb00000| Complete 
| 252|0x000000008fc00000, 0x000000008fd00000, 0x000000008fd00000|100%| S|CS|TAMS 0x000000008fc00000| PB 0x000000008fc00000| Complete 
| 253|0x000000008fd00000, 0x000000008fe00000, 0x000000008fe00000|100%| S|CS|TAMS 0x000000008fd00000| PB 0x000000008fd00000| Complete 
| 254|0x000000008fe00000, 0x000000008ff00000, 0x000000008ff00000|100%| S|CS|TAMS 0x000000008fe00000| PB 0x000000008fe00000| Complete 
| 255|0x000000008ff00000, 0x0000000090000000, 0x0000000090000000|100%| S|CS|TAMS 0x000000008ff00000| PB 0x000000008ff00000| Complete 
| 256|0x0000000090000000, 0x0000000090100000, 0x0000000090100000|100%| S|CS|TAMS 0x0000000090000000| PB 0x0000000090000000| Complete 
| 257|0x0000000090100000, 0x0000000090200000, 0x0000000090200000|100%| S|CS|TAMS 0x0000000090100000| PB 0x0000000090100000| Complete 
| 258|0x0000000090200000, 0x0000000090300000, 0x0000000090300000|100%| S|CS|TAMS 0x0000000090200000| PB 0x0000000090200000| Complete 
| 259|0x0000000090300000, 0x0000000090300000, 0x0000000090400000|  0%| F|  |TAMS 0x0000000090300000| PB 0x0000000090300000| Untracked 
| 260|0x0000000090400000, 0x0000000090400000, 0x0000000090500000|  0%| F|  |TAMS 0x0000000090400000| PB 0x0000000090400000| Untracked 
| 261|0x0000000090500000, 0x0000000090500000, 0x0000000090600000|  0%| F|  |TAMS 0x0000000090500000| PB 0x0000000090500000| Untracked 
| 262|0x0000000090600000, 0x0000000090600000, 0x0000000090700000|  0%| F|  |TAMS 0x0000000090600000| PB 0x0000000090600000| Untracked 
| 263|0x0000000090700000, 0x0000000090700000, 0x0000000090800000|  0%| F|  |TAMS 0x0000000090700000| PB 0x0000000090700000| Untracked 
| 264|0x0000000090800000, 0x0000000090800000, 0x0000000090900000|  0%| F|  |TAMS 0x0000000090800000| PB 0x0000000090800000| Untracked 
| 265|0x0000000090900000, 0x0000000090900000, 0x0000000090a00000|  0%| F|  |TAMS 0x0000000090900000| PB 0x0000000090900000| Untracked 
| 266|0x0000000090a00000, 0x0000000090a00000, 0x0000000090b00000|  0%| F|  |TAMS 0x0000000090a00000| PB 0x0000000090a00000| Untracked 
| 267|0x0000000090b00000, 0x0000000090b00000, 0x0000000090c00000|  0%| F|  |TAMS 0x0000000090b00000| PB 0x0000000090b00000| Untracked 
| 268|0x0000000090c00000, 0x0000000090c00000, 0x0000000090d00000|  0%| F|  |TAMS 0x0000000090c00000| PB 0x0000000090c00000| Untracked 
| 269|0x0000000090d00000, 0x0000000090d00000, 0x0000000090e00000|  0%| F|  |TAMS 0x0000000090d00000| PB 0x0000000090d00000| Untracked 
| 270|0x0000000090e00000, 0x0000000090f00000, 0x0000000090f00000|100%| E|  |TAMS 0x0000000090e00000| PB 0x0000000090e00000| Complete 
| 271|0x0000000090f00000, 0x0000000091000000, 0x0000000091000000|100%| E|CS|TAMS 0x0000000090f00000| PB 0x0000000090f00000| Complete 
| 272|0x0000000091000000, 0x0000000091100000, 0x0000000091100000|100%| E|CS|TAMS 0x0000000091000000| PB 0x0000000091000000| Complete 
| 273|0x0000000091100000, 0x0000000091200000, 0x0000000091200000|100%| E|CS|TAMS 0x0000000091100000| PB 0x0000000091100000| Complete 
|2041|0x00000000ff900000, 0x00000000ffa00000, 0x00000000ffa00000|100%| O|  |TAMS 0x00000000ffa00000| PB 0x00000000ffa00000| Updating 
|2042|0x00000000ffa00000, 0x00000000ffb00000, 0x00000000ffb00000|100%| O|  |TAMS 0x00000000ffb00000| PB 0x00000000ffb00000| Updating 
|2043|0x00000000ffb00000, 0x00000000ffc00000, 0x00000000ffc00000|100%| E|CS|TAMS 0x00000000ffb00000| PB 0x00000000ffb00000| Complete 
|2044|0x00000000ffc00000, 0x00000000ffd00000, 0x00000000ffd00000|100%| E|CS|TAMS 0x00000000ffc00000| PB 0x00000000ffc00000| Complete 
|2045|0x00000000ffd00000, 0x00000000ffe00000, 0x00000000ffe00000|100%| E|CS|TAMS 0x00000000ffd00000| PB 0x00000000ffd00000| Complete 
|2046|0x00000000ffe00000, 0x00000000fff00000, 0x00000000fff00000|100%| O|  |TAMS 0x00000000fff00000| PB 0x00000000fff00000| Updating 
|2047|0x00000000fff00000, 0x0000000100000000, 0x0000000100000000|100%| E|CS|TAMS 0x00000000fff00000| PB 0x00000000fff00000| Complete 

Card table byte_map: [0x0000020079c00000,0x000002007a000000] _byte_map_base: 0x0000020079800000

Marking Bits: (CMBitMap*) 0x00000200763bfb20
 Bits: [0x000002007a000000, 0x000002007c000000)

Polling page: 0x0000020074370000

Metaspace:

Usage:
  Non-class:    125.54 MB used.
      Class:     20.96 MB used.
       Both:    146.50 MB used.

Virtual space:
  Non-class space:      128.00 MB reserved,     126.75 MB (>99%) committed,  2 nodes.
      Class space:        1.00 GB reserved,      22.12 MB (  2%) committed,  1 nodes.
             Both:        1.12 GB reserved,     148.88 MB ( 13%) committed. 

Chunk freelists:
   Non-Class:  352.00 KB
       Class:  9.72 MB
        Both:  10.06 MB

MaxMetaspaceSize: unlimited
CompressedClassSpaceSize: 1.00 GB
Initial GC threshold: 21.00 MB
Current GC threshold: 211.69 MB
CDS: off
 - commit_granule_bytes: 65536.
 - commit_granule_words: 8192.
 - virtual_space_node_default_size: 8388608.
 - enlarge_chunks_in_place: 1.
 - use_allocation_guard: 0.


Internal statistics:

num_allocs_failed_limit: 6.
num_arena_births: 4608.
num_arena_deaths: 0.
num_vsnodes_births: 3.
num_vsnodes_deaths: 0.
num_space_committed: 2381.
num_space_uncommitted: 0.
num_chunks_returned_to_freelist: 6.
num_chunks_taken_from_freelist: 10847.
num_chunk_merges: 3.
num_chunk_splits: 7197.
num_chunks_enlarged: 4660.
num_inconsistent_stats: 0.

CodeHeap 'non-profiled nmethods': size=120000Kb used=7281Kb max_used=8006Kb free=112718Kb
 bounds [0x0000020007ad0000, 0x00000200082b0000, 0x000002000f000000]
CodeHeap 'profiled nmethods': size=120000Kb used=26895Kb max_used=28037Kb free=93104Kb
 bounds [0x0000020000000000, 0x0000020001b70000, 0x0000020007530000]
CodeHeap 'non-nmethods': size=5760Kb used=3012Kb max_used=3102Kb free=2747Kb
 bounds [0x0000020007530000, 0x0000020007850000, 0x0000020007ad0000]
CodeCache: size=245760Kb, used=37188Kb, max_used=39145Kb, free=208569Kb
 total_blobs=15931, nmethods=14840, adapters=994, full_count=0
Compilation: enabled, stopped_count=0, restarted_count=0

Compilation events (20 events):
Event: 34.857 Thread 0x000002007ec46950 17430       3       org.codehaus.groovy.runtime.StackTraceUtils::isApplicationClass (84 bytes)
Event: 34.858 Thread 0x000002007ec46950 nmethod 17430 0x0000020001b59990 code [0x0000020001b59be0, 0x0000020001b5a5e0]
Event: 34.885 Thread 0x000002007ec45aa0 17431       4       java.util.zip.DeflaterOutputStream::deflate (36 bytes)
Event: 34.894 Thread 0x000002007ec45aa0 nmethod 17431 0x000002000829fa90 code [0x000002000829fc80, 0x00000200082a03a8]
Event: 34.894 Thread 0x000002007ec45aa0 17432   !   4       java.util.zip.Deflater::needsInput (55 bytes)
Event: 34.896 Thread 0x000002007ec45aa0 nmethod 17432 0x00000200082a0790 code [0x00000200082a0920, 0x00000200082a0b90]
Event: 34.898 Thread 0x000002007ec45aa0 17433       4       java.util.zip.Deflater::ensureOpen (47 bytes)
Event: 34.899 Thread 0x000002007ec45aa0 nmethod 17433 0x00000200082a0c90 code [0x00000200082a0e20, 0x00000200082a0ef0]
Event: 34.904 Thread 0x000002007ec46950 17434       3       java.util.ComparableTimSort::reverseRange (32 bytes)
Event: 34.904 Thread 0x000002007ec46950 nmethod 17434 0x0000020001b5a990 code [0x0000020001b5ab60, 0x0000020001b5b018]
Event: 34.924 Thread 0x000002007ec46950 17435       3       java.lang.invoke.DelegatingMethodHandle$Holder::delegate (25 bytes)
Event: 34.924 Thread 0x000002007ec46950 nmethod 17435 0x0000020001b5b190 code [0x0000020001b5b360, 0x0000020001b5b898]
Event: 34.925 Thread 0x000002007ec46950 17436   !   3       java.lang.invoke.StringConcatFactory::makeConcatWithConstants (258 bytes)
Event: 34.928 Thread 0x000002007ec46950 nmethod 17436 0x0000020001b5ba10 code [0x0000020001b5bf80, 0x0000020001b5e3b0]
Event: 34.968 Thread 0x000002007ec45aa0 17437   !   4       java.util.zip.Deflater::deflate (420 bytes)
Event: 34.974 Thread 0x000002007ec45aa0 nmethod 17437 0x00000200082a0f90 code [0x00000200082a1140, 0x00000200082a1730]
Event: 35.004 Thread 0x000002007ec46950 17438   !   3       java.util.logging.LogManager::ensureLogManagerInitialized (144 bytes)
Event: 35.006 Thread 0x000002007ec46950 nmethod 17438 0x0000020001b5f490 code [0x0000020001b5f7a0, 0x0000020001b60900]
Event: 35.006 Thread 0x000002007ec46950 17439       3       java.util.ArrayList::remove (26 bytes)
Event: 35.006 Thread 0x000002007ec46950 nmethod 17439 0x0000020001b60f10 code [0x0000020001b610e0, 0x0000020001b61308]

GC Heap History (20 events):
Event: 25.319 GC heap before
{Heap before GC invocations=47 (full 0):
 garbage-first heap   total 205824K, used 181956K [0x0000000080000000, 0x0000000100000000)
  region size 1024K, 75 young (76800K), 4 survivors (4096K)
 Metaspace       used 114605K, committed 116800K, reserved 1179648K
  class space    used 16243K, committed 17280K, reserved 1048576K
}
Event: 25.326 GC heap after
{Heap after GC invocations=48 (full 0):
 garbage-first heap   total 205824K, used 113328K [0x0000000080000000, 0x0000000100000000)
  region size 1024K, 7 young (7168K), 7 survivors (7168K)
 Metaspace       used 114605K, committed 116800K, reserved 1179648K
  class space    used 16243K, committed 17280K, reserved 1048576K
}
Event: 25.886 GC heap before
{Heap before GC invocations=48 (full 0):
 garbage-first heap   total 205824K, used 186032K [0x0000000080000000, 0x0000000100000000)
  region size 1024K, 79 young (80896K), 7 survivors (7168K)
 Metaspace       used 115017K, committed 117184K, reserved 1179648K
  class space    used 16291K, committed 17344K, reserved 1048576K
}
Event: 25.895 GC heap after
{Heap after GC invocations=49 (full 0):
 garbage-first heap   total 205824K, used 116473K [0x0000000080000000, 0x0000000100000000)
  region size 1024K, 6 young (6144K), 6 survivors (6144K)
 Metaspace       used 115017K, committed 117184K, reserved 1179648K
  class space    used 16291K, committed 17344K, reserved 1048576K
}
Event: 25.998 GC heap before
{Heap before GC invocations=49 (full 0):
 garbage-first heap   total 205824K, used 121593K [0x0000000080000000, 0x0000000100000000)
  region size 1024K, 13 young (13312K), 6 survivors (6144K)
 Metaspace       used 115295K, committed 117504K, reserved 1179648K
  class space    used 16346K, committed 17408K, reserved 1048576K
}
Event: 26.003 GC heap after
{Heap after GC invocations=50 (full 0):
 garbage-first heap   total 205824K, used 117527K [0x0000000080000000, 0x0000000100000000)
  region size 1024K, 2 young (2048K), 2 survivors (2048K)
 Metaspace       used 115295K, committed 117504K, reserved 1179648K
  class space    used 16346K, committed 17408K, reserved 1048576K
}
Event: 27.008 GC heap before
{Heap before GC invocations=51 (full 0):
 garbage-first heap   total 205824K, used 183063K [0x0000000080000000, 0x0000000100000000)
  region size 1024K, 60 young (61440K), 2 survivors (2048K)
 Metaspace       used 121414K, committed 123648K, reserved 1179648K
  class space    used 17119K, committed 18176K, reserved 1048576K
}
Event: 27.017 GC heap after
{Heap after GC invocations=52 (full 0):
 garbage-first heap   total 205824K, used 124327K [0x0000000080000000, 0x0000000100000000)
  region size 1024K, 8 young (8192K), 8 survivors (8192K)
 Metaspace       used 121414K, committed 123648K, reserved 1179648K
  class space    used 17119K, committed 18176K, reserved 1048576K
}
Event: 27.909 GC heap before
{Heap before GC invocations=52 (full 0):
 garbage-first heap   total 205824K, used 182695K [0x0000000080000000, 0x0000000100000000)
  region size 1024K, 62 young (63488K), 8 survivors (8192K)
 Metaspace       used 124850K, committed 127104K, reserved 1179648K
  class space    used 17527K, committed 18624K, reserved 1048576K
}
Event: 27.927 GC heap after
{Heap after GC invocations=53 (full 0):
 garbage-first heap   total 206848K, used 138690K [0x0000000080000000, 0x0000000100000000)
  region size 1024K, 8 young (8192K), 8 survivors (8192K)
 Metaspace       used 124850K, committed 127104K, reserved 1179648K
  class space    used 17527K, committed 18624K, reserved 1048576K
}
Event: 28.785 GC heap before
{Heap before GC invocations=53 (full 0):
 garbage-first heap   total 206848K, used 181698K [0x0000000080000000, 0x0000000100000000)
  region size 1024K, 51 young (52224K), 8 survivors (8192K)
 Metaspace       used 127700K, committed 129984K, reserved 1179648K
  class space    used 17858K, committed 19008K, reserved 1048576K
}
Event: 28.818 GC heap after
{Heap after GC invocations=54 (full 0):
 garbage-first heap   total 206848K, used 142341K [0x0000000080000000, 0x0000000100000000)
  region size 1024K, 7 young (7168K), 7 survivors (7168K)
 Metaspace       used 127700K, committed 129984K, reserved 1179648K
  class space    used 17858K, committed 19008K, reserved 1048576K
}
Event: 29.288 GC heap before
{Heap before GC invocations=54 (full 0):
 garbage-first heap   total 239616K, used 183301K [0x0000000080000000, 0x0000000100000000)
  region size 1024K, 48 young (49152K), 7 survivors (7168K)
 Metaspace       used 127737K, committed 130048K, reserved 1179648K
  class space    used 17862K, committed 19008K, reserved 1048576K
}
Event: 29.304 GC heap after
{Heap after GC invocations=55 (full 0):
 garbage-first heap   total 287744K, used 144489K [0x0000000080000000, 0x0000000100000000)
  region size 1024K, 5 young (5120K), 5 survivors (5120K)
 Metaspace       used 127737K, committed 130048K, reserved 1179648K
  class space    used 17862K, committed 19008K, reserved 1048576K
}
Event: 31.685 GC heap before
{Heap before GC invocations=56 (full 0):
 garbage-first heap   total 287744K, used 245865K [0x0000000080000000, 0x0000000100000000)
  region size 1024K, 105 young (107520K), 5 survivors (5120K)
 Metaspace       used 137710K, committed 139968K, reserved 1179648K
  class space    used 19422K, committed 20544K, reserved 1048576K
}
Event: 31.708 GC heap after
{Heap after GC invocations=57 (full 0):
 garbage-first heap   total 287744K, used 147353K [0x0000000080000000, 0x0000000100000000)
  region size 1024K, 8 young (8192K), 8 survivors (8192K)
 Metaspace       used 137710K, committed 139968K, reserved 1179648K
  class space    used 19422K, committed 20544K, reserved 1048576K
}
Event: 33.418 GC heap before
{Heap before GC invocations=57 (full 0):
 garbage-first heap   total 287744K, used 246681K [0x0000000080000000, 0x0000000100000000)
  region size 1024K, 106 young (108544K), 8 survivors (8192K)
 Metaspace       used 147605K, committed 149952K, reserved 1179648K
  class space    used 21150K, committed 22272K, reserved 1048576K
}
Event: 33.451 GC heap after
{Heap after GC invocations=58 (full 0):
 garbage-first heap   total 287744K, used 147337K [0x0000000080000000, 0x0000000100000000)
  region size 1024K, 11 young (11264K), 11 survivors (11264K)
 Metaspace       used 147605K, committed 149952K, reserved 1179648K
  class space    used 21150K, committed 22272K, reserved 1048576K
}
Event: 34.256 GC heap before
{Heap before GC invocations=58 (full 0):
 garbage-first heap   total 287744K, used 164745K [0x0000000080000000, 0x0000000100000000)
  region size 1024K, 30 young (30720K), 11 survivors (11264K)
 Metaspace       used 149023K, committed 151424K, reserved 1179648K
  class space    used 21338K, committed 22528K, reserved 1048576K
}
Event: 34.271 GC heap after
{Heap after GC invocations=59 (full 0):
 garbage-first heap   total 287744K, used 148956K [0x0000000080000000, 0x0000000100000000)
  region size 1024K, 8 young (8192K), 8 survivors (8192K)
 Metaspace       used 149023K, committed 151424K, reserved 1179648K
  class space    used 21338K, committed 22528K, reserved 1048576K
}

Dll operation events (3 events):
Event: 0.099 Loaded shared library D:\Android\jbr\bin\java.dll
Event: 0.118 Loaded shared library D:\Android\jbr\bin\zip.dll
Event: 0.993 Loaded shared library D:\Android\jbr\bin\verify.dll

Deoptimization events (20 events):
Event: 34.114 Thread 0x0000020017c9e6a0 DEOPT PACKING pc=0x0000020008271bc0 sp=0x0000003d681fd160
Event: 34.114 Thread 0x0000020017c9e6a0 DEOPT UNPACKING pc=0x00000200075846a2 sp=0x0000003d681fd0c0 mode 2
Event: 34.134 Thread 0x0000020017c9e6a0 DEOPT PACKING pc=0x00000200011a28cb sp=0x0000003d681fd330
Event: 34.134 Thread 0x0000020017c9e6a0 DEOPT UNPACKING pc=0x0000020007584e42 sp=0x0000003d681fc7e0 mode 0
Event: 34.252 Thread 0x0000020017ca3bf0 Uncommon trap: trap_request=0xffffff45 fr.pc=0x0000020007e3f3f4 relative=0x0000000000000134
Event: 34.252 Thread 0x0000020017ca3bf0 Uncommon trap: reason=unstable_if action=reinterpret pc=0x0000020007e3f3f4 method=java.lang.ThreadLocal.get(Ljava/lang/Thread;)Ljava/lang/Object; @ 7 c2
Event: 34.252 Thread 0x0000020017ca3bf0 DEOPT PACKING pc=0x0000020007e3f3f4 sp=0x0000003d684fddc0
Event: 34.252 Thread 0x0000020017ca3bf0 DEOPT UNPACKING pc=0x00000200075846a2 sp=0x0000003d684fdce8 mode 2
Event: 34.795 Thread 0x0000020018425bd0 DEOPT PACKING pc=0x000002000079399c sp=0x0000003d63efe0f0
Event: 34.795 Thread 0x0000020018425bd0 DEOPT UNPACKING pc=0x0000020007584e42 sp=0x0000003d63efd5e0 mode 0
Event: 34.796 Thread 0x0000020018425bd0 DEOPT PACKING pc=0x000002000098a67c sp=0x0000003d63efed60
Event: 34.796 Thread 0x0000020018425bd0 DEOPT UNPACKING pc=0x0000020007584e42 sp=0x0000003d63efe370 mode 0
Event: 34.797 Thread 0x00000200140a5c70 DEOPT PACKING pc=0x000002000079399c sp=0x0000003d600fc820
Event: 34.797 Thread 0x00000200140a5c70 DEOPT UNPACKING pc=0x0000020007584e42 sp=0x0000003d600fbd10 mode 0
Event: 34.797 Thread 0x00000200142e6f80 Uncommon trap: trap_request=0xffffff45 fr.pc=0x000002000801fb60 relative=0x0000000000000480
Event: 34.797 Thread 0x00000200142e6f80 Uncommon trap: reason=unstable_if action=reinterpret pc=0x000002000801fb60 method=java.io.ObjectOutputStream$BlockDataOutputStream.writeBytes(Ljava/lang/String;)V @ 22 c2
Event: 34.797 Thread 0x00000200142e6f80 DEOPT PACKING pc=0x000002000801fb60 sp=0x0000003d603fcb30
Event: 34.797 Thread 0x00000200142e6f80 DEOPT UNPACKING pc=0x00000200075846a2 sp=0x0000003d603fcab8 mode 2
Event: 34.863 Thread 0x0000020015dd7410 DEOPT PACKING pc=0x000002000098a67c sp=0x0000003d63cfee40
Event: 34.863 Thread 0x0000020015dd7410 DEOPT UNPACKING pc=0x0000020007584e42 sp=0x0000003d63cfe450 mode 0

Classes loaded (20 events):
Event: 35.010 Loading class javax/management/JMX
Event: 35.010 Loading class javax/management/JMX done
Event: 35.010 Loading class com/sun/jmx/mbeanserver/DescriptorCache
Event: 35.010 Loading class com/sun/jmx/mbeanserver/DescriptorCache done
Event: 35.010 Loading class com/sun/jmx/mbeanserver/MXBeanSupport
Event: 35.011 Loading class com/sun/jmx/mbeanserver/MBeanSupport
Event: 35.011 Loading class com/sun/jmx/mbeanserver/MBeanSupport done
Event: 35.011 Loading class com/sun/jmx/mbeanserver/MXBeanSupport done
Event: 35.011 Loading class javax/management/MXBean
Event: 35.011 Loading class javax/management/MXBean done
Event: 35.011 Loading class com/sun/jmx/mbeanserver/MXBeanIntrospector
Event: 35.012 Loading class com/sun/jmx/mbeanserver/MBeanIntrospector
Event: 35.012 Loading class com/sun/jmx/mbeanserver/MBeanIntrospector done
Event: 35.012 Loading class com/sun/jmx/mbeanserver/MXBeanIntrospector done
Event: 35.012 Loading class com/sun/jmx/mbeanserver/MBeanIntrospector$PerInterfaceMap
Event: 35.013 Loading class com/sun/jmx/mbeanserver/MBeanIntrospector$PerInterfaceMap done
Event: 35.013 Loading class com/sun/jmx/mbeanserver/MBeanIntrospector$MBeanInfoMap
Event: 35.013 Loading class com/sun/jmx/mbeanserver/MBeanIntrospector$MBeanInfoMap done
Event: 35.013 Loading class com/sun/jmx/mbeanserver/MBeanAnalyzer
Event: 35.013 Loading class com/sun/jmx/mbeanserver/MBeanAnalyzer done

Classes unloaded (0 events):
No events

Classes redefined (0 events):
No events

Internal exceptions (20 events):
Event: 32.666 Thread 0x0000020017ca5630 Exception <a 'sun/nio/fs/WindowsException'{0x000000008da12610}> (0x000000008da12610) 
thrown [s\src\hotspot\share\prims\jni.cpp, line 537]
Event: 32.810 Thread 0x0000020018425bd0 Exception <a 'java/lang/NoSuchMethodError'{0x000000008cbef5a0}: static Ljava/lang/Object;.<clinit>()V> (0x000000008cbef5a0) 
thrown [s\src\hotspot\share\prims\jni.cpp, line 1144]
Event: 33.023 Thread 0x0000020017ca5cc0 Exception <a 'java/lang/NoSuchMethodError'{0x000000008c197a90}: 'long java.lang.invoke.DirectMethodHandle$Holder.invokeStatic(java.lang.Object, java.lang.Object, java.lang.Object)'> (0x000000008c197a90) 
thrown [s\src\hotspot\share\interpreter\linkResolver.cpp, line 784]
Event: 33.157 Thread 0x0000020017ca5cc0 Exception <a 'sun/nio/fs/WindowsException'{0x000000008bd37f60}> (0x000000008bd37f60) 
thrown [s\src\hotspot\share\prims\jni.cpp, line 537]
Event: 33.243 Thread 0x0000020015e27630 Exception <a 'sun/nio/fs/WindowsException'{0x000000008bb24480}> (0x000000008bb24480) 
thrown [s\src\hotspot\share\prims\jni.cpp, line 537]
Event: 33.243 Thread 0x0000020015e27630 Exception <a 'sun/nio/fs/WindowsException'{0x000000008bb25358}> (0x000000008bb25358) 
thrown [s\src\hotspot\share\prims\jni.cpp, line 537]
Event: 33.243 Thread 0x0000020015e27630 Exception <a 'sun/nio/fs/WindowsException'{0x000000008bb25478}> (0x000000008bb25478) 
thrown [s\src\hotspot\share\prims\jni.cpp, line 537]
Event: 33.607 Thread 0x0000020015e27630 Exception <a 'java/lang/NoSuchMethodError'{0x00000000910c55f0}: static Lcom/android/build/api/variant/impl/SerializableApplicationMultiOutputHandler;.<clinit>()V> (0x00000000910c55f0) 
thrown [s\src\hotspot\share\prims\jni.cpp, line 1144]
Event: 33.608 Thread 0x0000020015e27630 Exception <a 'java/lang/NoSuchMethodError'{0x00000000910dbca0}: static Lcom/android/build/api/variant/impl/VariantOutputImpl$SerializedForm;.<clinit>()V> (0x00000000910dbca0) 
thrown [s\src\hotspot\share\prims\jni.cpp, line 1144]
Event: 33.610 Thread 0x0000020015e27630 Exception <a 'java/lang/NoSuchMethodError'{0x00000000910f0ed8}: static Lcom/android/build/api/variant/impl/VariantOutputConfigurationImpl;.<clinit>()V> (0x00000000910f0ed8) 
thrown [s\src\hotspot\share\prims\jni.cpp, line 1144]
Event: 34.099 Thread 0x0000020017c9e6a0 Exception <a 'java/lang/NoSuchMethodError'{0x0000000090979ad0}: 'java.lang.Object java.lang.invoke.DirectMethodHandle$Holder.newInvokeSpecial(java.lang.Object, java.lang.Object, java.lang.Object, java.lang.Object, java.lang.Object, int, java.lang.Object)'> (0x0000000090979ad0) 
thrown [s\src\hotspot\share\interpreter\linkResolver.cpp, line 784]
Event: 34.099 Thread 0x0000020017c9e6a0 Exception <a 'java/lang/NoSuchMethodError'{0x0000000090981988}: 'java.lang.Object java.lang.invoke.Invokers$Holder.linkToTargetMethod(java.lang.Object, java.lang.Object, java.lang.Object, java.lang.Object, int, java.lang.Object, java.lang.Object)'> (0x0000000090981988) 
thrown [s\src\hotspot\share\interpreter\linkResolver.cpp, line 784]
Event: 34.101 Thread 0x0000020017c9e6a0 Implicit null exception at 0x000002000826db27 to 0x000002000826dcc4
Event: 34.229 Thread 0x0000020017c9e6a0 Exception <a 'sun/nio/fs/WindowsException'{0x000000009059a348}> (0x000000009059a348) 
thrown [s\src\hotspot\share\prims\jni.cpp, line 537]
Event: 34.252 Thread 0x0000020017ca3bf0 Implicit null exception at 0x0000020007e3f30b to 0x0000020007e3f3dc
Event: 34.564 Thread 0x0000020017c9e6a0 Exception <a 'java/lang/ClassNotFoundException'{0x00000000ffb36048}: sun/misc/SharedSecrets> (0x00000000ffb36048) 
thrown [s\src\hotspot\share\classfile\systemDictionary.cpp, line 312]
Event: 34.772 Thread 0x00000200142e6f80 Exception <a 'java/lang/NoSuchMethodError'{0x000000009106b3c8}: static Lorg/gradle/internal/build/event/types/DefaultTaskFailureResult;.<clinit>()V> (0x000000009106b3c8) 
thrown [s\src\hotspot\share\prims\jni.cpp, line 1144]
Event: 34.797 Thread 0x00000200142e6f80 Exception <a 'java/lang/NoSuchMethodError'{0x0000000090f04018}: static Lorg/gradle/internal/build/event/types/DefaultFailure;.<clinit>()V> (0x0000000090f04018) 
thrown [s\src\hotspot\share\prims\jni.cpp, line 1144]
Event: 34.938 Thread 0x00000200140a5c70 Exception <a 'sun/nio/fs/WindowsException'{0x0000000090fd5388}> (0x0000000090fd5388) 
thrown [s\src\hotspot\share\prims\jni.cpp, line 537]
Event: 35.007 Thread 0x00000200140a5c70 Exception <a 'java/lang/IncompatibleClassChangeError'{0x0000000090ebad98}: Found class java.lang.Object, but interface was expected> (0x0000000090ebad98) 
thrown [s\src\hotspot\share\interpreter\linkResolver.cpp, line 851]

ZGC Phase Switch (0 events):
No events

VM Operations (20 events):
Event: 32.343 Executing VM operation: HandshakeAllThreads (Deoptimize) done
Event: 32.422 Executing VM operation: ICBufferFull
Event: 32.422 Executing VM operation: ICBufferFull done
Event: 32.507 Executing VM operation: HandshakeAllThreads (Deoptimize)
Event: 32.507 Executing VM operation: HandshakeAllThreads (Deoptimize) done
Event: 32.583 Executing VM operation: ICBufferFull
Event: 32.584 Executing VM operation: ICBufferFull done
Event: 33.064 Executing VM operation: ICBufferFull
Event: 33.064 Executing VM operation: ICBufferFull done
Event: 33.180 Executing VM operation: ICBufferFull
Event: 33.181 Executing VM operation: ICBufferFull done
Event: 33.418 Executing VM operation: G1CollectForAllocation (G1 Evacuation Pause)
Event: 33.451 Executing VM operation: G1CollectForAllocation (G1 Evacuation Pause) done
Event: 34.256 Executing VM operation: G1TryInitiateConcMark (G1 Humongous Allocation)
Event: 34.271 Executing VM operation: G1TryInitiateConcMark (G1 Humongous Allocation) done
Event: 34.920 Executing VM operation: HandshakeAllThreads (Deoptimize)
Event: 34.921 Executing VM operation: HandshakeAllThreads (Deoptimize) done
Event: 34.998 Executing VM operation: HandshakeAllThreads (Deoptimize)
Event: 34.998 Executing VM operation: HandshakeAllThreads (Deoptimize) done
Event: 35.014 Executing VM operation: G1PauseRemark

Memory protections (0 events):
No events

Nmethod flushes (20 events):
Event: 35.035 Thread 0x000002007ebc8070 flushing  nmethod 0x00000200014af910
Event: 35.035 Thread 0x000002007ebc8070 flushing  nmethod 0x00000200014b0c10
Event: 35.035 Thread 0x000002007ebc8070 flushing  nmethod 0x00000200014b2710
Event: 35.035 Thread 0x000002007ebc8070 flushing  nmethod 0x00000200014b3090
Event: 35.035 Thread 0x000002007ebc8070 flushing  nmethod 0x00000200014b6590
Event: 35.035 Thread 0x000002007ebc8070 flushing  nmethod 0x00000200014b8090
Event: 35.035 Thread 0x000002007ebc8070 flushing  nmethod 0x00000200014b8c10
Event: 35.035 Thread 0x000002007ebc8070 flushing  nmethod 0x00000200014bb810
Event: 35.035 Thread 0x000002007ebc8070 flushing  nmethod 0x0000020001575290
Event: 35.035 Thread 0x000002007ebc8070 flushing  nmethod 0x000002000157ca10
Event: 35.035 Thread 0x000002007ebc8070 flushing  nmethod 0x000002000157fc90
Event: 35.035 Thread 0x000002007ebc8070 flushing  nmethod 0x0000020001581e90
Event: 35.035 Thread 0x000002007ebc8070 flushing  nmethod 0x00000200015c6a90
Event: 35.035 Thread 0x000002007ebc8070 flushing  nmethod 0x00000200015c6e90
Event: 35.035 Thread 0x000002007ebc8070 flushing  nmethod 0x00000200015c7210
Event: 35.035 Thread 0x000002007ebc8070 flushing  nmethod 0x00000200015c7b90
Event: 35.035 Thread 0x000002007ebc8070 flushing  nmethod 0x00000200015c8010
Event: 35.035 Thread 0x000002007ebc8070 flushing  nmethod 0x00000200015c8c90
Event: 35.035 Thread 0x000002007ebc8070 flushing  nmethod 0x00000200015cc210
Event: 35.035 Thread 0x000002007ebc8070 flushing  nmethod 0x0000020001671810

Events (20 events):
Event: 29.900 Thread 0x0000020015e27630 Thread added: 0x0000020017ca1b20
Event: 29.901 Thread 0x0000020015e27630 Thread added: 0x0000020017ca21b0
Event: 29.902 Thread 0x0000020015e27630 Thread added: 0x0000020017ca3560
Event: 29.903 Thread 0x0000020015e27630 Thread added: 0x0000020017ca4fa0
Event: 29.944 Thread 0x0000020015e27630 Thread added: 0x0000020017ca5630
Event: 29.946 Thread 0x0000020015e27630 Thread added: 0x0000020017c9e6a0
Event: 29.948 Thread 0x0000020015e27630 Thread added: 0x0000020017ca5cc0
Event: 29.950 Thread 0x0000020015e27630 Thread added: 0x0000020017ca2840
Event: 29.951 Thread 0x0000020015e27630 Thread added: 0x0000020017c9ed30
Event: 30.918 Thread 0x000002007ec45aa0 Thread added: 0x00000200185367c0
Event: 31.964 Thread 0x0000020017c9ed30 Thread exited: 0x0000020017c9ed30
Event: 34.251 Thread 0x0000020017c9e6a0 Thread added: 0x0000020017ca3bf0
Event: 34.251 Thread 0x0000020017ca3bf0 Thread added: 0x0000020017ca4910
Event: 34.252 Thread 0x0000020017ca4910 Thread added: 0x0000020017c9ed30
Event: 34.252 Thread 0x0000020017c9ed30 Thread added: 0x0000020017ca6350
Event: 34.254 Thread 0x0000020017ca6350 Thread added: 0x0000020017c9f3c0
Event: 34.255 Thread 0x0000020017c9f3c0 Thread added: 0x0000020017ca69e0
Event: 34.256 Thread 0x0000020017ca69e0 Thread added: 0x0000020017c9fa50
Event: 34.655 Thread 0x00000200185367c0 Thread exited: 0x00000200185367c0
Event: 34.864 Thread 0x0000020015dd7410 Thread exited: 0x0000020015dd7410


Dynamic libraries:
0x00007ff670d20000 - 0x00007ff670d2a000 	D:\Android\jbr\bin\java.exe
0x00007ffd1de30000 - 0x00007ffd1e028000 	C:\Windows\SYSTEM32\ntdll.dll
0x00007ffd1c860000 - 0x00007ffd1c91d000 	C:\Windows\System32\KERNEL32.DLL
0x00007ffd1ba40000 - 0x00007ffd1bd36000 	C:\Windows\System32\KERNELBASE.dll
0x00007ffd1b720000 - 0x00007ffd1b820000 	C:\Windows\System32\ucrtbase.dll
0x00007ffd16fa0000 - 0x00007ffd16fbb000 	D:\Android\jbr\bin\VCRUNTIME140.dll
0x00007ffd10e90000 - 0x00007ffd10ea8000 	D:\Android\jbr\bin\jli.dll
0x00007ffd1c920000 - 0x00007ffd1cabe000 	C:\Windows\System32\USER32.dll
0x00007ffd1b5d0000 - 0x00007ffd1b5f2000 	C:\Windows\System32\win32u.dll
0x00007ffd066d0000 - 0x00007ffd0696a000 	C:\Windows\WinSxS\amd64_microsoft.windows.common-controls_6595b64144ccf1df_6.0.19041.3636_none_60b6a03d71f818d5\COMCTL32.dll
0x00007ffd1c5f0000 - 0x00007ffd1c68e000 	C:\Windows\System32\msvcrt.dll
0x00007ffd1d5c0000 - 0x00007ffd1d5ec000 	C:\Windows\System32\GDI32.dll
0x00007ffd1b600000 - 0x00007ffd1b71a000 	C:\Windows\System32\gdi32full.dll
0x00007ffd1bd40000 - 0x00007ffd1bddd000 	C:\Windows\System32\msvcp_win.dll
0x00007ffd1dc20000 - 0x00007ffd1dc50000 	C:\Windows\System32\IMM32.DLL
0x00007ffd16fe0000 - 0x00007ffd16fec000 	D:\Android\jbr\bin\vcruntime140_1.dll
0x00007ffcf0590000 - 0x00007ffcf061d000 	D:\Android\jbr\bin\msvcp140.dll
0x00007ffcba9b0000 - 0x00007ffcbb646000 	D:\Android\jbr\bin\server\jvm.dll
0x00007ffd1c160000 - 0x00007ffd1c20f000 	C:\Windows\System32\ADVAPI32.dll
0x00007ffd1da60000 - 0x00007ffd1dafc000 	C:\Windows\System32\sechost.dll
0x00007ffd1cac0000 - 0x00007ffd1cbe6000 	C:\Windows\System32\RPCRT4.dll
0x00007ffd1c790000 - 0x00007ffd1c7fb000 	C:\Windows\System32\WS2_32.dll
0x00007ffd1b370000 - 0x00007ffd1b3bb000 	C:\Windows\SYSTEM32\POWRPROF.dll
0x00007ffd05050000 - 0x00007ffd05077000 	C:\Windows\SYSTEM32\WINMM.dll
0x00007ffd11d90000 - 0x00007ffd11d9a000 	C:\Windows\SYSTEM32\VERSION.dll
0x00007ffd1b350000 - 0x00007ffd1b362000 	C:\Windows\SYSTEM32\UMPDC.dll
0x00007ffd19d20000 - 0x00007ffd19d32000 	C:\Windows\SYSTEM32\kernel.appcore.dll
0x00007ffd16f20000 - 0x00007ffd16f2a000 	D:\Android\jbr\bin\jimage.dll
0x00007ffd19270000 - 0x00007ffd19454000 	C:\Windows\SYSTEM32\DBGHELP.DLL
0x00007ffcff210000 - 0x00007ffcff244000 	C:\Windows\SYSTEM32\dbgcore.DLL
0x00007ffd1b980000 - 0x00007ffd1ba02000 	C:\Windows\System32\bcryptPrimitives.dll
0x00007ffd11020000 - 0x00007ffd1102e000 	D:\Android\jbr\bin\instrument.dll
0x00007ffd13500000 - 0x00007ffd13520000 	D:\Android\jbr\bin\java.dll
0x00007ffd12e00000 - 0x00007ffd12e18000 	D:\Android\jbr\bin\zip.dll
0x00007ffd1cbf0000 - 0x00007ffd1d335000 	C:\Windows\System32\SHELL32.dll
0x00007ffd19570000 - 0x00007ffd19d0b000 	C:\Windows\SYSTEM32\windows.storage.dll
0x00007ffd1c210000 - 0x00007ffd1c564000 	C:\Windows\System32\combase.dll
0x00007ffd1ada0000 - 0x00007ffd1adcd000 	C:\Windows\SYSTEM32\Wldp.dll
0x00007ffd1c0b0000 - 0x00007ffd1c15d000 	C:\Windows\System32\SHCORE.dll
0x00007ffd1be90000 - 0x00007ffd1bee5000 	C:\Windows\System32\shlwapi.dll
0x00007ffd1b440000 - 0x00007ffd1b465000 	C:\Windows\SYSTEM32\profapi.dll
0x00007ffd12df0000 - 0x00007ffd12e00000 	D:\Android\jbr\bin\net.dll
0x00007ffd0f7b0000 - 0x00007ffd0f8ba000 	C:\Windows\SYSTEM32\WINHTTP.dll
0x00007ffd1ab80000 - 0x00007ffd1abea000 	C:\Windows\system32\mswsock.dll
0x00007ffd129d0000 - 0x00007ffd129e6000 	D:\Android\jbr\bin\nio.dll
0x00007ffd10e00000 - 0x00007ffd10e10000 	D:\Android\jbr\bin\verify.dll
0x00007ffd11030000 - 0x00007ffd11057000 	C:\Users\Admin\.gradle\native\1def1411415f61bf3af743bc5b6707747c0891f09f0c88961ee8f79bc544acac\windows-amd64\native-platform.dll
0x00007ffceb430000 - 0x00007ffceb4a8000 	C:\Users\Admin\.gradle\native\0.2.7\x86_64-windows-gnu\gradle-fileevents.dll
0x00007ffd11500000 - 0x00007ffd11509000 	D:\Android\jbr\bin\management.dll
0x00007ffd114f0000 - 0x00007ffd114fb000 	D:\Android\jbr\bin\management_ext.dll
0x00007ffd1bef0000 - 0x00007ffd1bef8000 	C:\Windows\System32\PSAPI.DLL
0x00007ffd1a890000 - 0x00007ffd1a8cb000 	C:\Windows\SYSTEM32\IPHLPAPI.DLL
0x00007ffd1dde0000 - 0x00007ffd1dde8000 	C:\Windows\System32\NSI.dll
0x00007ffd12990000 - 0x00007ffd12999000 	D:\Android\jbr\bin\extnet.dll
0x00007ffd1ade0000 - 0x00007ffd1adf8000 	C:\Windows\SYSTEM32\CRYPTSP.dll
0x00007ffd1a4d0000 - 0x00007ffd1a504000 	C:\Windows\system32\rsaenh.dll
0x00007ffd1ba10000 - 0x00007ffd1ba37000 	C:\Windows\System32\bcrypt.dll
0x00007ffd1b400000 - 0x00007ffd1b42e000 	C:\Windows\SYSTEM32\USERENV.dll
0x00007ffd1ad10000 - 0x00007ffd1ad1c000 	C:\Windows\SYSTEM32\CRYPTBASE.dll
0x00007ffd129a0000 - 0x00007ffd129a7000 	C:\Windows\system32\wshunix.dll
0x00007ffd1a8d0000 - 0x00007ffd1a99a000 	C:\Windows\SYSTEM32\DNSAPI.dll
0x00007ffd04dc0000 - 0x00007ffd04dca000 	C:\Windows\System32\rasadhlp.dll
0x00007ffd07fd0000 - 0x00007ffd08050000 	C:\Windows\System32\fwpuclnt.dll

JVMTI agents:
C:\Users\Admin\.gradle\wrapper\dists\gradle-8.13-bin\5xuhj0ry160q40clulazy9h7d\gradle-8.13\lib\agents\gradle-instrumentation-agent-8.13.jar path:D:\Android\jbr\bin\instrument.dll, loaded, initialized, instrumentlib options:none

dbghelp: loaded successfully - version: 4.0.5 - missing functions: none
symbol engine: initialized successfully - sym options: 0x614 - pdb path: .;D:\Android\jbr\bin;C:\Windows\SYSTEM32;C:\Windows\WinSxS\amd64_microsoft.windows.common-controls_6595b64144ccf1df_6.0.19041.3636_none_60b6a03d71f818d5;D:\Android\jbr\bin\server;C:\Users\Admin\.gradle\native\1def1411415f61bf3af743bc5b6707747c0891f09f0c88961ee8f79bc544acac\windows-amd64;C:\Users\Admin\.gradle\native\0.2.7\x86_64-windows-gnu

VM Arguments:
jvm_args: --add-opens=java.base/java.lang=ALL-UNNAMED --add-opens=java.base/java.lang.invoke=ALL-UNNAMED --add-opens=java.base/java.util=ALL-UNNAMED --add-opens=java.prefs/java.util.prefs=ALL-UNNAMED --add-exports=jdk.compiler/com.sun.tools.javac.api=ALL-UNNAMED --add-exports=jdk.compiler/com.sun.tools.javac.util=ALL-UNNAMED --add-opens=java.base/java.util=ALL-UNNAMED --add-opens=java.prefs/java.util.prefs=ALL-UNNAMED --add-opens=java.base/java.nio.charset=ALL-UNNAMED --add-opens=java.base/java.net=ALL-UNNAMED --add-opens=java.base/java.util.concurrent.atomic=ALL-UNNAMED --add-opens=java.xml/javax.xml.namespace=ALL-UNNAMED -Xmx2048m -Dfile.encoding=UTF-8 -Duser.country=US -Duser.language=en -Duser.variant -javaagent:C:\Users\Admin\.gradle\wrapper\dists\gradle-8.13-bin\5xuhj0ry160q40clulazy9h7d\gradle-8.13\lib\agents\gradle-instrumentation-agent-8.13.jar 
java_command: org.gradle.launcher.daemon.bootstrap.GradleDaemon 8.13
java_class_path (initial): C:\Users\Admin\.gradle\wrapper\dists\gradle-8.13-bin\5xuhj0ry160q40clulazy9h7d\gradle-8.13\lib\gradle-daemon-main-8.13.jar
Launcher Type: SUN_STANDARD

[Global flags]
     intx CICompilerCount                          = 4                                         {product} {ergonomic}
     uint ConcGCThreads                            = 2                                         {product} {ergonomic}
     uint G1ConcRefinementThreads                  = 8                                         {product} {ergonomic}
   size_t G1HeapRegionSize                         = 1048576                                   {product} {ergonomic}
    uintx GCDrainStackTargetSize                   = 64                                        {product} {ergonomic}
   size_t InitialHeapSize                          = 134217728                                 {product} {ergonomic}
   size_t MarkStackSize                            = 4194304                                   {product} {ergonomic}
   size_t MaxHeapSize                              = 2147483648                                {product} {command line}
   size_t MaxNewSize                               = 1287651328                                {product} {ergonomic}
   size_t MinHeapDeltaBytes                        = 1048576                                   {product} {ergonomic}
   size_t MinHeapSize                              = 8388608                                   {product} {ergonomic}
    uintx NonNMethodCodeHeapSize                   = 5839372                                {pd product} {ergonomic}
    uintx NonProfiledCodeHeapSize                  = 122909434                              {pd product} {ergonomic}
    uintx ProfiledCodeHeapSize                     = 122909434                              {pd product} {ergonomic}
    uintx ReservedCodeCacheSize                    = 251658240                              {pd product} {ergonomic}
     bool SegmentedCodeCache                       = true                                      {product} {ergonomic}
   size_t SoftMaxHeapSize                          = 2147483648                             {manageable} {ergonomic}
     bool UseCompressedOops                        = true                           {product lp64_product} {ergonomic}
     bool UseG1GC                                  = true                                      {product} {ergonomic}
     bool UseLargePagesIndividualAllocation        = false                                  {pd product} {ergonomic}

Logging:
Log output configuration:
 #0: stdout all=warning uptime,level,tags foldmultilines=false
 #1: stderr all=off uptime,level,tags foldmultilines=false

Environment Variables:
PATH=C:\Program Files (x86)\Common Files\Oracle\Java\javapath;C:\Windows\system32;C:\Windows;C:\Windows\System32\Wbem;C:\Windows\System32\WindowsPowerShell\v1.0\;C:\Windows\System32\OpenSSH\;C:\Program Files\Git\cmd;C:\Program Files\nodejs\;C:\Program Files (x86)\Microsoft SQL Server\160\Tools\Binn\;C:\Program Files\Microsoft SQL Server\160\Tools\Binn\;C:\Program Files\Microsoft SQL Server\Client SDK\ODBC\170\Tools\Binn\;C:\Program Files\Microsoft SQL Server\160\DTS\Binn\;C:\Program Files (x86)\Microsoft SQL Server\160\DTS\Binn\;C:\Program Files\Azure Data Studio\bin;C:\Program Files (x86)\Windows Kits\10\Windows Performance Toolkit\;C:\Program Files\Microsoft SQL Server\150\Tools\Binn\;C:\Program Files\dotnet\;C:\Program Files\Docker\Docker\resources\bin;C:\Users\Admin\AppData\Local\Programs\Python\Python313\Scripts\;C:\Users\Admin\AppData\Local\Programs\Python\Python313\;C:\Users\Admin\AppData\Local\Programs\Python\Launcher\;C:\Users\Admin\AppData\Local\Microsoft\WindowsApps;C:\Users\Admin\AppData\Local\Programs\Microsoft VS Code\bin;C:\Users\Admin\AppData\Local\GitHubDesktop\bin;C:\nodejs;C:\Users\Admin\AppData\Roaming\npm;C:\Program Files\nodejs\;;C:\Program Files\Azure Data Studio\bin;C:\Users\Admin\.dotnet\tools
USERNAME=Admin
OS=Windows_NT
PROCESSOR_IDENTIFIER=Intel64 Family 6 Model 142 Stepping 10, GenuineIntel
TMP=C:\Users\Admin\AppData\Local\Temp
TEMP=C:\Users\Admin\AppData\Local\Temp




Periodic native trim disabled

JNI global refs:
JNI global refs: 27, weak refs: 0

JNI global refs memory usage: 835, weak refs: 201

Process memory usage:
Resident Set Size: 494336K (5% of 8263900K total physical memory with 362800K free physical memory)

OOME stack traces (most recent first):
Classloader memory used:
Loader org.gradle.internal.classloader.VisitableURLClassLoader                         : 47257K
Loader org.gradle.internal.classloader.VisitableURLClassLoader$InstrumentingVisitableURLClassLoader: 44705K
Loader bootstrap                                                                       : 33462K
Loader org.gradle.initialization.MixInLegacyTypesClassLoader                           : 13702K
Loader jdk.internal.loader.ClassLoaders$AppClassLoader                                 : 8718K
Loader jdk.internal.loader.ClassLoaders$PlatformClassLoader                            : 1010K
Loader jdk.internal.reflect.DelegatingClassLoader                                      : 477K
Loader jdk.internal.jrtfs.JrtFileSystemProvider$JrtFsLoader                            : 294K
Loader org.gradle.internal.classloader.VisitableURLClassLoader                         : 221K
Loader org.gradle.groovy.scripts.internal.DefaultScriptCompilationHandler$ScriptClassLoader: 135K
Loader org.codehaus.groovy.runtime.callsite.CallSiteClassLoader                        : 27512B

Classes loaded by more than one classloader:
Class Program                                                                         : loaded 5 times (x 72B)
Class Build_gradle                                                                    : loaded 3 times (x 130B)
Class Build_gradle$1                                                                  : loaded 3 times (x 74B)
Class ijKotlinCoroutineJvmDebugInit1_2edxob47te3k3j1lkm25ffz4$_run_closure1$_closure2 : loaded 2 times (x 139B)
Class org.gradle.internal.classloader.FilteringClassLoader                            : loaded 2 times (x 105B)
Class jdk.internal.jimage.BasicImageReader                                            : loaded 2 times (x 95B)
Class com.google.common.base.CharMatcher$IsEither                                     : loaded 2 times (x 111B)
Class org.gradle.internal.classloader.ClassLoaderHierarchy                            : loaded 2 times (x 70B)
Class com.google.common.collect.ImmutableEnumSet                                      : loaded 2 times (x 146B)
Class com.google.common.util.concurrent.ExecutionError                                : loaded 2 times (x 82B)
Class com.google.common.collect.ImmutableList$1                                       : loaded 2 times (x 97B)
Class org.gradle.api.internal.classpath.ManifestUtil                                  : loaded 2 times (x 71B)
Class com.google.common.collect.RegularImmutableMap                                   : loaded 2 times (x 121B)
Class com.google.common.collect.ImmutableMap$MapViewOfValuesAsSingletonSets           : loaded 2 times (x 126B)
Class com.google.common.reflect.TypeCapture                                           : loaded 2 times (x 71B)
Class [Lorg.objectweb.asm.Symbol;                                                     : loaded 2 times (x 69B)
Class org.objectweb.asm.ClassVisitor                                                  : loaded 2 times (x 88B)
Class com.google.common.collect.UnmodifiableListIterator                              : loaded 2 times (x 95B)
Class com.google.common.base.Platform$JdkPatternCompiler                              : loaded 2 times (x 75B)
Class org.objectweb.asm.MethodTooLargeException                                       : loaded 2 times (x 83B)
Class [Lcom.google.common.cache.CacheBuilder$OneWeigher;                              : loaded 2 times (x 69B)
Class com.google.common.base.Suppliers                                                : loaded 2 times (x 71B)
Class org.gradle.internal.classloader.DefaultClassLoaderFactory                       : loaded 2 times (x 82B)
Class [Lcom.google.common.collect.AbstractIterator$State;                             : loaded 2 times (x 69B)
Class org.gradle.internal.classloader.ClassLoaderVisitor                              : loaded 2 times (x 76B)
Class [Lcom.google.common.collect.ImmutableMapEntry;                                  : loaded 2 times (x 69B)
Class org.gradle.api.internal.classpath.EffectiveClassPath                            : loaded 2 times (x 90B)
Class com.google.common.collect.ListMultimap                                          : loaded 2 times (x 70B)
Class com.google.common.collect.ImmutableEnumMap                                      : loaded 2 times (x 126B)
Class com.google.common.collect.Sets$1                                                : loaded 2 times (x 139B)
Class org.objectweb.asm.AnnotationVisitor                                             : loaded 2 times (x 78B)
Class org.gradle.api.internal.DefaultClassPathProvider                                : loaded 2 times (x 76B)
Class [Lcom.google.common.base.Function;                                              : loaded 2 times (x 69B)
Class com.google.common.collect.Maps$ViewCachingAbstractMap                           : loaded 2 times (x 125B)
Class com.google.common.collect.Sets$2                                                : loaded 2 times (x 139B)
Class [Lorg.gradle.api.internal.ClassPathProvider;                                    : loaded 2 times (x 69B)
Class org.gradle.api.internal.ClassPathProvider                                       : loaded 2 times (x 70B)
Class jdk.internal.jrtfs.SystemImage                                                  : loaded 2 times (x 74B)
Class [Lorg.objectweb.asm.AnnotationVisitor;                                          : loaded 2 times (x 69B)
Class com.google.common.collect.Sets$3                                                : loaded 2 times (x 139B)
Class com.google.common.util.concurrent.AbstractFuture$SafeAtomicHelper               : loaded 2 times (x 79B)
Class com.google.common.cache.LocalCache$LocalLoadingCache                            : loaded 2 times (x 134B)
Class org.gradle.internal.service.UnknownServiceException                             : loaded 2 times (x 83B)
Class com.google.common.collect.Sets$4                                                : loaded 2 times (x 139B)
Class org.objectweb.asm.ModuleVisitor                                                 : loaded 2 times (x 81B)
Class com.google.common.cache.LocalCache$Strength$1                                   : loaded 2 times (x 81B)
Class com.google.common.collect.Collections2$FilteredCollection                       : loaded 2 times (x 119B)
Class com.google.common.util.concurrent.SettableFuture                                : loaded 2 times (x 114B)
Class com.google.common.cache.LocalCache$Strength$2                                   : loaded 2 times (x 81B)
Class [Lcom.google.common.collect.Maps$EntryFunction;                                 : loaded 2 times (x 69B)
Class com.google.common.collect.TransformedIterator                                   : loaded 2 times (x 80B)
Class com.google.common.cache.LocalCache$Strength$3                                   : loaded 2 times (x 81B)
Class com.google.common.collect.MapDifference                                         : loaded 2 times (x 70B)
Class com.google.common.reflect.Invokable                                             : loaded 2 times (x 103B)
Class org.objectweb.asm.FieldWriter                                                   : loaded 2 times (x 78B)
Class com.google.common.cache.CacheBuilder$NullListener                               : loaded 2 times (x 82B)
Class org.gradle.internal.classpath.TransformedClassPath                              : loaded 2 times (x 96B)
Class org.gradle.internal.classloader.InstrumentingClassLoader                        : loaded 2 times (x 70B)
Class jdk.internal.jrtfs.SystemImage$1                                                : loaded 2 times (x 78B)
Class com.google.common.collect.Maps$IteratorBasedAbstractMap$1                       : loaded 2 times (x 138B)
Class com.google.common.cache.CacheLoader$FunctionToCacheLoader                       : loaded 2 times (x 75B)
Class com.google.common.collect.Iterators$ArrayItr                                    : loaded 2 times (x 97B)
Class com.google.common.collect.ImmutableCollection$Builder                           : loaded 2 times (x 76B)
Class jdk.internal.jrtfs.SystemImage$2                                                : loaded 2 times (x 76B)
Class com.google.common.base.Joiner                                                   : loaded 2 times (x 79B)
Class com.google.common.base.MoreObjects                                              : loaded 2 times (x 71B)
Class com.google.common.collect.Platform                                              : loaded 2 times (x 71B)
Class [Lorg.objectweb.asm.Type;                                                       : loaded 2 times (x 69B)
Class com.google.common.collect.UnmodifiableIterator                                  : loaded 2 times (x 80B)
Class org.gradle.internal.service.ServiceLocator                                      : loaded 2 times (x 70B)
Class jdk.internal.jrtfs.JrtFileSystemProvider                                        : loaded 2 times (x 101B)
Class com.google.common.collect.HashBiMap$BiEntry                                     : loaded 2 times (x 83B)
Class com.google.common.base.Ascii                                                    : loaded 2 times (x 71B)
Class com.google.common.cache.LocalCache$1                                            : loaded 2 times (x 89B)
Class com.google.common.collect.SingletonImmutableBiMap                               : loaded 2 times (x 143B)
Class com.google.common.collect.AbstractMapEntry                                      : loaded 2 times (x 81B)
Class com.google.common.reflect.TypeToken$SimpleTypeToken                             : loaded 2 times (x 73B)
Class com.google.common.collect.Sets$ImprovedAbstractSet                              : loaded 2 times (x 135B)
Class com.google.common.collect.ImmutableList$Builder                                 : loaded 2 times (x 77B)
Class com.google.common.collect.AbstractMultimap                                      : loaded 2 times (x 123B)
Class com.google.common.cache.LocalCache$2                                            : loaded 2 times (x 142B)
Class com.google.common.util.concurrent.AbstractFuture$UnsafeAtomicHelper$1           : loaded 2 times (x 76B)
Class com.google.common.collect.RegularImmutableAsList                                : loaded 2 times (x 217B)
Class com.google.common.base.Optional                                                 : loaded 2 times (x 80B)
Class com.google.common.util.concurrent.AbstractFuture$Trusted                        : loaded 2 times (x 70B)
Class com.google.common.collect.Iterators                                             : loaded 2 times (x 71B)
Class jdk.internal.jrtfs.JrtDirectoryStream$1                                         : loaded 2 times (x 83B)
Class jdk.internal.jimage.ImageLocation                                               : loaded 2 times (x 90B)
Class com.google.common.collect.Lists$StringAsImmutableList                           : loaded 2 times (x 207B)
Class com.google.common.util.concurrent.UncheckedExecutionException                   : loaded 2 times (x 82B)
Class org.gradle.kotlin.dsl.VersionCatalogAccessorsKt                                 : loaded 2 times (x 71B)
Class org.gradle.internal.InternalTransformer                                         : loaded 2 times (x 70B)
Class jdk.internal.jimage.ImageBufferCache$1                                          : loaded 2 times (x 83B)
Class com.google.common.collect.AbstractMapBasedMultimap$KeySet$1                     : loaded 2 times (x 82B)
Class org.objectweb.asm.ClassWriter                                                   : loaded 2 times (x 106B)
Class com.google.common.cache.CacheLoader$UnsupportedLoadingOperationException        : loaded 2 times (x 82B)
Class com.google.common.base.CharMatcher$And                                          : loaded 2 times (x 112B)
Class org.gradle.internal.classloader.ClasspathUtil$1                                 : loaded 2 times (x 76B)
Class jdk.internal.jimage.ImageBufferCache$2                                          : loaded 2 times (x 91B)
Class com.google.common.collect.FluentIterable$1                                      : loaded 2 times (x 81B)
Class com.google.common.base.Objects                                                  : loaded 2 times (x 71B)
Class org.objectweb.asm.FieldVisitor                                                  : loaded 2 times (x 77B)
Class com.google.common.collect.IndexedImmutableSet                                   : loaded 2 times (x 152B)
Class com.google.common.collect.ImmutableMap$1                                        : loaded 2 times (x 81B)
Class com.google.common.collect.BiMap                                                 : loaded 2 times (x 70B)
Class org.gradle.api.internal.classpath.DefaultModuleRegistry$DefaultModule           : loaded 2 times (x 86B)
Class com.google.common.collect.FluentIterable$2                                      : loaded 2 times (x 81B)
Class com.google.common.base.Absent                                                   : loaded 2 times (x 80B)
Class com.google.common.primitives.Ints                                               : loaded 2 times (x 71B)
Class com.google.common.collect.AbstractIterator                                      : loaded 2 times (x 82B)
Class com.google.common.collect.FluentIterable$3                                      : loaded 2 times (x 81B)
Class com.google.common.collect.ObjectArrays                                          : loaded 2 times (x 71B)
Class com.google.common.collect.Multiset                                              : loaded 2 times (x 70B)
Class com.google.common.collect.ArrayListMultimapGwtSerializationDependencies         : loaded 2 times (x 172B)
Class com.google.common.collect.AbstractIndexedListIterator                           : loaded 2 times (x 96B)
Class com.google.common.collect.RegularImmutableMap$KeySet                            : loaded 2 times (x 152B)
Class com.google.common.collect.ImmutableMapEntrySet                                  : loaded 2 times (x 152B)
Class org.gradle.api.internal.classpath.Module                                        : loaded 2 times (x 70B)
Class com.google.common.cache.Weigher                                                 : loaded 2 times (x 70B)
Class org.gradle.api.internal.classpath.UnknownModuleException                        : loaded 2 times (x 82B)
Class jdk.internal.jimage.ImageHeader                                                 : loaded 2 times (x 71B)
Class com.google.common.base.Stopwatch                                                : loaded 2 times (x 72B)
Class com.google.common.cache.LocalCache$Strength                                     : loaded 2 times (x 81B)
Class com.google.common.cache.Cache                                                   : loaded 2 times (x 70B)
Class com.google.common.base.NullnessCasts                                            : loaded 2 times (x 71B)
Class com.google.common.util.concurrent.AbstractFuture$Cancellation                   : loaded 2 times (x 72B)
Class com.google.common.collect.ImmutableMap$Builder                                  : loaded 2 times (x 82B)
Class com.google.common.base.Throwables                                               : loaded 2 times (x 71B)
Class com.google.common.collect.Maps$EntryFunction$1                                  : loaded 2 times (x 91B)
Class com.google.common.base.Present                                                  : loaded 2 times (x 81B)
Class com.google.common.cache.RemovalListener                                         : loaded 2 times (x 70B)
Class ijKotlinCoroutineJvmDebugInit1_2edxob47te3k3j1lkm25ffz4                         : loaded 2 times (x 179B)
Class org.gradle.api.internal.DefaultClassPathRegistry                                : loaded 2 times (x 76B)
Class com.google.common.reflect.Invokable$ConstructorInvokable                        : loaded 2 times (x 107B)
Class com.google.common.collect.Maps$EntryFunction$2                                  : loaded 2 times (x 91B)
Class com.google.common.primitives.IntsMethodsForWeb                                  : loaded 2 times (x 71B)
Class com.google.common.collect.Multimap                                              : loaded 2 times (x 70B)
Class org.gradle.api.internal.ClassPathRegistry                                       : loaded 2 times (x 70B)
Class org.gradle.internal.classpath.DefaultClassPath$ImmutableUniqueList              : loaded 2 times (x 199B)
Class com.google.common.reflect.TypeToken                                             : loaded 2 times (x 73B)
Class com.google.common.collect.NullnessCasts                                         : loaded 2 times (x 71B)
Class com.google.common.base.ExtraObjectsMethodsForWeb                                : loaded 2 times (x 71B)
Class com.google.common.base.PairwiseEquivalence                                      : loaded 2 times (x 83B)
Class com.google.common.cache.CacheBuilder                                            : loaded 2 times (x 72B)
Class com.google.common.collect.SingletonImmutableList                                : loaded 2 times (x 207B)
Class Settings_gradle$1                                                               : loaded 2 times (x 74B)
Class org.gradle.internal.classpath.ClassPath                                         : loaded 2 times (x 70B)
Class org.gradle.api.UncheckedIOException                                             : loaded 2 times (x 82B)
Class com.google.common.base.JdkPattern                                               : loaded 2 times (x 75B)
Class com.google.common.collect.ImmutableList$ReverseImmutableList                    : loaded 2 times (x 209B)
Class org.objectweb.asm.SymbolTable$Entry                                             : loaded 2 times (x 74B)
Class com.google.common.util.concurrent.AbstractFuture$AtomicHelper                   : loaded 2 times (x 78B)
Class jdk.internal.jimage.ImageStringsReader                                          : loaded 2 times (x 80B)
Class org.objectweb.asm.Edge                                                          : loaded 2 times (x 72B)
Class com.google.common.base.Suppliers$SupplierOfInstance                             : loaded 2 times (x 79B)
Class com.google.common.collect.Iterators$1                                           : loaded 2 times (x 81B)
Class com.google.common.reflect.TypeToken$1                                           : loaded 2 times (x 110B)
Class com.google.common.cache.LocalCache$ComputingValueReference                      : loaded 2 times (x 96B)
Class com.google.common.collect.SingletonImmutableSet                                 : loaded 2 times (x 146B)
Class com.google.common.collect.ImmutableMap$IteratorBasedImmutableMap                : loaded 2 times (x 126B)
Class jdk.internal.jimage.ImageReader                                                 : loaded 2 times (x 75B)
Class com.google.common.reflect.TypeToken$2                                           : loaded 2 times (x 110B)
Class com.google.common.cache.LocalCache$Segment                                      : loaded 2 times (x 154B)
Class jdk.internal.jimage.ImageReader$SharedImageReader                               : loaded 2 times (x 95B)
Class com.google.common.collect.AbstractListMultimap                                  : loaded 2 times (x 172B)
Class [Lorg.objectweb.asm.SymbolTable$Entry;                                          : loaded 2 times (x 69B)
Class com.google.common.cache.CacheLoader                                             : loaded 2 times (x 74B)
Class com.google.common.collect.Iterators$4                                           : loaded 2 times (x 82B)
Class com.google.common.collect.ImmutableBiMap                                        : loaded 2 times (x 143B)
Class org.gradle.internal.installation.GradleInstallation$1                           : loaded 2 times (x 75B)
Class org.gradle.api.internal.classpath.ModuleRegistry                                : loaded 2 times (x 70B)
Class com.google.common.util.concurrent.internal.InternalFutureFailureAccess          : loaded 2 times (x 72B)
Class com.google.common.collect.Iterators$5                                           : loaded 2 times (x 82B)
Class com.google.common.collect.ImmutableSet$JdkBackedSetBuilderImpl                  : loaded 2 times (x 76B)
Class com.google.common.collect.Iterators$6                                           : loaded 2 times (x 81B)
Class com.google.common.util.concurrent.AbstractFuture$UnsafeAtomicHelper             : loaded 2 times (x 78B)
Class com.google.common.cache.LocalCache$LocalManualCache$1                           : loaded 2 times (x 75B)
Class com.google.common.base.CharMatcher$ForPredicate                                 : loaded 2 times (x 112B)
Class jdk.internal.jimage.ImageReader$Node                                            : loaded 2 times (x 84B)
Class com.google.common.base.CharMatcher$AnyOf                                        : loaded 2 times (x 112B)
Class com.google.common.collect.ImmutableCollection                                   : loaded 2 times (x 125B)
Class org.gradle.api.internal.classpath.DefaultModuleRegistry                         : loaded 2 times (x 86B)
Class jdk.internal.jimage.BasicImageReader$1                                          : loaded 2 times (x 77B)
Class com.google.common.collect.Lists                                                 : loaded 2 times (x 71B)
Class com.google.common.util.concurrent.ListenableFuture                              : loaded 2 times (x 70B)
Class com.google.common.cache.ReferenceEntry                                          : loaded 2 times (x 70B)
Class com.google.common.base.Converter                                                : loaded 2 times (x 90B)
Class com.google.common.collect.ImmutableSet$CachingAsList                            : loaded 2 times (x 148B)
Class com.google.common.collect.AbstractMapBasedMultimap                              : loaded 2 times (x 139B)
Class com.google.common.util.concurrent.AbstractFuture                                : loaded 2 times (x 106B)
Class com.google.common.base.FunctionalEquivalence                                    : loaded 2 times (x 83B)
Class com.google.common.collect.Iterators$9                                           : loaded 2 times (x 81B)
Class com.google.common.collect.ImmutableAsList                                       : loaded 2 times (x 209B)
Class org.objectweb.asm.RecordComponentVisitor                                        : loaded 2 times (x 77B)
Class com.google.common.cache.CacheLoader$SupplierToCacheLoader                       : loaded 2 times (x 75B)
Class jdk.internal.jimage.decompressor.Decompressor                                   : loaded 2 times (x 72B)
Class jdk.internal.jimage.ImageReader$Resource                                        : loaded 2 times (x 84B)
Class com.google.common.collect.Maps$EntryTransformer                                 : loaded 2 times (x 70B)
Class org.gradle.internal.service.ServiceLookupException                              : loaded 2 times (x 82B)
Class jdk.internal.jrtfs.JrtFileAttributes                                            : loaded 2 times (x 83B)
Class com.google.common.collect.Lists$ReverseList                                     : loaded 2 times (x 200B)
Class [Lcom.google.common.cache.LocalCache$EntryFactory;                              : loaded 2 times (x 69B)
Class org.gradle.internal.classloader.ClassLoaderFactory                              : loaded 2 times (x 70B)
Class com.google.common.base.CommonPattern                                            : loaded 2 times (x 74B)
Class com.google.common.cache.LocalCache$LocalManualCache                             : loaded 2 times (x 99B)
Class com.google.common.base.CharMatcher$IsNot                                        : loaded 2 times (x 111B)
Class org.gradle.internal.service.CachingServiceLocator                               : loaded 2 times (x 82B)
Class com.google.common.collect.AbstractMapBasedMultimap$KeySet                       : loaded 2 times (x 137B)
Class com.google.common.math.IntMath                                                  : loaded 2 times (x 71B)
Class [Lcom.google.common.collect.HashBiMap$BiEntry;                                  : loaded 2 times (x 69B)
Class com.google.common.collect.ImmutableMapEntry                                     : loaded 2 times (x 85B)
Class com.google.common.base.Predicates                                               : loaded 2 times (x 71B)
Class com.google.common.base.Equivalence                                              : loaded 2 times (x 82B)
Class com.google.common.base.Function                                                 : loaded 2 times (x 70B)
Class com.google.common.collect.ImmutableMapEntry$NonTerminalImmutableMapEntry        : loaded 2 times (x 85B)
Class ijJvmDebugger1_6gnha51x1399uf0afb4xb1b8s$_run_closure1                          : loaded 2 times (x 139B)
Class com.google.common.cache.CacheBuilder$OneWeigher                                 : loaded 2 times (x 82B)
Class com.google.common.collect.RegularImmutableList                                  : loaded 2 times (x 213B)
Class jdk.internal.jimage.ImageBufferCache                                            : loaded 2 times (x 71B)
Class jdk.internal.jrtfs.JrtPath                                                      : loaded 2 times (x 118B)
Class com.google.common.collect.Maps$EntryFunction                                    : loaded 2 times (x 91B)
Class org.gradle.internal.classloader.ClasspathUtil                                   : loaded 2 times (x 71B)
Class com.google.common.base.Charsets                                                 : loaded 2 times (x 71B)
Class com.google.common.util.concurrent.Uninterruptibles                              : loaded 2 times (x 71B)
Class com.google.common.collect.Maps                                                  : loaded 2 times (x 71B)
Class org.gradle.api.specs.Spec                                                       : loaded 2 times (x 70B)
Class jdk.internal.jimage.ImageReader$SharedImageReader$LocationVisitor               : loaded 2 times (x 70B)
Class [Lcom.google.common.collect.ImmutableEntry;                                     : loaded 2 times (x 69B)
Class com.google.common.cache.LocalCache$LoadingValueReference                        : loaded 2 times (x 96B)
Class com.google.common.math.MathPreconditions                                        : loaded 2 times (x 71B)
Class com.google.common.reflect.Invokable$MethodInvokable                             : loaded 2 times (x 107B)
Class com.google.common.base.Platform                                                 : loaded 2 times (x 71B)
Class jdk.internal.jimage.ImageReader$Directory                                       : loaded 2 times (x 84B)
Class [Lorg.objectweb.asm.AnnotationWriter;                                           : loaded 2 times (x 69B)
Class com.google.common.collect.Maps$8                                                : loaded 2 times (x 82B)
Class com.google.common.base.Predicates$CompositionPredicate                          : loaded 2 times (x 88B)
Class com.google.common.collect.Lists$ReverseList$1                                   : loaded 2 times (x 99B)
Class com.google.common.collect.Sets$SetView                                          : loaded 2 times (x 138B)
Class com.google.common.cache.LocalCache$StrongValueReference                         : loaded 2 times (x 90B)
Class com.google.common.util.concurrent.AbstractFuture$SynchronizedHelper             : loaded 2 times (x 78B)
Class org.objectweb.asm.Type                                                          : loaded 2 times (x 72B)
Class org.gradle.internal.classloader.VisitableURLClassLoader$InstrumentingVisitableURLClassLoader: loaded 2 times (x 123B)
Class org.objectweb.asm.ByteVector                                                    : loaded 2 times (x 79B)
Class [Lcom.google.common.cache.CacheBuilder$NullListener;                            : loaded 2 times (x 69B)
Class com.google.common.math.IntMath$1                                                : loaded 2 times (x 71B)
Class org.gradle.internal.classloader.VisitableURLClassLoader$Spec                    : loaded 2 times (x 74B)
Class org.gradle.internal.classpath.DefaultClassPath                                  : loaded 2 times (x 90B)
Class org.objectweb.asm.Symbol                                                        : loaded 2 times (x 73B)
Class ijKotlinCoroutineJvmDebugInit1_2edxob47te3k3j1lkm25ffz4$_run_closure1           : loaded 2 times (x 139B)
Class com.google.common.collect.Sets$FilteredSet                                      : loaded 2 times (x 137B)
Class com.google.common.io.Closer                                                     : loaded 2 times (x 78B)
Class com.google.common.base.CharMatcher$Ascii                                        : loaded 2 times (x 112B)
Class com.google.common.base.CharMatcher$BitSetMatcher                                : loaded 2 times (x 112B)
Class com.google.common.collect.RegularImmutableMap$Values                            : loaded 2 times (x 207B)
Class com.google.common.collect.ImmutableSet                                          : loaded 2 times (x 145B)
Class org.gradle.internal.classloader.ClassLoaderSpec                                 : loaded 2 times (x 71B)
Class org.objectweb.asm.AnnotationWriter                                              : loaded 2 times (x 79B)
Class com.google.common.cache.CacheStats                                              : loaded 2 times (x 71B)
Class com.google.common.io.Closer$Suppressor                                          : loaded 2 times (x 70B)
Class org.objectweb.asm.RecordComponentWriter                                         : loaded 2 times (x 78B)
Class com.google.common.util.concurrent.AbstractFuture$Listener                       : loaded 2 times (x 72B)
Class com.google.common.base.CharMatcher$Or                                           : loaded 2 times (x 112B)
Class Settings_gradle$1$1                                                             : loaded 2 times (x 74B)
Class org.objectweb.asm.Attribute                                                     : loaded 2 times (x 77B)
Class com.google.common.base.Supplier                                                 : loaded 2 times (x 70B)
Class org.gradle.internal.classloader.VisitableURLClassLoader                         : loaded 2 times (x 117B)
Class com.google.common.collect.ImmutableList$SerializedForm                          : loaded 2 times (x 73B)
Class com.google.common.util.concurrent.AbstractFuture$Waiter                         : loaded 2 times (x 72B)
Class Settings_gradle                                                                 : loaded 2 times (x 128B)
Class org.gradle.internal.Cast                                                        : loaded 2 times (x 71B)
Class org.gradle.api.Action                                                           : loaded 2 times (x 70B)
Class com.google.common.collect.HashBiMap                                             : loaded 2 times (x 143B)
Class com.google.common.base.Strings                                                  : loaded 2 times (x 71B)
Class com.google.common.collect.Sets                                                  : loaded 2 times (x 71B)
Class org.objectweb.asm.Handler                                                       : loaded 2 times (x 72B)
Class com.google.common.base.Ticker                                                   : loaded 2 times (x 72B)
Class com.google.common.base.CharMatcher$FastMatcher                                  : loaded 2 times (x 111B)
Class [Lcom.google.common.cache.LocalCache$Segment;                                   : loaded 2 times (x 69B)
Class [Lcom.google.common.cache.LocalCache$Strength;                                  : loaded 2 times (x 69B)
Class com.google.common.cache.CacheBuilder$1                                          : loaded 2 times (x 85B)
Class com.google.common.base.Predicate                                                : loaded 2 times (x 70B)
Class com.google.common.collect.ImmutableMap                                          : loaded 2 times (x 120B)
Class ijJvmDebugger1_6gnha51x1399uf0afb4xb1b8s                                        : loaded 2 times (x 179B)
Class org.gradle.internal.classpath.DefaultClassPath$ImmutableUniqueList$Builder      : loaded 2 times (x 75B)
Class com.google.common.cache.LocalCache                                              : loaded 2 times (x 187B)
Class com.google.common.cache.CacheBuilder$2                                          : loaded 2 times (x 79B)
Class com.google.common.base.CharMatcher$NegatedFastMatcher                           : loaded 2 times (x 113B)
Class com.google.common.collect.ArrayListMultimap                                     : loaded 2 times (x 172B)
Class com.google.common.cache.CacheBuilder$3                                          : loaded 2 times (x 72B)
Class [Lcom.google.common.collect.AbstractMapEntry;                                   : loaded 2 times (x 69B)
Class com.google.common.collect.ImmutableEntry                                        : loaded 2 times (x 82B)
Class org.gradle.api.GradleException                                                  : loaded 2 times (x 82B)
Class jdk.internal.jimage.ImageStrings                                                : loaded 2 times (x 70B)
Class com.google.common.base.Suppliers$MemoizingSupplier                              : loaded 2 times (x 79B)
Class com.google.common.collect.CollectPreconditions                                  : loaded 2 times (x 71B)
Class com.google.common.collect.Maps$AbstractFilteredMap                              : loaded 2 times (x 127B)
Class com.google.common.collect.SortedMapDifference                                   : loaded 2 times (x 70B)
Class com.google.common.cache.LocalCache$EntryFactory                                 : loaded 2 times (x 83B)
Class com.google.common.reflect.TypeParameter                                         : loaded 2 times (x 72B)
Class com.google.common.collect.Iterables$5                                           : loaded 2 times (x 81B)
Class com.google.common.cache.LocalCache$AbstractReferenceEntry                       : loaded 2 times (x 107B)
Class org.gradle.internal.IoActions                                                   : loaded 2 times (x 71B)
Class org.objectweb.asm.SymbolTable                                                   : loaded 2 times (x 72B)
Class com.google.common.cache.CacheLoader$InvalidCacheLoadException                   : loaded 2 times (x 82B)
Class com.google.common.collect.ImmutableSet$RegularSetBuilderImpl                    : loaded 2 times (x 77B)
Class org.gradle.internal.classloader.SystemClassLoaderSpec                           : loaded 2 times (x 71B)
Class com.google.common.collect.FluentIterable                                        : loaded 2 times (x 81B)
Class com.google.common.cache.LocalCache$StrongEntry                                  : loaded 2 times (x 108B)
Class com.google.common.util.concurrent.AbstractFuture$TrustedFuture                  : loaded 2 times (x 114B)
Class com.google.common.cache.LoadingCache                                            : loaded 2 times (x 70B)
Class jdk.internal.jrtfs.JrtFileSystem                                                : loaded 2 times (x 102B)
Class com.google.common.base.Suppliers$NonSerializableMemoizingSupplier               : loaded 2 times (x 79B)
Class org.objectweb.asm.MethodWriter                                                  : loaded 2 times (x 106B)
Class [Lcom.google.common.cache.Weigher;                                              : loaded 2 times (x 69B)
Class com.google.common.collect.RegularImmutableMap$BucketOverflowException           : loaded 2 times (x 82B)
Class com.google.common.collect.AbstractIterator$State                                : loaded 2 times (x 79B)
Class com.google.common.cache.LocalCache$ValueReference                               : loaded 2 times (x 70B)
Class com.google.common.base.CharMatcher$Is                                           : loaded 2 times (x 111B)
Class com.google.common.base.CharMatcher$Negated                                      : loaded 2 times (x 113B)
Class com.google.common.collect.RegularImmutableBiMap                                 : loaded 2 times (x 149B)
Class com.google.common.hash.PrimitiveSink                                            : loaded 2 times (x 70B)
Class com.google.common.base.PatternCompiler                                          : loaded 2 times (x 70B)
Class com.google.common.util.concurrent.AbstractFuture$Failure                        : loaded 2 times (x 72B)
Class com.google.common.base.Equivalence$Equals                                       : loaded 2 times (x 82B)
Class com.google.common.collect.Hashing                                               : loaded 2 times (x 71B)
Class com.google.common.base.Preconditions                                            : loaded 2 times (x 71B)
Class com.google.common.base.Joiner$1                                                 : loaded 2 times (x 80B)
Class org.objectweb.asm.Label                                                         : loaded 2 times (x 73B)
Class org.objectweb.asm.CurrentFrame                                                  : loaded 2 times (x 73B)
Class org.objectweb.asm.ClassTooLargeException                                        : loaded 2 times (x 83B)
Class com.google.common.base.CharMatcher                                              : loaded 2 times (x 111B)
Class com.google.common.collect.PeekingIterator                                       : loaded 2 times (x 70B)
Class com.google.common.collect.Maps$IteratorBasedAbstractMap                         : loaded 2 times (x 125B)
Class com.google.common.base.Joiner$2                                                 : loaded 2 times (x 79B)
Class org.objectweb.asm.Frame                                                         : loaded 2 times (x 73B)
Class org.objectweb.asm.MethodVisitor                                                 : loaded 2 times (x 105B)
Class com.google.common.cache.LocalCache$EntryFactory$1                               : loaded 2 times (x 83B)
Class [Lcom.google.common.cache.RemovalListener;                                      : loaded 2 times (x 69B)
Class com.google.common.base.CharMatcher$NamedFastMatcher                             : loaded 2 times (x 112B)
Class com.google.common.base.CharMatcher$1                                            : loaded 2 times (x 113B)
Class com.google.common.cache.LocalCache$EntryFactory$2                               : loaded 2 times (x 83B)
Class ijJvmDebugger1_6gnha51x1399uf0afb4xb1b8s$_run_closure1$_closure2                : loaded 2 times (x 140B)
Class org.gradle.api.internal.classpath.GlobalCacheRootsProvider                      : loaded 2 times (x 70B)
Class org.objectweb.asm.ModuleWriter                                                  : loaded 2 times (x 82B)
Class com.google.common.cache.LocalCache$EntryFactory$3                               : loaded 2 times (x 83B)
Class com.google.common.base.Ticker$1                                                 : loaded 2 times (x 72B)
Class com.google.common.collect.Maps$BiMapConverter                                   : loaded 2 times (x 90B)
Class com.google.common.collect.ImmutableMapEntrySet$RegularEntrySet                  : loaded 2 times (x 152B)
Class com.google.common.cache.LocalCache$EntryFactory$4                               : loaded 2 times (x 83B)
Class com.google.common.base.CharMatcher$InRange                                      : loaded 2 times (x 111B)
Class com.google.common.collect.ImmutableSet$Builder                                  : loaded 2 times (x 85B)
Class com.google.common.cache.LocalCache$EntryFactory$5                               : loaded 2 times (x 83B)
Class com.google.common.base.Equivalence$Identity                                     : loaded 2 times (x 82B)
Class com.google.common.cache.LocalCache$EntryFactory$6                               : loaded 2 times (x 83B)
Class org.gradle.internal.installation.CurrentGradleInstallationLocator               : loaded 2 times (x 71B)
Class com.google.common.collect.Maps$KeySet                                           : loaded 2 times (x 137B)
Class com.google.common.cache.LocalCache$EntryFactory$7                               : loaded 2 times (x 83B)
Class com.google.common.collect.ImmutableSet$EmptySetBuilderImpl                      : loaded 2 times (x 76B)
Class com.google.common.collect.ImmutableList                                         : loaded 2 times (x 206B)
Class org.gradle.internal.service.DefaultServiceLocator                               : loaded 2 times (x 83B)
Class jdk.internal.jrtfs.JrtDirectoryStream                                           : loaded 2 times (x 89B)
Class com.google.common.collect.Maps$EntrySet                                         : loaded 2 times (x 136B)
Class com.google.common.cache.LocalCache$EntryFactory$8                               : loaded 2 times (x 83B)
Class com.google.common.collect.ImmutableSet$SetBuilderImpl                           : loaded 2 times (x 76B)
Class org.gradle.internal.installation.CurrentGradleInstallation                      : loaded 2 times (x 73B)
Class com.google.common.cache.CacheLoader$1                                           : loaded 2 times (x 75B)
Class com.google.common.collect.ForwardingObject                                      : loaded 2 times (x 72B)
Class com.google.common.collect.ImmutableList$SubList                                 : loaded 2 times (x 209B)
Class org.gradle.util.internal.GUtil                                                  : loaded 2 times (x 71B)
Class com.google.common.util.concurrent.AbstractFuture$SetFuture                      : loaded 2 times (x 75B)
Class com.google.common.cache.AbstractCache$StatsCounter                              : loaded 2 times (x 70B)
Class com.google.common.collect.Iterators$MergingIterator                             : loaded 2 times (x 81B)
Class com.google.common.collect.RegularImmutableSet                                   : loaded 2 times (x 149B)
Class org.gradle.internal.installation.GradleInstallation                             : loaded 2 times (x 75B)
Class com.google.common.collect.Iterables                                             : loaded 2 times (x 71B)
Class com.google.common.collect.Lists$RandomAccessReverseList                         : loaded 2 times (x 200B)

---------------  S Y S T E M  ---------------

OS:
 Windows 10 , 64 bit Build 19041 (10.0.19041.3636)
OS uptime: 1 days 14:28 hours
Hyper-V role detected

CPU: total 8 (initial active 8) (4 cores per cpu, 2 threads per core) family 6 model 142 stepping 10 microcode 0xf4, cx8, cmov, fxsr, ht, mmx, 3dnowpref, sse, sse2, sse3, ssse3, sse4.1, sse4.2, popcnt, lzcnt, tsc, tscinvbit, avx, avx2, aes, erms, clmul, bmi1, bmi2, rtm, adx, fma, vzeroupper, clflush, clflushopt, hv, rdtscp, f16c
Processor Information for the first 8 processors :
  Max Mhz: 2112, Current Mhz: 1910, Mhz Limit: 1900

Memory: 4k page, system-wide physical 8070M (356M free)
TotalPageFile size 15190M (AvailPageFile size 10M)
current process WorkingSet (physical memory assigned to process): 483M, peak: 520M
current process commit charge ("private bytes"): 697M, peak: 706M

vm_info: OpenJDK 64-Bit Server VM (21.0.8+-14196175-b1038.72) for windows-amd64 JRE (21.0.8+-14196175-b1038.72), built on 2025-10-01T10:24:33Z by "builder" with MS VC++ 16.10 / 16.11 (VS2019)

END.
