#
# There is insufficient memory for the Java Runtime Environment to continue.
# Native memory allocation (mmap) failed to map 25165824 bytes. Error detail: G1 virtual space
# Possible reasons:
#   The system is out of physical RAM or swap space
#   This process is running with CompressedOops enabled, and the Java Heap may be blocking the growth of the native heap
# Possible solutions:
#   Reduce memory load on the system
#   Increase physical memory or swap space
#   Check if swap backing store is full
#   Decrease Java heap size (-Xmx/-Xms)
#   Decrease number of Java threads
#   Decrease Java thread stack sizes (-Xss)
#   Set larger code cache with -XX:ReservedCodeCacheSize=
#   JVM is running with Unscaled Compressed Oops mode in which the Java heap is
#     placed in the first 4GB address space. The Java Heap base address is the
#     maximum limit for the native heap growth. Please use -XX:HeapBaseMinAddress
#     to set the Java Heap base and to place the Java Heap above 4GB virtual address.
# This output file may be truncated or incomplete.
#
#  Out of Memory Error (os_windows.cpp:3925), pid=15756, tid=17136
#
# JRE version: OpenJDK Runtime Environment (21.0.8) (build 21.0.8+-14196175-b1038.72)
# Java VM: OpenJDK 64-Bit Server VM (21.0.8+-14196175-b1038.72, mixed mode, tiered, compressed oops, compressed class ptrs, g1 gc, windows-amd64)
# No core dump will be written. Minidumps are not enabled by default on client versions of Windows
#

---------------  S U M M A R Y ------------

Command Line: --add-opens=java.base/java.lang=ALL-UNNAMED --add-opens=java.base/java.lang.invoke=ALL-UNNAMED --add-opens=java.base/java.util=ALL-UNNAMED --add-opens=java.prefs/java.util.prefs=ALL-UNNAMED --add-exports=jdk.compiler/com.sun.tools.javac.api=ALL-UNNAMED --add-exports=jdk.compiler/com.sun.tools.javac.util=ALL-UNNAMED --add-opens=java.base/java.util=ALL-UNNAMED --add-opens=java.prefs/java.util.prefs=ALL-UNNAMED --add-opens=java.base/java.nio.charset=ALL-UNNAMED --add-opens=java.base/java.net=ALL-UNNAMED --add-opens=java.base/java.util.concurrent.atomic=ALL-UNNAMED --add-opens=java.xml/javax.xml.namespace=ALL-UNNAMED -Xmx2048m -Dfile.encoding=UTF-8 -Duser.country=US -Duser.language=en -Duser.variant -javaagent:C:\Users\Admin\.gradle\wrapper\dists\gradle-8.13-bin\5xuhj0ry160q40clulazy9h7d\gradle-8.13\lib\agents\gradle-instrumentation-agent-8.13.jar org.gradle.launcher.daemon.bootstrap.GradleDaemon 8.13

Host: Intel(R) Core(TM) i7-8650U CPU @ 1.90GHz, 8 cores, 7G,  Windows 10 , 64 bit Build 19041 (10.0.19041.3636)
Time: Sun Apr 26 21:38:31 2026 SE Asia Standard Time elapsed time: 46.242702 seconds (0d 0h 0m 46s)

---------------  T H R E A D  ---------------

Current thread (0x0000018d635ec5c0):  VMThread "VM Thread"          [id=17136, stack(0x0000007924900000,0x0000007924a00000) (1024K)]

Stack: [0x0000007924900000,0x0000007924a00000]
Native frames: (J=compiled Java code, j=interpreted, Vv=VM code, C=native code)
V  [jvm.dll+0x6d68d9]
V  [jvm.dll+0x866693]
V  [jvm.dll+0x868c4e]
V  [jvm.dll+0x869333]
V  [jvm.dll+0x280566]
V  [jvm.dll+0x6d3195]
V  [jvm.dll+0x6c69ea]
V  [jvm.dll+0x3586db]
V  [jvm.dll+0x360336]
V  [jvm.dll+0x3b23f6]
V  [jvm.dll+0x3b26c8]
V  [jvm.dll+0x32ae6c]
V  [jvm.dll+0x32d806]
V  [jvm.dll+0x3376dd]
V  [jvm.dll+0x36ee15]
V  [jvm.dll+0x86f0b8]
V  [jvm.dll+0x870434]
V  [jvm.dll+0x870970]
V  [jvm.dll+0x870c03]
V  [jvm.dll+0x80eac8]
V  [jvm.dll+0x6d512d]
C  [ucrtbase.dll+0x21bb2]
C  [KERNEL32.DLL+0x17344]
C  [ntdll.dll+0x526b1]

VM_Operation (0x00000079244ff830): G1PauseRemark, mode: safepoint, requested by thread 0x0000018d4bf524d0


---------------  P R O C E S S  ---------------

Threads class SMR info:
_java_thread_list=0x0000018d6e08aa60, length=95, elements={
0x0000018d4beea980, 0x0000018d6379db10, 0x0000018d637a22b0, 0x0000018d637a2d10,
0x0000018d637c0ad0, 0x0000018d637c1530, 0x0000018d637c1f90, 0x0000018d637c29f0,
0x0000018d637c77a0, 0x0000018d6383b470, 0x0000018d63aff300, 0x0000018d69994730,
0x0000018d699de570, 0x0000018d69975440, 0x0000018d69b39190, 0x0000018d69b75630,
0x0000018d69905ab0, 0x0000018d6994c290, 0x0000018d6994ec00, 0x0000018d6994f290,
0x0000018d69951360, 0x0000018d69950640, 0x0000018d6994f920, 0x0000018d69950cd0,
0x0000018d6994ffb0, 0x0000018d6994e570, 0x0000018d6d70c3b0, 0x0000018d6d711270,
0x0000018d6d710be0, 0x0000018d6d712cb0, 0x0000018d6d710550, 0x0000018d6d70d0d0,
0x0000018d6d70eb10, 0x0000018d6d712620, 0x0000018d6d70f1a0, 0x0000018d6d713340,
0x0000018d6d70ca40, 0x0000018d6d70d760, 0x0000018d6d70ddf0, 0x0000018d6d70f830,
0x0000018d6a066100, 0x0000018d6a069c10, 0x0000018d6a06bce0, 0x0000018d6a06ca00,
0x0000018d6a06a930, 0x0000018d6a0674b0, 0x0000018d6a06c370, 0x0000018d6a06d090,
0x0000018d6a0681d0, 0x0000018d6a06afc0, 0x0000018d6a068ef0, 0x0000018d6a068860,
0x0000018d6a06d720, 0x0000018d6a069580, 0x0000018d6a06b650, 0x0000018d6a066e20,
0x0000018d69d66fa0, 0x0000018d69d69070, 0x0000018d69d64ed0, 0x0000018d69d62e00,
0x0000018d69d689e0, 0x0000018d69d65bf0, 0x0000018d69d66280, 0x0000018d69d641b0,
0x0000018d69d65560, 0x0000018d69d66910, 0x0000018d69d67630, 0x0000018d69d68350,
0x0000018d69d67cc0, 0x0000018d69d69700, 0x0000018d69d69d90, 0x0000018d69d6a420,
0x0000018d69d63490, 0x0000018d69d63b20, 0x0000018d69d64840, 0x0000018d6c5b2f60,
0x0000018d6c5b0e90, 0x0000018d6c5b1520, 0x0000018d6def8510, 0x0000018d6a0cc080,
0x0000018d6a0ccda0, 0x0000018d6a0c8c00, 0x0000018d6a0c9290, 0x0000018d6a0ca640,
0x0000018d6c5b28d0, 0x0000018d6e6c5980, 0x0000018d6e6c1e70, 0x0000018d6e6c3220,
0x0000018d6e6bf710, 0x0000018d6e6c38b0, 0x0000018d6e6c4c60, 0x0000018d6e6c2b90,
0x0000018d6e6c2500, 0x0000018d6e6c3f40, 0x0000018d6e6c1150
}

Java Threads: ( => current thread )
  0x0000018d4beea980 JavaThread "main"                              [_thread_blocked, id=9304, stack(0x0000007924200000,0x0000007924300000) (1024K)]
  0x0000018d6379db10 JavaThread "Common-Cleaner"             daemon [_thread_blocked, id=7212, stack(0x0000007924a00000,0x0000007924b00000) (1024K)]
  0x0000018d637a22b0 JavaThread "Reference Handler"          daemon [_thread_blocked, id=14008, stack(0x0000007924b00000,0x0000007924c00000) (1024K)]
  0x0000018d637a2d10 JavaThread "Finalizer"                  daemon [_thread_blocked, id=11596, stack(0x0000007924c00000,0x0000007924d00000) (1024K)]
  0x0000018d637c0ad0 JavaThread "Signal Dispatcher"          daemon [_thread_blocked, id=14900, stack(0x0000007924d00000,0x0000007924e00000) (1024K)]
  0x0000018d637c1530 JavaThread "Attach Listener"            daemon [_thread_blocked, id=15648, stack(0x0000007924e00000,0x0000007924f00000) (1024K)]
  0x0000018d637c1f90 JavaThread "Service Thread"             daemon [_thread_blocked, id=16472, stack(0x0000007924f00000,0x0000007925000000) (1024K)]
  0x0000018d637c29f0 JavaThread "Monitor Deflation Thread"   daemon [_thread_blocked, id=10572, stack(0x0000007925000000,0x0000007925100000) (1024K)]
  0x0000018d637c77a0 JavaThread "C2 CompilerThread0"         daemon [_thread_blocked, id=5340, stack(0x0000007925100000,0x0000007925200000) (1024K)]
  0x0000018d6383b470 JavaThread "C1 CompilerThread0"         daemon [_thread_blocked, id=1332, stack(0x0000007925200000,0x0000007925300000) (1024K)]
  0x0000018d63aff300 JavaThread "Notification Thread"        daemon [_thread_blocked, id=1792, stack(0x0000007925300000,0x0000007925400000) (1024K)]
  0x0000018d69994730 JavaThread "Daemon health stats"               [_thread_blocked, id=17200, stack(0x0000007925c00000,0x0000007925d00000) (1024K)]
  0x0000018d699de570 JavaThread "Incoming local TCP Connector on port 52293"        [_thread_in_native, id=18148, stack(0x0000007925400000,0x0000007925500000) (1024K)]
  0x0000018d69975440 JavaThread "Daemon periodic checks"            [_thread_blocked, id=10612, stack(0x0000007925d00000,0x0000007925e00000) (1024K)]
  0x0000018d69b39190 JavaThread "Daemon"                            [_thread_blocked, id=15484, stack(0x0000007925e00000,0x0000007925f00000) (1024K)]
  0x0000018d69b75630 JavaThread "Handler for socket connection from /127.0.0.1:52293 to /127.0.0.1:52294"        [_thread_in_native, id=15156, stack(0x0000007925f00000,0x0000007926000000) (1024K)]
  0x0000018d69905ab0 JavaThread "Cancel handler"                    [_thread_blocked, id=13216, stack(0x0000007926000000,0x0000007926100000) (1024K)]
  0x0000018d6994c290 JavaThread "Daemon worker"                     [_thread_blocked, id=7880, stack(0x0000007926100000,0x0000007926200000) (1024K)]
  0x0000018d6994ec00 JavaThread "Asynchronous log dispatcher for DefaultDaemonConnection: socket connection from /127.0.0.1:52293 to /127.0.0.1:52294"        [_thread_blocked, id=8604, stack(0x0000007926200000,0x0000007926300000) (1024K)]
  0x0000018d6994f290 JavaThread "Stdin handler"                     [_thread_blocked, id=12504, stack(0x0000007926300000,0x0000007926400000) (1024K)]
  0x0000018d69951360 JavaThread "Daemon client event forwarder"        [_thread_blocked, id=2280, stack(0x0000007926400000,0x0000007926500000) (1024K)]
  0x0000018d69950640 JavaThread "Cache worker for journal cache (C:\Users\Admin\.gradle\caches\journal-1)"        [_thread_blocked, id=3392, stack(0x0000007926600000,0x0000007926700000) (1024K)]
  0x0000018d6994f920 JavaThread "File lock request listener"        [_thread_in_native, id=13288, stack(0x0000007926700000,0x0000007926800000) (1024K)]
  0x0000018d69950cd0 JavaThread "Cache worker for file hash cache (C:\Users\Admin\.gradle\caches\8.13\fileHashes)"        [_thread_blocked, id=2624, stack(0x0000007926900000,0x0000007926a00000) (1024K)]
  0x0000018d6994ffb0 JavaThread "Cache worker for file hash cache (D:\BtapNhomAndroid\CineStonksTun\.gradle\8.13\fileHashes)"        [_thread_blocked, id=6532, stack(0x0000007926b00000,0x0000007926c00000) (1024K)]
  0x0000018d6994e570 JavaThread "Cache worker for Build Output Cleanup Cache (D:\BtapNhomAndroid\CineStonksTun\.gradle\buildOutputCleanup)"        [_thread_blocked, id=17848, stack(0x0000007926c00000,0x0000007926d00000) (1024K)]
  0x0000018d6d70c3b0 JavaThread "File watcher server"        daemon [_thread_blocked, id=13168, stack(0x0000007926d00000,0x0000007926e00000) (1024K)]
  0x0000018d6d711270 JavaThread "File watcher consumer"      daemon [_thread_blocked, id=14472, stack(0x0000007926e00000,0x0000007926f00000) (1024K)]
  0x0000018d6d710be0 JavaThread "jar transforms"                    [_thread_blocked, id=6336, stack(0x0000007926a00000,0x0000007926b00000) (1024K)]
  0x0000018d6d712cb0 JavaThread "jar transforms Thread 2"           [_thread_blocked, id=13656, stack(0x0000007926f00000,0x0000007927000000) (1024K)]
  0x0000018d6d710550 JavaThread "Cache worker for checksums cache (D:\BtapNhomAndroid\CineStonksTun\.gradle\8.13\checksums)"        [_thread_blocked, id=436, stack(0x0000007927000000,0x0000007927100000) (1024K)]
  0x0000018d6d70d0d0 JavaThread "Cache worker for file content cache (C:\Users\Admin\.gradle\caches\8.13\fileContent)"        [_thread_blocked, id=16016, stack(0x0000007927100000,0x0000007927200000) (1024K)]
  0x0000018d6d70eb10 JavaThread "jar transforms Thread 3"           [_thread_blocked, id=968, stack(0x0000007926800000,0x0000007926900000) (1024K)]
  0x0000018d6d712620 JavaThread "Cache worker for cache directory md-supplier (C:\Users\Admin\.gradle\caches\8.13\md-supplier)"        [_thread_blocked, id=4796, stack(0x0000007927300000,0x0000007927400000) (1024K)]
  0x0000018d6d70f1a0 JavaThread "Cache worker for cache directory md-rule (C:\Users\Admin\.gradle\caches\8.13\md-rule)"        [_thread_blocked, id=12060, stack(0x0000007927400000,0x0000007927500000) (1024K)]
  0x0000018d6d713340 JavaThread "Unconstrained build operations"        [_thread_blocked, id=16512, stack(0x0000007927500000,0x0000007927600000) (1024K)]
  0x0000018d6d70ca40 JavaThread "Unconstrained build operations Thread 2"        [_thread_blocked, id=17392, stack(0x0000007927600000,0x0000007927700000) (1024K)]
  0x0000018d6d70d760 JavaThread "Unconstrained build operations Thread 3"        [_thread_blocked, id=7424, stack(0x0000007927700000,0x0000007927800000) (1024K)]
  0x0000018d6d70ddf0 JavaThread "Unconstrained build operations Thread 4"        [_thread_blocked, id=12916, stack(0x0000007927800000,0x0000007927900000) (1024K)]
  0x0000018d6d70f830 JavaThread "Unconstrained build operations Thread 5"        [_thread_blocked, id=3032, stack(0x0000007927900000,0x0000007927a00000) (1024K)]
  0x0000018d6a066100 JavaThread "Unconstrained build operations Thread 6"        [_thread_blocked, id=16852, stack(0x0000007927200000,0x0000007927300000) (1024K)]
  0x0000018d6a069c10 JavaThread "Unconstrained build operations Thread 7"        [_thread_blocked, id=8992, stack(0x0000007927a00000,0x0000007927b00000) (1024K)]
  0x0000018d6a06bce0 JavaThread "Unconstrained build operations Thread 8"        [_thread_blocked, id=6996, stack(0x0000007927b00000,0x0000007927c00000) (1024K)]
  0x0000018d6a06ca00 JavaThread "Unconstrained build operations Thread 9"        [_thread_blocked, id=9088, stack(0x0000007927c00000,0x0000007927d00000) (1024K)]
  0x0000018d6a06a930 JavaThread "Unconstrained build operations Thread 10"        [_thread_blocked, id=16952, stack(0x0000007927d00000,0x0000007927e00000) (1024K)]
  0x0000018d6a0674b0 JavaThread "jar transforms Thread 4"           [_thread_blocked, id=4948, stack(0x0000007927e00000,0x0000007927f00000) (1024K)]
  0x0000018d6a06c370 JavaThread "jar transforms Thread 5"           [_thread_blocked, id=17240, stack(0x0000007927f00000,0x0000007928000000) (1024K)]
  0x0000018d6a06d090 JavaThread "Unconstrained build operations Thread 11"        [_thread_blocked, id=14176, stack(0x0000007928100000,0x0000007928200000) (1024K)]
  0x0000018d6a0681d0 JavaThread "Unconstrained build operations Thread 12"        [_thread_blocked, id=2692, stack(0x0000007928200000,0x0000007928300000) (1024K)]
  0x0000018d6a06afc0 JavaThread "Unconstrained build operations Thread 13"        [_thread_blocked, id=18340, stack(0x0000007928300000,0x0000007928400000) (1024K)]
  0x0000018d6a068ef0 JavaThread "Unconstrained build operations Thread 14"        [_thread_blocked, id=7224, stack(0x0000007928400000,0x0000007928500000) (1024K)]
  0x0000018d6a068860 JavaThread "Unconstrained build operations Thread 15"        [_thread_blocked, id=16236, stack(0x0000007928500000,0x0000007928600000) (1024K)]
  0x0000018d6a06d720 JavaThread "jar transforms Thread 6"           [_thread_blocked, id=4320, stack(0x0000007928600000,0x0000007928700000) (1024K)]
  0x0000018d6a069580 JavaThread "jar transforms Thread 7"           [_thread_blocked, id=11852, stack(0x0000007928700000,0x0000007928800000) (1024K)]
  0x0000018d6a06b650 JavaThread "jar transforms Thread 8"           [_thread_blocked, id=3248, stack(0x0000007928800000,0x0000007928900000) (1024K)]
  0x0000018d6a066e20 JavaThread "Unconstrained build operations Thread 16"        [_thread_blocked, id=12332, stack(0x0000007928a00000,0x0000007928b00000) (1024K)]
  0x0000018d69d66fa0 JavaThread "Unconstrained build operations Thread 17"        [_thread_blocked, id=7104, stack(0x0000007928b00000,0x0000007928c00000) (1024K)]
  0x0000018d69d69070 JavaThread "Unconstrained build operations Thread 18"        [_thread_blocked, id=17944, stack(0x0000007928c00000,0x0000007928d00000) (1024K)]
  0x0000018d69d64ed0 JavaThread "Unconstrained build operations Thread 19"        [_thread_blocked, id=12172, stack(0x0000007928d00000,0x0000007928e00000) (1024K)]
  0x0000018d69d62e00 JavaThread "Unconstrained build operations Thread 20"        [_thread_blocked, id=15968, stack(0x0000007928e00000,0x0000007928f00000) (1024K)]
  0x0000018d69d689e0 JavaThread "Unconstrained build operations Thread 21"        [_thread_blocked, id=11336, stack(0x0000007928f00000,0x0000007929000000) (1024K)]
  0x0000018d69d65bf0 JavaThread "Unconstrained build operations Thread 22"        [_thread_blocked, id=10564, stack(0x0000007929000000,0x0000007929100000) (1024K)]
  0x0000018d69d66280 JavaThread "Unconstrained build operations Thread 23"        [_thread_blocked, id=11960, stack(0x0000007929100000,0x0000007929200000) (1024K)]
  0x0000018d69d641b0 JavaThread "Unconstrained build operations Thread 24"        [_thread_blocked, id=5180, stack(0x0000007929200000,0x0000007929300000) (1024K)]
  0x0000018d69d65560 JavaThread "Unconstrained build operations Thread 25"        [_thread_blocked, id=16316, stack(0x0000007929300000,0x0000007929400000) (1024K)]
  0x0000018d69d66910 JavaThread "Unconstrained build operations Thread 26"        [_thread_blocked, id=17364, stack(0x0000007929400000,0x0000007929500000) (1024K)]
  0x0000018d69d67630 JavaThread "Unconstrained build operations Thread 27"        [_thread_blocked, id=3336, stack(0x0000007929500000,0x0000007929600000) (1024K)]
  0x0000018d69d68350 JavaThread "Unconstrained build operations Thread 28"        [_thread_blocked, id=9340, stack(0x0000007929600000,0x0000007929700000) (1024K)]
  0x0000018d69d67cc0 JavaThread "Unconstrained build operations Thread 29"        [_thread_blocked, id=13308, stack(0x0000007929700000,0x0000007929800000) (1024K)]
  0x0000018d69d69700 JavaThread "Unconstrained build operations Thread 30"        [_thread_blocked, id=11036, stack(0x0000007929800000,0x0000007929900000) (1024K)]
  0x0000018d69d69d90 JavaThread "Unconstrained build operations Thread 31"        [_thread_blocked, id=16248, stack(0x0000007929900000,0x0000007929a00000) (1024K)]
  0x0000018d69d6a420 JavaThread "Unconstrained build operations Thread 32"        [_thread_blocked, id=10012, stack(0x0000007929a00000,0x0000007929b00000) (1024K)]
  0x0000018d69d63490 JavaThread "Unconstrained build operations Thread 33"        [_thread_blocked, id=18412, stack(0x0000007929b00000,0x0000007929c00000) (1024K)]
  0x0000018d69d63b20 JavaThread "Unconstrained build operations Thread 34"        [_thread_blocked, id=18356, stack(0x0000007929c00000,0x0000007929d00000) (1024K)]
  0x0000018d69d64840 JavaThread "Unconstrained build operations Thread 35"        [_thread_blocked, id=7528, stack(0x0000007929d00000,0x0000007929e00000) (1024K)]
  0x0000018d6c5b2f60 JavaThread "Unconstrained build operations Thread 36"        [_thread_blocked, id=9288, stack(0x0000007929e00000,0x0000007929f00000) (1024K)]
  0x0000018d6c5b0e90 JavaThread "build event listener"              [_thread_blocked, id=14592, stack(0x0000007928000000,0x0000007928100000) (1024K)]
  0x0000018d6c5b1520 JavaThread "Memory manager"                    [_thread_blocked, id=14748, stack(0x0000007929f00000,0x000000792a000000) (1024K)]
  0x0000018d6def8510 JavaThread "C2 CompilerThread1"         daemon [_thread_blocked, id=13320, stack(0x000000792a000000,0x000000792a100000) (1024K)]
  0x0000018d6a0cc080 JavaThread "included builds"                   [_thread_blocked, id=13100, stack(0x000000792a100000,0x000000792a200000) (1024K)]
  0x0000018d6a0ccda0 JavaThread "Execution worker"                  [_thread_blocked, id=11008, stack(0x000000792a200000,0x000000792a300000) (1024K)]
  0x0000018d6a0c8c00 JavaThread "Execution worker Thread 2"         [_thread_blocked, id=9488, stack(0x000000792a300000,0x000000792a400000) (1024K)]
  0x0000018d6a0c9290 JavaThread "Execution worker Thread 3"         [_thread_blocked, id=1228, stack(0x000000792a400000,0x000000792a500000) (1024K)]
  0x0000018d6a0ca640 JavaThread "Execution worker Thread 4"         [_thread_blocked, id=14572, stack(0x000000792a500000,0x000000792a600000) (1024K)]
  0x0000018d6c5b28d0 JavaThread "Execution worker Thread 5"         [_thread_blocked, id=15780, stack(0x000000792a600000,0x000000792a700000) (1024K)]
  0x0000018d6e6c5980 JavaThread "Execution worker Thread 6"         [_thread_blocked, id=2880, stack(0x000000792a700000,0x000000792a800000) (1024K)]
  0x0000018d6e6c1e70 JavaThread "Execution worker Thread 7"         [_thread_blocked, id=4764, stack(0x000000792a800000,0x000000792a900000) (1024K)]
  0x0000018d6e6c3220 JavaThread "Cache worker for execution history cache (D:\BtapNhomAndroid\CineStonksTun\.gradle\8.13\executionHistory)"        [_thread_blocked, id=6436, stack(0x000000792a900000,0x000000792aa00000) (1024K)]
  0x0000018d6e6bf710 JavaThread "Unconstrained build operations Thread 37"        [_thread_blocked, id=4356, stack(0x000000792aa00000,0x000000792ab00000) (1024K)]
  0x0000018d6e6c38b0 JavaThread "Unconstrained build operations Thread 38"        [_thread_blocked, id=10512, stack(0x000000792ab00000,0x000000792ac00000) (1024K)]
  0x0000018d6e6c4c60 JavaThread "Unconstrained build operations Thread 39"        [_thread_blocked, id=14252, stack(0x000000792ac00000,0x000000792ad00000) (1024K)]
  0x0000018d6e6c2b90 JavaThread "Unconstrained build operations Thread 40"        [_thread_blocked, id=13240, stack(0x000000792ad00000,0x000000792ae00000) (1024K)]
  0x0000018d6e6c2500 JavaThread "Unconstrained build operations Thread 41"        [_thread_blocked, id=3296, stack(0x000000792ae00000,0x000000792af00000) (1024K)]
  0x0000018d6e6c3f40 JavaThread "Unconstrained build operations Thread 42"        [_thread_blocked, id=8388, stack(0x000000792af00000,0x000000792b000000) (1024K)]
  0x0000018d6e6c1150 JavaThread "Unconstrained build operations Thread 43"        [_thread_blocked, id=3420, stack(0x000000792b000000,0x000000792b100000) (1024K)]
Total: 95

Other Threads:
=>0x0000018d635ec5c0 VMThread "VM Thread"                           [id=17136, stack(0x0000007924900000,0x0000007924a00000) (1024K)]
  0x0000018d6358aaf0 WatcherThread "VM Periodic Task Thread"        [id=17328, stack(0x0000007924800000,0x0000007924900000) (1024K)]
  0x0000018d4bf415e0 WorkerThread "GC Thread#0"                     [id=17912, stack(0x0000007924300000,0x0000007924400000) (1024K)]
  0x0000018d685c7da0 WorkerThread "GC Thread#1"                     [id=11980, stack(0x0000007925600000,0x0000007925700000) (1024K)]
  0x0000018d685f8200 WorkerThread "GC Thread#2"                     [id=16496, stack(0x0000007925700000,0x0000007925800000) (1024K)]
  0x0000018d68745230 WorkerThread "GC Thread#3"                     [id=5768, stack(0x0000007925800000,0x0000007925900000) (1024K)]
  0x0000018d6902cbd0 WorkerThread "GC Thread#4"                     [id=9128, stack(0x0000007925500000,0x0000007925600000) (1024K)]
  0x0000018d68fe84b0 WorkerThread "GC Thread#5"                     [id=13032, stack(0x0000007925900000,0x0000007925a00000) (1024K)]
  0x0000018d63a19d70 WorkerThread "GC Thread#6"                     [id=6688, stack(0x0000007925a00000,0x0000007925b00000) (1024K)]
  0x0000018d63a1a110 WorkerThread "GC Thread#7"                     [id=16392, stack(0x0000007925b00000,0x0000007925c00000) (1024K)]
  0x0000018d4bf524d0 ConcurrentGCThread "G1 Main Marker"            [id=17760, stack(0x0000007924400000,0x0000007924500000) (1024K)]
  0x0000018d4bf53ef0 WorkerThread "G1 Conc#0"                       [id=14924, stack(0x0000007924500000,0x0000007924600000) (1024K)]
  0x0000018d69a7a170 WorkerThread "G1 Conc#1"                       [id=14688, stack(0x0000007926500000,0x0000007926600000) (1024K)]
  0x0000018d63453150 ConcurrentGCThread "G1 Refine#0"               [id=18280, stack(0x0000007924600000,0x0000007924700000) (1024K)]
  0x0000018d634537e0 ConcurrentGCThread "G1 Service"                [id=7180, stack(0x0000007924700000,0x0000007924800000) (1024K)]
Total: 15

Threads with active compile tasks:
C2 CompilerThread0  46318 13015       4       org.gradle.internal.file.FileHierarchySet$PrefixFileSet::contains (10 bytes)
Total: 1

VM state: at safepoint (normal execution)

VM Mutex/Monitor currently owned by a thread:  ([mutex/lock_event])
[0x00007ffaae9185b8] Threads_lock - owner thread: 0x0000018d635ec5c0
[0x00007ffaae9186b8] Heap_lock - owner thread: 0x0000018d4bf524d0

Heap address: 0x0000000080000000, size: 2048 MB, Compressed Oops mode: 32-bit

CDS archive(s) not mapped
Compressed class space mapped at: 0x0000000100000000-0x0000000140000000, reserved size: 1073741824
Narrow klass base: 0x0000000000000000, Narrow klass shift: 3, Narrow klass range: 0x140000000

GC Precious Log:
 CardTable entry size: 512
 Card Set container configuration: InlinePtr #cards 5 size 8 Array Of Cards #cards 12 size 40 Howl #buckets 4 coarsen threshold 1843 Howl Bitmap #cards 512 size 80 coarsen threshold 460 Card regions per heap region 1 cards per card region 2048
 CPUs: 8 total, 8 available
 Memory: 8070M
 Large Page Support: Disabled
 NUMA Support: Disabled
 Compressed Oops: Enabled (32-bit)
 Heap Region Size: 1M
 Heap Min Capacity: 8M
 Heap Initial Capacity: 128M
 Heap Max Capacity: 2G
 Pre-touch: Disabled
 Parallel Workers: 8
 Concurrent Workers: 2
 Concurrent Refinement Workers: 8
 Periodic GC: Disabled

Heap:
 garbage-first heap   total 158720K, used 117330K [0x0000000080000000, 0x0000000100000000)
  region size 1024K, 13 young (13312K), 4 survivors (4096K)
 Metaspace       used 114464K, committed 116672K, reserved 1179648K
  class space    used 16183K, committed 17280K, reserved 1048576K

Heap Regions: E=young(eden), S=young(survivor), O=old, HS=humongous(starts), HC=humongous(continues), CS=collection set, F=free, TAMS=top-at-mark-start, PB=parsable bottom
|   0|0x0000000080000000, 0x0000000080100000, 0x0000000080100000|100%|HS|  |TAMS 0x0000000080100000| PB 0x0000000080000000| Complete 
|   1|0x0000000080100000, 0x0000000080200000, 0x0000000080200000|100%|HC|  |TAMS 0x0000000080200000| PB 0x0000000080100000| Complete 
|   2|0x0000000080200000, 0x0000000080300000, 0x0000000080300000|100%|HC|  |TAMS 0x0000000080300000| PB 0x0000000080200000| Complete 
|   3|0x0000000080300000, 0x0000000080400000, 0x0000000080400000|100%| O|  |TAMS 0x0000000080400000| PB 0x0000000080400000| Untracked 
|   4|0x0000000080400000, 0x0000000080500000, 0x0000000080500000|100%| O|  |TAMS 0x0000000080500000| PB 0x0000000080500000| Untracked 
|   5|0x0000000080500000, 0x0000000080600000, 0x0000000080600000|100%| O|  |TAMS 0x0000000080600000| PB 0x0000000080600000| Untracked 
|   6|0x0000000080600000, 0x0000000080700000, 0x0000000080700000|100%|HS|  |TAMS 0x0000000080700000| PB 0x0000000080600000| Complete 
|   7|0x0000000080700000, 0x0000000080800000, 0x0000000080800000|100%| O|  |TAMS 0x0000000080800000| PB 0x0000000080800000| Untracked 
|   8|0x0000000080800000, 0x0000000080900000, 0x0000000080900000|100%| O|  |TAMS 0x0000000080900000| PB 0x0000000080900000| Untracked 
|   9|0x0000000080900000, 0x0000000080a00000, 0x0000000080a00000|100%| O|  |TAMS 0x0000000080a00000| PB 0x0000000080a00000| Untracked 
|  10|0x0000000080a00000, 0x0000000080b00000, 0x0000000080b00000|100%| O|  |TAMS 0x0000000080b00000| PB 0x0000000080b00000| Untracked 
|  11|0x0000000080b00000, 0x0000000080c00000, 0x0000000080c00000|100%| O|  |TAMS 0x0000000080c00000| PB 0x0000000080c00000| Untracked 
|  12|0x0000000080c00000, 0x0000000080d00000, 0x0000000080d00000|100%| O|  |TAMS 0x0000000080d00000| PB 0x0000000080d00000| Updating 
|  13|0x0000000080d00000, 0x0000000080e00000, 0x0000000080e00000|100%| O|  |TAMS 0x0000000080e00000| PB 0x0000000080e00000| Untracked 
|  14|0x0000000080e00000, 0x0000000080f00000, 0x0000000080f00000|100%| O|  |TAMS 0x0000000080f00000| PB 0x0000000080f00000| Untracked 
|  15|0x0000000080f00000, 0x0000000081000000, 0x0000000081000000|100%| O|  |TAMS 0x0000000081000000| PB 0x0000000081000000| Untracked 
|  16|0x0000000081000000, 0x0000000081100000, 0x0000000081100000|100%| O|  |TAMS 0x0000000081100000| PB 0x0000000081100000| Untracked 
|  17|0x0000000081100000, 0x0000000081200000, 0x0000000081200000|100%| O|  |TAMS 0x0000000081200000| PB 0x0000000081200000| Untracked 
|  18|0x0000000081200000, 0x0000000081300000, 0x0000000081300000|100%| O|  |TAMS 0x0000000081300000| PB 0x0000000081300000| Untracked 
|  19|0x0000000081300000, 0x0000000081400000, 0x0000000081400000|100%| O|  |TAMS 0x0000000081400000| PB 0x0000000081400000| Updating 
|  20|0x0000000081400000, 0x0000000081500000, 0x0000000081500000|100%| O|  |TAMS 0x0000000081500000| PB 0x0000000081500000| Untracked 
|  21|0x0000000081500000, 0x0000000081600000, 0x0000000081600000|100%| O|  |TAMS 0x0000000081600000| PB 0x0000000081600000| Untracked 
|  22|0x0000000081600000, 0x0000000081700000, 0x0000000081700000|100%| O|  |TAMS 0x0000000081700000| PB 0x0000000081700000| Untracked 
|  23|0x0000000081700000, 0x0000000081800000, 0x0000000081800000|100%| O|  |TAMS 0x0000000081800000| PB 0x0000000081800000| Updating 
|  24|0x0000000081800000, 0x0000000081900000, 0x0000000081900000|100%| O|  |TAMS 0x0000000081900000| PB 0x0000000081900000| Updating 
|  25|0x0000000081900000, 0x0000000081a00000, 0x0000000081a00000|100%| O|  |TAMS 0x0000000081a00000| PB 0x0000000081a00000| Untracked 
|  26|0x0000000081a00000, 0x0000000081b00000, 0x0000000081b00000|100%| O|  |TAMS 0x0000000081b00000| PB 0x0000000081b00000| Untracked 
|  27|0x0000000081b00000, 0x0000000081c00000, 0x0000000081c00000|100%| O|  |TAMS 0x0000000081c00000| PB 0x0000000081c00000| Updating 
|  28|0x0000000081c00000, 0x0000000081d00000, 0x0000000081d00000|100%| O|  |TAMS 0x0000000081d00000| PB 0x0000000081d00000| Untracked 
|  29|0x0000000081d00000, 0x0000000081e00000, 0x0000000081e00000|100%| O|  |TAMS 0x0000000081e00000| PB 0x0000000081e00000| Updating 
|  30|0x0000000081e00000, 0x0000000081f00000, 0x0000000081f00000|100%| O|  |TAMS 0x0000000081f00000| PB 0x0000000081f00000| Untracked 
|  31|0x0000000081f00000, 0x0000000082000000, 0x0000000082000000|100%| O|  |TAMS 0x0000000082000000| PB 0x0000000082000000| Updating 
|  32|0x0000000082000000, 0x0000000082100000, 0x0000000082100000|100%| O|  |TAMS 0x0000000082100000| PB 0x0000000082100000| Untracked 
|  33|0x0000000082100000, 0x0000000082200000, 0x0000000082200000|100%| O|  |TAMS 0x0000000082100000| PB 0x0000000082100000| Untracked 
|  34|0x0000000082200000, 0x0000000082300000, 0x0000000082300000|100%|HS|  |TAMS 0x0000000082300000| PB 0x0000000082200000| Complete 
|  35|0x0000000082300000, 0x0000000082400000, 0x0000000082400000|100%|HC|  |TAMS 0x0000000082400000| PB 0x0000000082300000| Complete 
|  36|0x0000000082400000, 0x0000000082500000, 0x0000000082500000|100%| O|  |TAMS 0x0000000082500000| PB 0x0000000082500000| Updating 
|  37|0x0000000082500000, 0x0000000082600000, 0x0000000082600000|100%| O|  |TAMS 0x0000000082600000| PB 0x0000000082600000| Untracked 
|  38|0x0000000082600000, 0x0000000082700000, 0x0000000082700000|100%| O|  |TAMS 0x0000000082700000| PB 0x0000000082700000| Untracked 
|  39|0x0000000082700000, 0x0000000082800000, 0x0000000082800000|100%| O|  |TAMS 0x0000000082800000| PB 0x0000000082800000| Updating 
|  40|0x0000000082800000, 0x0000000082900000, 0x0000000082900000|100%| O|  |TAMS 0x0000000082900000| PB 0x0000000082900000| Untracked 
|  41|0x0000000082900000, 0x0000000082a00000, 0x0000000082a00000|100%| O|  |TAMS 0x0000000082a00000| PB 0x0000000082a00000| Updating 
|  42|0x0000000082a00000, 0x0000000082b00000, 0x0000000082b00000|100%| O|  |TAMS 0x0000000082b00000| PB 0x0000000082b00000| Untracked 
|  43|0x0000000082b00000, 0x0000000082c00000, 0x0000000082c00000|100%| O|  |TAMS 0x0000000082c00000| PB 0x0000000082c00000| Updating 
|  44|0x0000000082c00000, 0x0000000082d00000, 0x0000000082d00000|100%| O|  |TAMS 0x0000000082d00000| PB 0x0000000082d00000| Untracked 
|  45|0x0000000082d00000, 0x0000000082e00000, 0x0000000082e00000|100%| O|  |TAMS 0x0000000082e00000| PB 0x0000000082e00000| Untracked 
|  46|0x0000000082e00000, 0x0000000082f00000, 0x0000000082f00000|100%| O|  |TAMS 0x0000000082f00000| PB 0x0000000082f00000| Untracked 
|  47|0x0000000082f00000, 0x0000000083000000, 0x0000000083000000|100%| O|  |TAMS 0x0000000083000000| PB 0x0000000083000000| Updating 
|  48|0x0000000083000000, 0x0000000083100000, 0x0000000083100000|100%| O|  |TAMS 0x0000000083100000| PB 0x0000000083100000| Untracked 
|  49|0x0000000083100000, 0x0000000083200000, 0x0000000083200000|100%| O|  |TAMS 0x0000000083200000| PB 0x0000000083200000| Untracked 
|  50|0x0000000083200000, 0x0000000083300000, 0x0000000083300000|100%| O|  |TAMS 0x0000000083300000| PB 0x0000000083300000| Untracked 
|  51|0x0000000083300000, 0x0000000083400000, 0x0000000083400000|100%| O|  |TAMS 0x0000000083400000| PB 0x0000000083400000| Untracked 
|  52|0x0000000083400000, 0x0000000083500000, 0x0000000083500000|100%| O|  |TAMS 0x0000000083500000| PB 0x0000000083500000| Untracked 
|  53|0x0000000083500000, 0x0000000083600000, 0x0000000083600000|100%| O|  |TAMS 0x0000000083600000| PB 0x0000000083600000| Updating 
|  54|0x0000000083600000, 0x0000000083700000, 0x0000000083700000|100%| O|  |TAMS 0x0000000083700000| PB 0x0000000083700000| Untracked 
|  55|0x0000000083700000, 0x0000000083800000, 0x0000000083800000|100%| O|  |TAMS 0x0000000083800000| PB 0x0000000083800000| Untracked 
|  56|0x0000000083800000, 0x0000000083900000, 0x0000000083900000|100%| O|  |TAMS 0x0000000083900000| PB 0x0000000083900000| Updating 
|  57|0x0000000083900000, 0x0000000083a00000, 0x0000000083a00000|100%|HS|  |TAMS 0x0000000083a00000| PB 0x0000000083900000| Complete 
|  58|0x0000000083a00000, 0x0000000083b00000, 0x0000000083b00000|100%|HS|  |TAMS 0x0000000083b00000| PB 0x0000000083a00000| Complete 
|  59|0x0000000083b00000, 0x0000000083c00000, 0x0000000083c00000|100%|HS|  |TAMS 0x0000000083c00000| PB 0x0000000083b00000| Complete 
|  60|0x0000000083c00000, 0x0000000083d00000, 0x0000000083d00000|100%|HS|  |TAMS 0x0000000083d00000| PB 0x0000000083c00000| Complete 
|  61|0x0000000083d00000, 0x0000000083e00000, 0x0000000083e00000|100%| O|  |TAMS 0x0000000083e00000| PB 0x0000000083e00000| Updating 
|  62|0x0000000083e00000, 0x0000000083f00000, 0x0000000083f00000|100%|HS|  |TAMS 0x0000000083f00000| PB 0x0000000083e00000| Complete 
|  63|0x0000000083f00000, 0x0000000084000000, 0x0000000084000000|100%|HS|  |TAMS 0x0000000084000000| PB 0x0000000083f00000| Complete 
|  64|0x0000000084000000, 0x0000000084100000, 0x0000000084100000|100%| O|  |TAMS 0x0000000084100000| PB 0x0000000084100000| Updating 
|  65|0x0000000084100000, 0x0000000084200000, 0x0000000084200000|100%| O|  |TAMS 0x0000000084200000| PB 0x0000000084200000| Untracked 
|  66|0x0000000084200000, 0x0000000084300000, 0x0000000084300000|100%| O|  |TAMS 0x0000000084300000| PB 0x0000000084300000| Untracked 
|  67|0x0000000084300000, 0x0000000084400000, 0x0000000084400000|100%| O|  |TAMS 0x0000000084300000| PB 0x0000000084300000| Untracked 
|  68|0x0000000084400000, 0x0000000084500000, 0x0000000084500000|100%| O|  |TAMS 0x0000000084500000| PB 0x0000000084500000| Updating 
|  69|0x0000000084500000, 0x0000000084600000, 0x0000000084600000|100%| O|  |TAMS 0x0000000084600000| PB 0x0000000084600000| Untracked 
|  70|0x0000000084600000, 0x0000000084700000, 0x0000000084700000|100%| O|  |TAMS 0x0000000084700000| PB 0x0000000084700000| Untracked 
|  71|0x0000000084700000, 0x0000000084800000, 0x0000000084800000|100%|HS|  |TAMS 0x0000000084800000| PB 0x0000000084700000| Complete 
|  72|0x0000000084800000, 0x0000000084900000, 0x0000000084900000|100%| O|  |TAMS 0x0000000084900000| PB 0x0000000084900000| Untracked 
|  73|0x0000000084900000, 0x0000000084a00000, 0x0000000084a00000|100%| O|  |TAMS 0x0000000084a00000| PB 0x0000000084a00000| Untracked 
|  74|0x0000000084a00000, 0x0000000084b00000, 0x0000000084b00000|100%| O|  |TAMS 0x0000000084b00000| PB 0x0000000084b00000| Untracked 
|  75|0x0000000084b00000, 0x0000000084c00000, 0x0000000084c00000|100%| O|  |TAMS 0x0000000084c00000| PB 0x0000000084c00000| Untracked 
|  76|0x0000000084c00000, 0x0000000084d00000, 0x0000000084d00000|100%| O|  |TAMS 0x0000000084d00000| PB 0x0000000084d00000| Untracked 
|  77|0x0000000084d00000, 0x0000000084e00000, 0x0000000084e00000|100%| O|  |TAMS 0x0000000084e00000| PB 0x0000000084e00000| Updating 
|  78|0x0000000084e00000, 0x0000000084f00000, 0x0000000084f00000|100%| O|  |TAMS 0x0000000084f00000| PB 0x0000000084f00000| Untracked 
|  79|0x0000000084f00000, 0x0000000085000000, 0x0000000085000000|100%| O|  |TAMS 0x0000000085000000| PB 0x0000000085000000| Untracked 
|  80|0x0000000085000000, 0x0000000085100000, 0x0000000085100000|100%| O|  |TAMS 0x0000000085100000| PB 0x0000000085100000| Updating 
|  81|0x0000000085100000, 0x0000000085200000, 0x0000000085200000|100%| O|  |TAMS 0x0000000085200000| PB 0x0000000085200000| Updating 
|  82|0x0000000085200000, 0x0000000085300000, 0x0000000085300000|100%| O|  |TAMS 0x0000000085300000| PB 0x0000000085300000| Updating 
|  83|0x0000000085300000, 0x0000000085400000, 0x0000000085400000|100%| O|  |TAMS 0x0000000085300000| PB 0x0000000085300000| Untracked 
|  84|0x0000000085400000, 0x0000000085500000, 0x0000000085500000|100%| O|  |TAMS 0x0000000085500000| PB 0x0000000085500000| Updating 
|  85|0x0000000085500000, 0x0000000085600000, 0x0000000085600000|100%| O|  |TAMS 0x0000000085600000| PB 0x0000000085600000| Updating 
|  86|0x0000000085600000, 0x0000000085700000, 0x0000000085700000|100%| O|  |TAMS 0x0000000085700000| PB 0x0000000085700000| Untracked 
|  87|0x0000000085700000, 0x0000000085800000, 0x0000000085800000|100%| O|  |TAMS 0x0000000085800000| PB 0x0000000085800000| Untracked 
|  88|0x0000000085800000, 0x0000000085900000, 0x0000000085900000|100%| O|  |TAMS 0x0000000085900000| PB 0x0000000085900000| Untracked 
|  89|0x0000000085900000, 0x0000000085a00000, 0x0000000085a00000|100%| O|  |TAMS 0x0000000085a00000| PB 0x0000000085a00000| Untracked 
|  90|0x0000000085a00000, 0x0000000085b00000, 0x0000000085b00000|100%| O|  |TAMS 0x0000000085b00000| PB 0x0000000085b00000| Updating 
|  91|0x0000000085b00000, 0x0000000085c00000, 0x0000000085c00000|100%| O|  |TAMS 0x0000000085c00000| PB 0x0000000085c00000| Untracked 
|  92|0x0000000085c00000, 0x0000000085d00000, 0x0000000085d00000|100%| O|  |TAMS 0x0000000085d00000| PB 0x0000000085d00000| Untracked 
|  93|0x0000000085d00000, 0x0000000085e00000, 0x0000000085e00000|100%| O|  |TAMS 0x0000000085e00000| PB 0x0000000085e00000| Untracked 
|  94|0x0000000085e00000, 0x0000000085f00000, 0x0000000085f00000|100%| O|  |TAMS 0x0000000085f00000| PB 0x0000000085f00000| Untracked 
|  95|0x0000000085f00000, 0x0000000086000000, 0x0000000086000000|100%| O|  |TAMS 0x0000000086000000| PB 0x0000000086000000| Untracked 
|  96|0x0000000086000000, 0x0000000086100000, 0x0000000086100000|100%| O|  |TAMS 0x0000000086100000| PB 0x0000000086100000| Untracked 
|  97|0x0000000086100000, 0x0000000086200000, 0x0000000086200000|100%| O|  |TAMS 0x0000000086200000| PB 0x0000000086200000| Untracked 
|  98|0x0000000086200000, 0x0000000086300000, 0x0000000086300000|100%| O|  |TAMS 0x0000000086300000| PB 0x0000000086300000| Untracked 
|  99|0x0000000086300000, 0x0000000086400000, 0x0000000086400000|100%| O|  |TAMS 0x00000000863d63c0| PB 0x00000000863d63c0| Updating 
| 100|0x0000000086400000, 0x0000000086400000, 0x0000000086500000|  0%| F|  |TAMS 0x0000000086400000| PB 0x0000000086400000| Untracked 
| 101|0x0000000086500000, 0x0000000086500000, 0x0000000086600000|  0%| F|  |TAMS 0x0000000086500000| PB 0x0000000086500000| Untracked 
| 102|0x0000000086600000, 0x0000000086600000, 0x0000000086700000|  0%| F|  |TAMS 0x0000000086600000| PB 0x0000000086600000| Untracked 
| 103|0x0000000086700000, 0x0000000086700000, 0x0000000086800000|  0%| F|  |TAMS 0x0000000086700000| PB 0x0000000086700000| Untracked 
| 104|0x0000000086800000, 0x0000000086800000, 0x0000000086900000|  0%| F|  |TAMS 0x0000000086800000| PB 0x0000000086800000| Untracked 
| 105|0x0000000086900000, 0x0000000086900000, 0x0000000086a00000|  0%| F|  |TAMS 0x0000000086900000| PB 0x0000000086900000| Untracked 
| 106|0x0000000086a00000, 0x0000000086b00000, 0x0000000086b00000|100%| O|  |TAMS 0x0000000086a00000| PB 0x0000000086a00000| Untracked 
| 107|0x0000000086b00000, 0x0000000086c00000, 0x0000000086c00000|100%| O|  |TAMS 0x0000000086b00000| PB 0x0000000086b00000| Untracked 
| 108|0x0000000086c00000, 0x0000000086c00000, 0x0000000086d00000|  0%| F|  |TAMS 0x0000000086c00000| PB 0x0000000086c00000| Untracked 
| 109|0x0000000086d00000, 0x0000000086d00000, 0x0000000086e00000|  0%| F|  |TAMS 0x0000000086d00000| PB 0x0000000086d00000| Untracked 
| 110|0x0000000086e00000, 0x0000000086e00000, 0x0000000086f00000|  0%| F|  |TAMS 0x0000000086e00000| PB 0x0000000086e00000| Untracked 
| 111|0x0000000086f00000, 0x0000000086f00000, 0x0000000087000000|  0%| F|  |TAMS 0x0000000086f00000| PB 0x0000000086f00000| Untracked 
| 112|0x0000000087000000, 0x0000000087000000, 0x0000000087100000|  0%| F|  |TAMS 0x0000000087000000| PB 0x0000000087000000| Untracked 
| 113|0x0000000087100000, 0x0000000087100000, 0x0000000087200000|  0%| F|  |TAMS 0x0000000087100000| PB 0x0000000087100000| Untracked 
| 114|0x0000000087200000, 0x0000000087294a80, 0x0000000087300000| 58%| S|CS|TAMS 0x0000000087200000| PB 0x0000000087200000| Complete 
| 115|0x0000000087300000, 0x0000000087400000, 0x0000000087400000|100%| S|CS|TAMS 0x0000000087300000| PB 0x0000000087300000| Complete 
| 116|0x0000000087400000, 0x0000000087500000, 0x0000000087500000|100%| S|CS|TAMS 0x0000000087400000| PB 0x0000000087400000| Complete 
| 117|0x0000000087500000, 0x0000000087600000, 0x0000000087600000|100%| S|CS|TAMS 0x0000000087500000| PB 0x0000000087500000| Complete 
| 118|0x0000000087600000, 0x0000000087600000, 0x0000000087700000|  0%| F|  |TAMS 0x0000000087600000| PB 0x0000000087600000| Untracked 
| 119|0x0000000087700000, 0x0000000087700000, 0x0000000087800000|  0%| F|  |TAMS 0x0000000087700000| PB 0x0000000087700000| Untracked 
| 120|0x0000000087800000, 0x0000000087800000, 0x0000000087900000|  0%| F|  |TAMS 0x0000000087800000| PB 0x0000000087800000| Untracked 
| 121|0x0000000087900000, 0x0000000087900000, 0x0000000087a00000|  0%| F|  |TAMS 0x0000000087900000| PB 0x0000000087900000| Untracked 
| 122|0x0000000087a00000, 0x0000000087a00000, 0x0000000087b00000|  0%| F|  |TAMS 0x0000000087a00000| PB 0x0000000087a00000| Untracked 
| 123|0x0000000087b00000, 0x0000000087b00000, 0x0000000087c00000|  0%| F|  |TAMS 0x0000000087b00000| PB 0x0000000087b00000| Untracked 
| 124|0x0000000087c00000, 0x0000000087c00000, 0x0000000087d00000|  0%| F|  |TAMS 0x0000000087c00000| PB 0x0000000087c00000| Untracked 
| 125|0x0000000087d00000, 0x0000000087d00000, 0x0000000087e00000|  0%| F|  |TAMS 0x0000000087d00000| PB 0x0000000087d00000| Untracked 
| 126|0x0000000087e00000, 0x0000000087e00000, 0x0000000087f00000|  0%| F|  |TAMS 0x0000000087e00000| PB 0x0000000087e00000| Untracked 
| 127|0x0000000087f00000, 0x0000000087f00000, 0x0000000088000000|  0%| F|  |TAMS 0x0000000087f00000| PB 0x0000000087f00000| Untracked 
| 128|0x0000000088000000, 0x0000000088000000, 0x0000000088100000|  0%| F|  |TAMS 0x0000000088000000| PB 0x0000000088000000| Untracked 
| 129|0x0000000088100000, 0x0000000088100000, 0x0000000088200000|  0%| F|  |TAMS 0x0000000088100000| PB 0x0000000088100000| Untracked 
| 130|0x0000000088200000, 0x0000000088200000, 0x0000000088300000|  0%| F|  |TAMS 0x0000000088200000| PB 0x0000000088200000| Untracked 
| 131|0x0000000088300000, 0x0000000088300000, 0x0000000088400000|  0%| F|  |TAMS 0x0000000088300000| PB 0x0000000088300000| Untracked 
| 132|0x0000000088400000, 0x0000000088400000, 0x0000000088500000|  0%| F|  |TAMS 0x0000000088400000| PB 0x0000000088400000| Untracked 
| 133|0x0000000088500000, 0x0000000088500000, 0x0000000088600000|  0%| F|  |TAMS 0x0000000088500000| PB 0x0000000088500000| Untracked 
| 134|0x0000000088600000, 0x0000000088600000, 0x0000000088700000|  0%| F|  |TAMS 0x0000000088600000| PB 0x0000000088600000| Untracked 
| 135|0x0000000088700000, 0x0000000088700000, 0x0000000088800000|  0%| F|  |TAMS 0x0000000088700000| PB 0x0000000088700000| Untracked 
| 136|0x0000000088800000, 0x0000000088800000, 0x0000000088900000|  0%| F|  |TAMS 0x0000000088800000| PB 0x0000000088800000| Untracked 
| 137|0x0000000088900000, 0x0000000088900000, 0x0000000088a00000|  0%| F|  |TAMS 0x0000000088900000| PB 0x0000000088900000| Untracked 
| 138|0x0000000088a00000, 0x0000000088a00000, 0x0000000088b00000|  0%| F|  |TAMS 0x0000000088a00000| PB 0x0000000088a00000| Untracked 
| 139|0x0000000088b00000, 0x0000000088b00000, 0x0000000088c00000|  0%| F|  |TAMS 0x0000000088b00000| PB 0x0000000088b00000| Untracked 
| 140|0x0000000088c00000, 0x0000000088c00000, 0x0000000088d00000|  0%| F|  |TAMS 0x0000000088c00000| PB 0x0000000088c00000| Untracked 
| 141|0x0000000088d00000, 0x0000000088d00000, 0x0000000088e00000|  0%| F|  |TAMS 0x0000000088d00000| PB 0x0000000088d00000| Untracked 
| 142|0x0000000088e00000, 0x0000000088e00000, 0x0000000088f00000|  0%| F|  |TAMS 0x0000000088e00000| PB 0x0000000088e00000| Untracked 
| 143|0x0000000088f00000, 0x0000000088f00000, 0x0000000089000000|  0%| F|  |TAMS 0x0000000088f00000| PB 0x0000000088f00000| Untracked 
| 144|0x0000000089000000, 0x0000000089000000, 0x0000000089100000|  0%| F|  |TAMS 0x0000000089000000| PB 0x0000000089000000| Untracked 
| 145|0x0000000089100000, 0x00000000891a6e78, 0x0000000089200000| 65%| E|  |TAMS 0x0000000089100000| PB 0x0000000089100000| Complete 
| 146|0x0000000089200000, 0x0000000089300000, 0x0000000089300000|100%| E|CS|TAMS 0x0000000089200000| PB 0x0000000089200000| Complete 
| 147|0x0000000089300000, 0x0000000089400000, 0x0000000089400000|100%| E|CS|TAMS 0x0000000089300000| PB 0x0000000089300000| Complete 
| 148|0x0000000089400000, 0x0000000089500000, 0x0000000089500000|100%| E|CS|TAMS 0x0000000089400000| PB 0x0000000089400000| Complete 
| 149|0x0000000089500000, 0x0000000089600000, 0x0000000089600000|100%| E|CS|TAMS 0x0000000089500000| PB 0x0000000089500000| Complete 
| 150|0x0000000089600000, 0x0000000089700000, 0x0000000089700000|100%| E|CS|TAMS 0x0000000089600000| PB 0x0000000089600000| Complete 
| 151|0x0000000089700000, 0x0000000089800000, 0x0000000089800000|100%| E|CS|TAMS 0x0000000089700000| PB 0x0000000089700000| Complete 
| 152|0x0000000089800000, 0x0000000089900000, 0x0000000089900000|100%| E|CS|TAMS 0x0000000089800000| PB 0x0000000089800000| Complete 
|2046|0x00000000ffe00000, 0x00000000fff00000, 0x00000000fff00000|100%| O|  |TAMS 0x00000000fff00000| PB 0x00000000fff00000| Untracked 
|2047|0x00000000fff00000, 0x0000000100000000, 0x0000000100000000|100%| E|CS|TAMS 0x00000000fff00000| PB 0x00000000fff00000| Complete 

Card table byte_map: [0x0000018d5e790000,0x0000018d5eb90000] _byte_map_base: 0x0000018d5e390000

Marking Bits: (CMBitMap*) 0x0000018d4bf41bf0
 Bits: [0x0000018d5eb90000, 0x0000018d60b90000)

Polling page: 0x0000018d4b6c0000

Metaspace:

Usage:
  Non-class:     95.98 MB used.
      Class:     15.80 MB used.
       Both:    111.78 MB used.

Virtual space:
  Non-class space:      128.00 MB reserved,      97.06 MB ( 76%) committed,  2 nodes.
      Class space:        1.00 GB reserved,      16.88 MB (  2%) committed,  1 nodes.
             Both:        1.12 GB reserved,     113.94 MB ( 10%) committed. 

Chunk freelists:
   Non-Class:  14.88 MB
       Class:  15.18 MB
        Both:  30.06 MB

MaxMetaspaceSize: unlimited
CompressedClassSpaceSize: 1.00 GB
Initial GC threshold: 21.00 MB
Current GC threshold: 185.12 MB
CDS: off
 - commit_granule_bytes: 65536.
 - commit_granule_words: 8192.
 - virtual_space_node_default_size: 8388608.
 - enlarge_chunks_in_place: 1.
 - use_allocation_guard: 0.


Internal statistics:

num_allocs_failed_limit: 6.
num_arena_births: 4234.
num_arena_deaths: 0.
num_vsnodes_births: 3.
num_vsnodes_deaths: 0.
num_space_committed: 1823.
num_space_uncommitted: 0.
num_chunks_returned_to_freelist: 6.
num_chunks_taken_from_freelist: 9045.
num_chunk_merges: 6.
num_chunk_splits: 5863.
num_chunks_enlarged: 3654.
num_inconsistent_stats: 0.

CodeHeap 'non-profiled nmethods': size=120000Kb used=6841Kb max_used=7054Kb free=113158Kb
 bounds [0x0000018d56b20000, 0x0000018d57210000, 0x0000018d5e050000]
CodeHeap 'profiled nmethods': size=120000Kb used=20054Kb max_used=20907Kb free=99945Kb
 bounds [0x0000018d4f050000, 0x0000018d504c0000, 0x0000018d56580000]
CodeHeap 'non-nmethods': size=5760Kb used=2928Kb max_used=3039Kb free=2831Kb
 bounds [0x0000018d56580000, 0x0000018d568a0000, 0x0000018d56b20000]
CodeCache: size=245760Kb, used=29823Kb, max_used=31000Kb, free=215934Kb
 total_blobs=11898, nmethods=10869, adapters=931, full_count=0
Compilation: enabled, stopped_count=0, restarted_count=0

Compilation events (20 events):
Event: 46.142 Thread 0x0000018d6383b470 13006   !   3       org.gradle.internal.watch.vfs.impl.WatchingVirtualFileSystem::withWatcherChangeErrorHandling (24 bytes)
Event: 46.143 Thread 0x0000018d6383b470 nmethod 13006 0x0000018d504b9110 code [0x0000018d504b9320, 0x0000018d504b97f8]
Event: 46.147 Thread 0x0000018d6383b470 13007       3       java.util.HashMap$ValueSpliterator::forEachRemaining (186 bytes)
Event: 46.148 Thread 0x0000018d6383b470 nmethod 13007 0x0000018d504b9a10 code [0x0000018d504b9c20, 0x0000018d504ba3e8]
Event: 46.148 Thread 0x0000018d6383b470 13008       3       org.gradle.internal.serialize.kryo.KryoBackedEncoder::writeNullableString (9 bytes)
Event: 46.148 Thread 0x0000018d6383b470 nmethod 13008 0x0000018d504ba690 code [0x0000018d504ba840, 0x0000018d504ba998]
Event: 46.155 Thread 0x0000018d6def8510 nmethod 12996 0x0000018d571fbb90 code [0x0000018d571fbf00, 0x0000018d571fd8f0]
Event: 46.158 Thread 0x0000018d6def8510 13009       4       java.util.TimSort::sort (229 bytes)
Event: 46.161 Thread 0x0000018d637c77a0 13010       4       org.gradle.internal.snapshot.MerkleDirectorySnapshotBuilder::collectEntry (52 bytes)
Event: 46.165 Thread 0x0000018d6383b470 13011       3       org.gradle.internal.resources.DefaultLease::doIsLockedByCurrentThread (16 bytes)
Event: 46.165 Thread 0x0000018d6383b470 nmethod 13011 0x0000018d504baa90 code [0x0000018d504bac40, 0x0000018d504badc0]
Event: 46.169 Thread 0x0000018d637c77a0 nmethod 13010 0x0000018d571feb90 code [0x0000018d571fed60, 0x0000018d571ff200]
Event: 46.169 Thread 0x0000018d637c77a0 13012       4       org.gradle.internal.logging.sink.OutputEventRenderer::onOutput (82 bytes)
Event: 46.174 Thread 0x0000018d637c77a0 nmethod 13012 0x0000018d571ff490 code [0x0000018d571ff660, 0x0000018d571ff8d8]
Event: 46.174 Thread 0x0000018d637c77a0 13013       4       org.gradle.internal.logging.sink.OutputEventListenerManager$1::onOutput (33 bytes)
Event: 46.181 Thread 0x0000018d637c77a0 nmethod 13013 0x0000018d571fff90 code [0x0000018d572001a0, 0x0000018d572005d8]
Event: 46.195 Thread 0x0000018d637c77a0 13015       4       org.gradle.internal.file.FileHierarchySet$PrefixFileSet::contains (10 bytes)
Event: 46.199 Thread 0x0000018d6def8510 nmethod 13009 0x0000018d57200a10 code [0x0000018d57200ca0, 0x0000018d57202148]
Event: 46.199 Thread 0x0000018d6def8510 13016   !   4       java.util.concurrent.FutureTask::run (123 bytes)
Event: 46.212 Thread 0x0000018d6def8510 nmethod 13016 0x0000018d57202c10 code [0x0000018d57202e20, 0x0000018d57203538]

GC Heap History (20 events):
Event: 34.313 GC heap before
{Heap before GC invocations=46 (full 0):
 garbage-first heap   total 137216K, used 114273K [0x0000000080000000, 0x0000000100000000)
  region size 1024K, 34 young (34816K), 2 survivors (2048K)
 Metaspace       used 93929K, committed 95744K, reserved 1179648K
  class space    used 13022K, committed 13888K, reserved 1048576K
}
Event: 34.320 GC heap after
{Heap after GC invocations=47 (full 0):
 garbage-first heap   total 137216K, used 85594K [0x0000000080000000, 0x0000000100000000)
  region size 1024K, 5 young (5120K), 5 survivors (5120K)
 Metaspace       used 93929K, committed 95744K, reserved 1179648K
  class space    used 13022K, committed 13888K, reserved 1048576K
}
Event: 35.339 GC heap before
{Heap before GC invocations=47 (full 0):
 garbage-first heap   total 137216K, used 122458K [0x0000000080000000, 0x0000000100000000)
  region size 1024K, 42 young (43008K), 5 survivors (5120K)
 Metaspace       used 96765K, committed 98688K, reserved 1179648K
  class space    used 13427K, committed 14336K, reserved 1048576K
}
Event: 35.347 GC heap after
{Heap after GC invocations=48 (full 0):
 garbage-first heap   total 137216K, used 87182K [0x0000000080000000, 0x0000000100000000)
  region size 1024K, 2 young (2048K), 2 survivors (2048K)
 Metaspace       used 96765K, committed 98688K, reserved 1179648K
  class space    used 13427K, committed 14336K, reserved 1048576K
}
Event: 35.489 GC heap before
{Heap before GC invocations=48 (full 0):
 garbage-first heap   total 137216K, used 91278K [0x0000000080000000, 0x0000000100000000)
  region size 1024K, 7 young (7168K), 2 survivors (2048K)
 Metaspace       used 97043K, committed 99008K, reserved 1179648K
  class space    used 13464K, committed 14400K, reserved 1048576K
}
Event: 35.493 GC heap after
{Heap after GC invocations=49 (full 0):
 garbage-first heap   total 137216K, used 87522K [0x0000000080000000, 0x0000000100000000)
  region size 1024K, 3 young (3072K), 3 survivors (3072K)
 Metaspace       used 97043K, committed 99008K, reserved 1179648K
  class space    used 13464K, committed 14400K, reserved 1048576K
}
Event: 36.914 GC heap before
{Heap before GC invocations=50 (full 0):
 garbage-first heap   total 150528K, used 124386K [0x0000000080000000, 0x0000000100000000)
  region size 1024K, 38 young (38912K), 3 survivors (3072K)
 Metaspace       used 99955K, committed 101824K, reserved 1179648K
  class space    used 13984K, committed 14912K, reserved 1048576K
}
Event: 36.917 GC heap after
{Heap after GC invocations=51 (full 0):
 garbage-first heap   total 150528K, used 88047K [0x0000000080000000, 0x0000000100000000)
  region size 1024K, 3 young (3072K), 3 survivors (3072K)
 Metaspace       used 99955K, committed 101824K, reserved 1179648K
  class space    used 13984K, committed 14912K, reserved 1048576K
}
Event: 38.426 GC heap before
{Heap before GC invocations=51 (full 0):
 garbage-first heap   total 150528K, used 136175K [0x0000000080000000, 0x0000000100000000)
  region size 1024K, 50 young (51200K), 3 survivors (3072K)
 Metaspace       used 104008K, committed 105984K, reserved 1179648K
  class space    used 14622K, committed 15552K, reserved 1048576K
}
Event: 38.433 GC heap after
{Heap after GC invocations=52 (full 0):
 garbage-first heap   total 150528K, used 88741K [0x0000000080000000, 0x0000000100000000)
  region size 1024K, 6 young (6144K), 6 survivors (6144K)
 Metaspace       used 104008K, committed 105984K, reserved 1179648K
  class space    used 14622K, committed 15552K, reserved 1048576K
}
Event: 39.869 GC heap before
{Heap before GC invocations=52 (full 0):
 garbage-first heap   total 150528K, used 134821K [0x0000000080000000, 0x0000000100000000)
  region size 1024K, 51 young (52224K), 6 survivors (6144K)
 Metaspace       used 107596K, committed 109696K, reserved 1179648K
  class space    used 15158K, committed 16192K, reserved 1048576K
}
Event: 39.878 GC heap after
{Heap after GC invocations=53 (full 0):
 garbage-first heap   total 150528K, used 91073K [0x0000000080000000, 0x0000000100000000)
  region size 1024K, 6 young (6144K), 6 survivors (6144K)
 Metaspace       used 107596K, committed 109696K, reserved 1179648K
  class space    used 15158K, committed 16192K, reserved 1048576K
}
Event: 41.912 GC heap before
{Heap before GC invocations=53 (full 0):
 garbage-first heap   total 150528K, used 136129K [0x0000000080000000, 0x0000000100000000)
  region size 1024K, 50 young (51200K), 6 survivors (6144K)
 Metaspace       used 111435K, committed 113536K, reserved 1179648K
  class space    used 15714K, committed 16768K, reserved 1048576K
}
Event: 41.924 GC heap after
{Heap after GC invocations=54 (full 0):
 garbage-first heap   total 150528K, used 94108K [0x0000000080000000, 0x0000000100000000)
  region size 1024K, 6 young (6144K), 6 survivors (6144K)
 Metaspace       used 111435K, committed 113536K, reserved 1179648K
  class space    used 15714K, committed 16768K, reserved 1048576K
}
Event: 43.232 GC heap before
{Heap before GC invocations=55 (full 0):
 garbage-first heap   total 158720K, used 134044K [0x0000000080000000, 0x0000000100000000)
  region size 1024K, 45 young (46080K), 6 survivors (6144K)
 Metaspace       used 112040K, committed 114176K, reserved 1179648K
  class space    used 15790K, committed 16832K, reserved 1048576K
}
Event: 43.245 GC heap after
{Heap after GC invocations=56 (full 0):
 garbage-first heap   total 158720K, used 100216K [0x0000000080000000, 0x0000000100000000)
  region size 1024K, 6 young (6144K), 6 survivors (6144K)
 Metaspace       used 112040K, committed 114176K, reserved 1179648K
  class space    used 15790K, committed 16832K, reserved 1048576K
}
Event: 45.406 GC heap before
{Heap before GC invocations=56 (full 0):
 garbage-first heap   total 158720K, used 143224K [0x0000000080000000, 0x0000000100000000)
  region size 1024K, 48 young (49152K), 6 survivors (6144K)
 Metaspace       used 114454K, committed 116672K, reserved 1179648K
  class space    used 16182K, committed 17280K, reserved 1048576K
}
Event: 45.422 GC heap after
{Heap after GC invocations=57 (full 0):
 garbage-first heap   total 158720K, used 106328K [0x0000000080000000, 0x0000000100000000)
  region size 1024K, 6 young (6144K), 6 survivors (6144K)
 Metaspace       used 114454K, committed 116672K, reserved 1179648K
  class space    used 16182K, committed 17280K, reserved 1048576K
}
Event: 46.044 GC heap before
{Heap before GC invocations=57 (full 0):
 garbage-first heap   total 158720K, used 142168K [0x0000000080000000, 0x0000000100000000)
  region size 1024K, 42 young (43008K), 6 survivors (6144K)
 Metaspace       used 114459K, committed 116672K, reserved 1179648K
  class space    used 16182K, committed 17280K, reserved 1048576K
}
Event: 46.054 GC heap after
{Heap after GC invocations=58 (full 0):
 garbage-first heap   total 158720K, used 109138K [0x0000000080000000, 0x0000000100000000)
  region size 1024K, 4 young (4096K), 4 survivors (4096K)
 Metaspace       used 114459K, committed 116672K, reserved 1179648K
  class space    used 16182K, committed 17280K, reserved 1048576K
}

Dll operation events (3 events):
Event: 0.095 Loaded shared library D:\Android\jbr\bin\java.dll
Event: 0.167 Loaded shared library D:\Android\jbr\bin\zip.dll
Event: 4.123 Loaded shared library D:\Android\jbr\bin\verify.dll

Deoptimization events (20 events):
Event: 46.097 Thread 0x0000018d6e6c38b0 Uncommon trap: trap_request=0xffffffd6 fr.pc=0x0000018d571f357c relative=0x000000000000115c
Event: 46.097 Thread 0x0000018d6a0cc080 Uncommon trap: trap_request=0xffffffd6 fr.pc=0x0000018d571f357c relative=0x000000000000115c
Event: 46.097 Thread 0x0000018d6e6c38b0 Uncommon trap: reason=array_check action=maybe_recompile pc=0x0000018d571f357c method=java.util.TimSort.reverseRange([Ljava/lang/Object;II)V @ 20 c2
Event: 46.097 Thread 0x0000018d6a0cc080 Uncommon trap: reason=array_check action=maybe_recompile pc=0x0000018d571f357c method=java.util.TimSort.reverseRange([Ljava/lang/Object;II)V @ 20 c2
Event: 46.097 Thread 0x0000018d6e6c38b0 DEOPT PACKING pc=0x0000018d571f357c sp=0x000000792abfce90
Event: 46.097 Thread 0x0000018d6e6c1150 Uncommon trap: trap_request=0xffffffd6 fr.pc=0x0000018d571f357c relative=0x000000000000115c
Event: 46.097 Thread 0x0000018d6a0cc080 DEOPT PACKING pc=0x0000018d571f357c sp=0x000000792a1f8fa0
Event: 46.097 Thread 0x0000018d6e6c1150 Uncommon trap: reason=array_check action=maybe_recompile pc=0x0000018d571f357c method=java.util.TimSort.reverseRange([Ljava/lang/Object;II)V @ 20 c2
Event: 46.097 Thread 0x0000018d6e6c1150 DEOPT PACKING pc=0x0000018d571f357c sp=0x000000792b0fd010
Event: 46.097 Thread 0x0000018d6e6c38b0 DEOPT UNPACKING pc=0x0000018d565d46a2 sp=0x000000792abfcd28 mode 2
Event: 46.097 Thread 0x0000018d6a0cc080 DEOPT UNPACKING pc=0x0000018d565d46a2 sp=0x000000792a1f8e38 mode 2
Event: 46.097 Thread 0x0000018d6e6c1150 DEOPT UNPACKING pc=0x0000018d565d46a2 sp=0x000000792b0fcea8 mode 2
Event: 46.098 Thread 0x0000018d6a0cc080 Uncommon trap: trap_request=0xffffff45 fr.pc=0x0000018d570c04d0 relative=0x0000000000001a70
Event: 46.098 Thread 0x0000018d6a0cc080 Uncommon trap: reason=unstable_if action=reinterpret pc=0x0000018d570c04d0 method=java.util.concurrent.ConcurrentHashMap.computeIfAbsent(Ljava/lang/Object;Ljava/util/function/Function;)Ljava/lang/Object; @ 104 c2
Event: 46.098 Thread 0x0000018d6a0cc080 DEOPT PACKING pc=0x0000018d570c04d0 sp=0x000000792a1f9e70
Event: 46.098 Thread 0x0000018d6a0cc080 DEOPT UNPACKING pc=0x0000018d565d46a2 sp=0x000000792a1f9e28 mode 2
Event: 46.143 Thread 0x0000018d6e6c2500 Uncommon trap: trap_request=0xffffff45 fr.pc=0x0000018d56f3211c relative=0x000000000000017c
Event: 46.143 Thread 0x0000018d6e6c2500 Uncommon trap: reason=unstable_if action=reinterpret pc=0x0000018d56f3211c method=java.util.concurrent.locks.ReentrantLock$Sync.tryLock()Z @ 34 c2
Event: 46.143 Thread 0x0000018d6e6c2500 DEOPT PACKING pc=0x0000018d56f3211c sp=0x000000792aefe890
Event: 46.143 Thread 0x0000018d6e6c2500 DEOPT UNPACKING pc=0x0000018d565d46a2 sp=0x000000792aefe830 mode 2

Classes loaded (20 events):
Event: 40.682 Loading class java/io/CharConversionException done
Event: 40.682 Loading class com/sun/org/apache/xerces/internal/impl/io/MalformedByteSequenceException done
Event: 42.133 Loading class java/util/IdentityHashMap$KeyIterator
Event: 42.133 Loading class java/util/IdentityHashMap$KeyIterator done
Event: 42.181 Loading class java/util/TreeMap$KeySpliterator
Event: 42.184 Loading class java/util/TreeMap$TreeMapSpliterator
Event: 42.187 Loading class java/util/TreeMap$TreeMapSpliterator done
Event: 42.187 Loading class java/util/TreeMap$KeySpliterator done
Event: 43.189 Loading class java/io/FilterReader
Event: 43.189 Loading class java/io/FilterReader done
Event: 43.773 Loading class java/lang/management/RuntimeMXBean
Event: 43.773 Loading class java/lang/management/RuntimeMXBean done
Event: 43.773 Loading class sun/management/RuntimeImpl
Event: 43.774 Loading class sun/management/RuntimeImpl done
Event: 44.509 Loading class java/io/CharArrayWriter
Event: 44.512 Loading class java/io/CharArrayWriter done
Event: 44.531 Loading class java/io/SequenceInputStream
Event: 44.531 Loading class java/io/SequenceInputStream done
Event: 44.549 Loading class java/util/function/IntUnaryOperator
Event: 44.549 Loading class java/util/function/IntUnaryOperator done

Classes unloaded (0 events):
No events

Classes redefined (0 events):
No events

Internal exceptions (20 events):
Event: 43.554 Thread 0x0000018d6994c290 Exception <a 'java/lang/ClassNotFoundException'{0x00000000891e08f8}: com/android/build/gradle/internal/tasks/ListingFileRedirectTaskCustomizer> (0x00000000891e08f8) 
thrown [s\src\hotspot\share\classfile\systemDictionary.cpp, line 312]
Event: 43.557 Thread 0x0000018d6994c290 Exception <a 'java/lang/ClassNotFoundException'{0x00000000891fdd28}: com/android/build/gradle/internal/tasks/ListingFileRedirectTask_DecoratedCustomizer> (0x00000000891fdd28) 
thrown [s\src\hotspot\share\classfile\systemDictionary.cpp, line 312]
Event: 43.579 Thread 0x0000018d6994c290 Exception <a 'java/lang/NoSuchMethodError'{0x0000000089068748}: 'void java.lang.invoke.DirectMethodHandle$Holder.invokeSpecial(java.lang.Object, java.lang.Object, java.lang.Object, java.lang.Object, int, java.lang.Object, java.lang.Object)'> (0x0000000089068748) 
thrown [s\src\hotspot\share\interpreter\linkResolver.cpp, line 784]
Event: 43.858 Thread 0x0000018d6a0cc080 Exception <a 'java/lang/NoSuchMethodError'{0x0000000088caf3e0}: 'java.lang.Object java.lang.invoke.DirectMethodHandle$Holder.newInvokeSpecial(java.lang.Object, java.lang.Object, int, java.lang.Object, java.lang.Object)'> (0x0000000088caf3e0) 
thrown [s\src\hotspot\share\interpreter\linkResolver.cpp, line 784]
Event: 43.985 Thread 0x0000018d6a0cc080 Exception <a 'java/lang/NoSuchMethodError'{0x00000000888155a0}: 'java.lang.Object java.lang.invoke.DirectMethodHandle$Holder.invokeVirtual(java.lang.Object, java.lang.Object, java.lang.Object, java.lang.Object, java.lang.Object, java.lang.Object, java.lang.Object, java.lang.Object, java.lang.Object, java.lang.Object, java.lang.Object, java.lang.Object, java.lang.Object, java.lang.Object, java.lang.Object, java.lang.Object, java.lang.Object, java.lang.Object, java.lang.Object)'> (0x00000000888155a0) 
thrown
Event: 44.018 Thread 0x0000018d69951360 Exception <a 'java/lang/NoSuchMethodError'{0x0000000088707c38}: static Lorg/gradle/internal/build/event/types/DefaultTaskStartedProgressEvent;.<clinit>()V> (0x0000000088707c38) 
thrown [s\src\hotspot\share\prims\jni.cpp, line 1144]
Event: 44.020 Thread 0x0000018d69951360 Exception <a 'java/lang/NoSuchMethodError'{0x00000000887130f0}: static Lorg/gradle/internal/build/event/types/DefaultTaskDescriptor;.<clinit>()V> (0x00000000887130f0) 
thrown [s\src\hotspot\share\prims\jni.cpp, line 1144]
Event: 44.032 Thread 0x0000018d69951360 Exception <a 'java/lang/NoSuchMethodError'{0x000000008876fe00}: static Lorg/gradle/internal/build/event/types/DefaultTaskFinishedProgressEvent;.<clinit>()V> (0x000000008876fe00) 
thrown [s\src\hotspot\share\prims\jni.cpp, line 1144]
Event: 44.036 Thread 0x0000018d69951360 Exception <a 'java/lang/NoSuchMethodError'{0x00000000887b4b48}: static Lorg/gradle/internal/build/event/types/DefaultTaskSuccessResult;.<clinit>()V> (0x00000000887b4b48) 
thrown [s\src\hotspot\share\prims\jni.cpp, line 1144]
Event: 44.037 Thread 0x0000018d69951360 Exception <a 'java/lang/NoSuchMethodError'{0x00000000887c9428}: static Lorg/gradle/internal/build/event/types/AbstractTaskResult;.<clinit>()V> (0x00000000887c9428) 
thrown [s\src\hotspot\share\prims\jni.cpp, line 1144]
Event: 44.075 Thread 0x0000018d6c5b0e90 Exception <a 'java/lang/NoSuchMethodError'{0x00000000886c8b90}: static Lcom/android/buildanalyzer/common/AndroidGradlePluginAttributionData$BuildInfo;.<clinit>()V> (0x00000000886c8b90) 
thrown [s\src\hotspot\share\prims\jni.cpp, line 1144]
Event: 44.078 Thread 0x0000018d6c5b0e90 Exception <a 'java/lang/NoSuchMethodError'{0x00000000886e2168}: static Lcom/android/buildanalyzer/common/AndroidGradlePluginAttributionData$JavaInfo;.<clinit>()V> (0x00000000886e2168) 
thrown [s\src\hotspot\share\prims\jni.cpp, line 1144]
Event: 44.117 Thread 0x0000018d6c5b0e90 Exception <a 'java/lang/NoSuchMethodError'{0x000000008852cf38}: static [Ljava/lang/String;.<clinit>()V> (0x000000008852cf38) 
thrown [s\src\hotspot\share\prims\jni.cpp, line 1144]
Event: 44.122 Thread 0x0000018d6c5b0e90 Exception <a 'java/lang/NoSuchMethodError'{0x0000000088560e20}: static Lcom/android/buildanalyzer/common/AndroidGradlePluginAttributionData$TaskInfo;.<clinit>()V> (0x0000000088560e20) 
thrown [s\src\hotspot\share\prims\jni.cpp, line 1144]
Event: 44.123 Thread 0x0000018d6c5b0e90 Exception <a 'java/lang/NoSuchMethodError'{0x000000008856e1e0}: static Lcom/android/buildanalyzer/common/AndroidGradlePluginAttributionData$TaskCategoryInfo;.<clinit>()V> (0x000000008856e1e0) 
thrown [s\src\hotspot\share\prims\jni.cpp, line 1144]
Event: 44.252 Thread 0x0000018d6a0cc080 Exception <a 'sun/nio/fs/WindowsException'{0x00000000884cafb0}> (0x00000000884cafb0) 
thrown [s\src\hotspot\share\prims\jni.cpp, line 537]
Event: 44.306 Thread 0x0000018d69951360 Exception <a 'java/lang/NoSuchMethodError'{0x00000000883a6958}: static Lorg/gradle/internal/build/event/types/DefaultTaskSkippedResult;.<clinit>()V> (0x00000000883a6958) 
thrown [s\src\hotspot\share\prims\jni.cpp, line 1144]
Event: 44.354 Thread 0x0000018d6a0cc080 Exception <a 'java/lang/IncompatibleClassChangeError'{0x0000000088235a30}: Found class java.lang.Object, but interface was expected> (0x0000000088235a30) 
thrown [s\src\hotspot\share\interpreter\linkResolver.cpp, line 851]
Event: 44.402 Thread 0x0000018d6a0cc080 Exception <a 'java/lang/NoSuchMethodError'{0x000000008816ba58}: 'int java.lang.invoke.DirectMethodHandle$Holder.invokeStaticInit(java.lang.Object, java.lang.Object, java.lang.Object, java.lang.Object, java.lang.Object)'> (0x000000008816ba58) 
thrown [s\src\hotspot\share\interpreter\linkResolver.cpp, line 784]
Event: 44.550 Thread 0x0000018d6a0cc080 Exception <a 'java/lang/NoSuchMethodError'{0x0000000087feaca0}: 'int java.lang.invoke.DirectMethodHandle$Holder.invokeSpecial(java.lang.Object, java.lang.Object, int)'> (0x0000000087feaca0) 
thrown [s\src\hotspot\share\interpreter\linkResolver.cpp, line 784]

ZGC Phase Switch (0 events):
No events

VM Operations (20 events):
Event: 44.261 Executing VM operation: HandshakeAllThreads (Deoptimize) done
Event: 44.265 Executing VM operation: HandshakeAllThreads (Deoptimize)
Event: 44.266 Executing VM operation: HandshakeAllThreads (Deoptimize) done
Event: 44.277 Executing VM operation: HandshakeAllThreads (Deoptimize)
Event: 44.277 Executing VM operation: HandshakeAllThreads (Deoptimize) done
Event: 44.296 Executing VM operation: HandshakeAllThreads (Deoptimize)
Event: 44.296 Executing VM operation: HandshakeAllThreads (Deoptimize) done
Event: 44.349 Executing VM operation: HandshakeAllThreads (Deoptimize)
Event: 44.360 Executing VM operation: HandshakeAllThreads (Deoptimize) done
Event: 44.443 Executing VM operation: HandshakeAllThreads (Deoptimize)
Event: 44.443 Executing VM operation: HandshakeAllThreads (Deoptimize) done
Event: 44.895 Executing VM operation: ICBufferFull
Event: 44.895 Executing VM operation: ICBufferFull done
Event: 45.339 Executing VM operation: ICBufferFull
Event: 45.340 Executing VM operation: ICBufferFull done
Event: 45.406 Executing VM operation: G1CollectForAllocation (G1 Evacuation Pause)
Event: 45.422 Executing VM operation: G1CollectForAllocation (G1 Evacuation Pause) done
Event: 46.031 Executing VM operation: G1CollectForAllocation (G1 Evacuation Pause)
Event: 46.054 Executing VM operation: G1CollectForAllocation (G1 Evacuation Pause) done
Event: 46.227 Executing VM operation: G1PauseRemark

Memory protections (0 events):
No events

Nmethod flushes (20 events):
Event: 46.234 Thread 0x0000018d635ec5c0 flushing  nmethod 0x0000018d4f63a990
Event: 46.234 Thread 0x0000018d635ec5c0 flushing  nmethod 0x0000018d4f682110
Event: 46.234 Thread 0x0000018d635ec5c0 flushing  nmethod 0x0000018d4f70ad90
Event: 46.234 Thread 0x0000018d635ec5c0 flushing  nmethod 0x0000018d4f761010
Event: 46.234 Thread 0x0000018d635ec5c0 flushing  nmethod 0x0000018d4f762910
Event: 46.234 Thread 0x0000018d635ec5c0 flushing  nmethod 0x0000018d4f7a7410
Event: 46.234 Thread 0x0000018d635ec5c0 flushing  nmethod 0x0000018d4f7ed790
Event: 46.234 Thread 0x0000018d635ec5c0 flushing  nmethod 0x0000018d4f7ef890
Event: 46.234 Thread 0x0000018d635ec5c0 flushing  nmethod 0x0000018d4f7f0d10
Event: 46.234 Thread 0x0000018d635ec5c0 flushing  nmethod 0x0000018d4f84e490
Event: 46.234 Thread 0x0000018d635ec5c0 flushing  nmethod 0x0000018d4f884410
Event: 46.234 Thread 0x0000018d635ec5c0 flushing  nmethod 0x0000018d4f8b5e10
Event: 46.234 Thread 0x0000018d635ec5c0 flushing  nmethod 0x0000018d4f968590
Event: 46.234 Thread 0x0000018d635ec5c0 flushing  nmethod 0x0000018d4fb13390
Event: 46.234 Thread 0x0000018d635ec5c0 flushing  nmethod 0x0000018d4fb84490
Event: 46.234 Thread 0x0000018d635ec5c0 flushing  nmethod 0x0000018d4fc9cf90
Event: 46.234 Thread 0x0000018d635ec5c0 flushing  nmethod 0x0000018d4fdf4e10
Event: 46.234 Thread 0x0000018d635ec5c0 flushing  nmethod 0x0000018d4fefbd90
Event: 46.234 Thread 0x0000018d635ec5c0 flushing  nmethod 0x0000018d4fff6310
Event: 46.234 Thread 0x0000018d635ec5c0 flushing  nmethod 0x0000018d50045310

Events (20 events):
Event: 36.720 Thread 0x0000018d6def8510 Thread exited: 0x0000018d6def8510
Event: 37.668 Thread 0x0000018d637c77a0 Thread added: 0x0000018d6defa050
Event: 40.144 Thread 0x0000018d6defa050 Thread exited: 0x0000018d6defa050
Event: 40.650 Thread 0x0000018d637c77a0 Thread added: 0x0000018d6def8510
Event: 43.800 Thread 0x0000018d6994c290 Thread added: 0x0000018d6a0cc080
Event: 43.872 Thread 0x0000018d6a0cc080 Thread added: 0x0000018d6a0ccda0
Event: 43.872 Thread 0x0000018d6a0cc080 Thread added: 0x0000018d6a0c8c00
Event: 43.872 Thread 0x0000018d6a0cc080 Thread added: 0x0000018d6a0c9290
Event: 43.872 Thread 0x0000018d6a0cc080 Thread added: 0x0000018d6a0ca640
Event: 43.872 Thread 0x0000018d6a0cc080 Thread added: 0x0000018d6c5b28d0
Event: 43.872 Thread 0x0000018d6a0cc080 Thread added: 0x0000018d6e6c5980
Event: 43.872 Thread 0x0000018d6a0cc080 Thread added: 0x0000018d6e6c1e70
Event: 43.946 Thread 0x0000018d6a0cc080 Thread added: 0x0000018d6e6c3220
Event: 45.340 Thread 0x0000018d6a0cc080 Thread added: 0x0000018d6e6bf710
Event: 45.340 Thread 0x0000018d6a0cc080 Thread added: 0x0000018d6e6c38b0
Event: 45.342 Thread 0x0000018d6a0cc080 Thread added: 0x0000018d6e6c4c60
Event: 45.342 Thread 0x0000018d6a0cc080 Thread added: 0x0000018d6e6c2b90
Event: 45.342 Thread 0x0000018d6a0cc080 Thread added: 0x0000018d6e6c2500
Event: 45.342 Thread 0x0000018d6a0cc080 Thread added: 0x0000018d6e6c3f40
Event: 45.343 Thread 0x0000018d6a0cc080 Thread added: 0x0000018d6e6c1150


Dynamic libraries:
0x00007ff68ca70000 - 0x00007ff68ca7a000 	D:\Android\jbr\bin\java.exe
0x00007ffb132d0000 - 0x00007ffb134c8000 	C:\Windows\SYSTEM32\ntdll.dll
0x00007ffb12fd0000 - 0x00007ffb1308d000 	C:\Windows\System32\KERNEL32.DLL
0x00007ffb10c90000 - 0x00007ffb10f86000 	C:\Windows\System32\KERNELBASE.dll
0x00007ffb11020000 - 0x00007ffb11120000 	C:\Windows\System32\ucrtbase.dll
0x00007ffae69a0000 - 0x00007ffae69b8000 	D:\Android\jbr\bin\jli.dll
0x00007ffb0c290000 - 0x00007ffb0c2ab000 	D:\Android\jbr\bin\VCRUNTIME140.dll
0x00007ffb12e30000 - 0x00007ffb12fce000 	C:\Windows\System32\USER32.dll
0x00007ffb109b0000 - 0x00007ffb109d2000 	C:\Windows\System32\win32u.dll
0x00007ffb11a90000 - 0x00007ffb11abc000 	C:\Windows\System32\GDI32.dll
0x00007ffb10b70000 - 0x00007ffb10c8a000 	C:\Windows\System32\gdi32full.dll
0x00007ffb10ad0000 - 0x00007ffb10b6d000 	C:\Windows\System32\msvcp_win.dll
0x00007ffafb8e0000 - 0x00007ffafbb7a000 	C:\Windows\WinSxS\amd64_microsoft.windows.common-controls_6595b64144ccf1df_6.0.19041.3636_none_60b6a03d71f818d5\COMCTL32.dll
0x00007ffb11330000 - 0x00007ffb113ce000 	C:\Windows\System32\msvcrt.dll
0x00007ffb124e0000 - 0x00007ffb12510000 	C:\Windows\System32\IMM32.DLL
0x00007ffb06f30000 - 0x00007ffb06f3c000 	D:\Android\jbr\bin\vcruntime140_1.dll
0x00007ffaca390000 - 0x00007ffaca41d000 	D:\Android\jbr\bin\msvcp140.dll
0x00007ffaadd60000 - 0x00007ffaae9f6000 	D:\Android\jbr\bin\server\jvm.dll
0x00007ffb13110000 - 0x00007ffb131bf000 	C:\Windows\System32\ADVAPI32.dll
0x00007ffb12330000 - 0x00007ffb123cc000 	C:\Windows\System32\sechost.dll
0x00007ffb114d0000 - 0x00007ffb115f6000 	C:\Windows\System32\RPCRT4.dll
0x00007ffb12b60000 - 0x00007ffb12bcb000 	C:\Windows\System32\WS2_32.dll
0x00007ffb10810000 - 0x00007ffb1085b000 	C:\Windows\SYSTEM32\POWRPROF.dll
0x00007ffaf9ad0000 - 0x00007ffaf9af7000 	C:\Windows\SYSTEM32\WINMM.dll
0x00007ffb06bb0000 - 0x00007ffb06bba000 	C:\Windows\SYSTEM32\VERSION.dll
0x00007ffb107f0000 - 0x00007ffb10802000 	C:\Windows\SYSTEM32\UMPDC.dll
0x00007ffb0f1c0000 - 0x00007ffb0f1d2000 	C:\Windows\SYSTEM32\kernel.appcore.dll
0x00007ffb06080000 - 0x00007ffb0608a000 	D:\Android\jbr\bin\jimage.dll
0x00007ffb0e570000 - 0x00007ffb0e754000 	C:\Windows\SYSTEM32\DBGHELP.DLL
0x00007ffaf5ae0000 - 0x00007ffaf5b14000 	C:\Windows\SYSTEM32\dbgcore.DLL
0x00007ffb10f90000 - 0x00007ffb11012000 	C:\Windows\System32\bcryptPrimitives.dll
0x00007ffaf3490000 - 0x00007ffaf349e000 	D:\Android\jbr\bin\instrument.dll
0x00007ffb06060000 - 0x00007ffb06080000 	D:\Android\jbr\bin\java.dll
0x00007ffb05e70000 - 0x00007ffb05e88000 	D:\Android\jbr\bin\zip.dll
0x00007ffb11ac0000 - 0x00007ffb12205000 	C:\Windows\System32\SHELL32.dll
0x00007ffb0ea10000 - 0x00007ffb0f1ab000 	C:\Windows\SYSTEM32\windows.storage.dll
0x00007ffb11670000 - 0x00007ffb119c4000 	C:\Windows\System32\combase.dll
0x00007ffb10240000 - 0x00007ffb1026d000 	C:\Windows\SYSTEM32\Wldp.dll
0x00007ffb12d80000 - 0x00007ffb12e2d000 	C:\Windows\System32\SHCORE.dll
0x00007ffb11610000 - 0x00007ffb11665000 	C:\Windows\System32\shlwapi.dll
0x00007ffb108e0000 - 0x00007ffb10905000 	C:\Windows\SYSTEM32\profapi.dll
0x00007ffb06050000 - 0x00007ffb06060000 	D:\Android\jbr\bin\net.dll
0x00007ffb06d80000 - 0x00007ffb06e8a000 	C:\Windows\SYSTEM32\WINHTTP.dll
0x00007ffb10020000 - 0x00007ffb1008a000 	C:\Windows\system32\mswsock.dll
0x00007ffb05e50000 - 0x00007ffb05e66000 	D:\Android\jbr\bin\nio.dll
0x00007ffb04060000 - 0x00007ffb04070000 	D:\Android\jbr\bin\verify.dll
0x00007ffae7630000 - 0x00007ffae7657000 	C:\Users\Admin\.gradle\native\1def1411415f61bf3af743bc5b6707747c0891f09f0c88961ee8f79bc544acac\windows-amd64\native-platform.dll
0x00007ffaca000000 - 0x00007ffaca078000 	C:\Users\Admin\.gradle\native\0.2.7\x86_64-windows-gnu\gradle-fileevents.dll
0x00007ffb05e00000 - 0x00007ffb05e09000 	D:\Android\jbr\bin\management.dll
0x00007ffb04270000 - 0x00007ffb0427b000 	D:\Android\jbr\bin\management_ext.dll
0x00007ffb11600000 - 0x00007ffb11608000 	C:\Windows\System32\PSAPI.DLL
0x00007ffb0fd30000 - 0x00007ffb0fd6b000 	C:\Windows\SYSTEM32\IPHLPAPI.DLL
0x00007ffb124c0000 - 0x00007ffb124c8000 	C:\Windows\System32\NSI.dll
0x00007ffb05e10000 - 0x00007ffb05e19000 	D:\Android\jbr\bin\extnet.dll
0x00007ffb10280000 - 0x00007ffb10298000 	C:\Windows\SYSTEM32\CRYPTSP.dll
0x00007ffb0f970000 - 0x00007ffb0f9a4000 	C:\Windows\system32\rsaenh.dll
0x00007ffb109e0000 - 0x00007ffb10a07000 	C:\Windows\System32\bcrypt.dll
0x00007ffb108a0000 - 0x00007ffb108ce000 	C:\Windows\SYSTEM32\USERENV.dll
0x00007ffb101b0000 - 0x00007ffb101bc000 	C:\Windows\SYSTEM32\CRYPTBASE.dll
0x00007ffae56a0000 - 0x00007ffae56a7000 	C:\Windows\system32\wshunix.dll
0x00007ffb0fd70000 - 0x00007ffb0fe3a000 	C:\Windows\SYSTEM32\DNSAPI.dll
0x00007ffafaf50000 - 0x00007ffafaf5a000 	C:\Windows\System32\rasadhlp.dll
0x00007ffb02860000 - 0x00007ffb028e0000 	C:\Windows\System32\fwpuclnt.dll

JVMTI agents:
C:\Users\Admin\.gradle\wrapper\dists\gradle-8.13-bin\5xuhj0ry160q40clulazy9h7d\gradle-8.13\lib\agents\gradle-instrumentation-agent-8.13.jar path:D:\Android\jbr\bin\instrument.dll, loaded, initialized, instrumentlib options:none

dbghelp: loaded successfully - version: 4.0.5 - missing functions: none
symbol engine: initialized successfully - sym options: 0x614 - pdb path: .;D:\Android\jbr\bin;C:\Windows\SYSTEM32;C:\Windows\WinSxS\amd64_microsoft.windows.common-controls_6595b64144ccf1df_6.0.19041.3636_none_60b6a03d71f818d5;D:\Android\jbr\bin\server;C:\Users\Admin\.gradle\native\1def1411415f61bf3af743bc5b6707747c0891f09f0c88961ee8f79bc544acac\windows-amd64;C:\Users\Admin\.gradle\native\0.2.7\x86_64-windows-gnu

VM Arguments:
jvm_args: --add-opens=java.base/java.lang=ALL-UNNAMED --add-opens=java.base/java.lang.invoke=ALL-UNNAMED --add-opens=java.base/java.util=ALL-UNNAMED --add-opens=java.prefs/java.util.prefs=ALL-UNNAMED --add-exports=jdk.compiler/com.sun.tools.javac.api=ALL-UNNAMED --add-exports=jdk.compiler/com.sun.tools.javac.util=ALL-UNNAMED --add-opens=java.base/java.util=ALL-UNNAMED --add-opens=java.prefs/java.util.prefs=ALL-UNNAMED --add-opens=java.base/java.nio.charset=ALL-UNNAMED --add-opens=java.base/java.net=ALL-UNNAMED --add-opens=java.base/java.util.concurrent.atomic=ALL-UNNAMED --add-opens=java.xml/javax.xml.namespace=ALL-UNNAMED -Xmx2048m -Dfile.encoding=UTF-8 -Duser.country=US -Duser.language=en -Duser.variant -javaagent:C:\Users\Admin\.gradle\wrapper\dists\gradle-8.13-bin\5xuhj0ry160q40clulazy9h7d\gradle-8.13\lib\agents\gradle-instrumentation-agent-8.13.jar 
java_command: org.gradle.launcher.daemon.bootstrap.GradleDaemon 8.13
java_class_path (initial): C:\Users\Admin\.gradle\wrapper\dists\gradle-8.13-bin\5xuhj0ry160q40clulazy9h7d\gradle-8.13\lib\gradle-daemon-main-8.13.jar
Launcher Type: SUN_STANDARD

[Global flags]
     intx CICompilerCount                          = 4                                         {product} {ergonomic}
     uint ConcGCThreads                            = 2                                         {product} {ergonomic}
     uint G1ConcRefinementThreads                  = 8                                         {product} {ergonomic}
   size_t G1HeapRegionSize                         = 1048576                                   {product} {ergonomic}
    uintx GCDrainStackTargetSize                   = 64                                        {product} {ergonomic}
   size_t InitialHeapSize                          = 134217728                                 {product} {ergonomic}
   size_t MarkStackSize                            = 4194304                                   {product} {ergonomic}
   size_t MaxHeapSize                              = 2147483648                                {product} {command line}
   size_t MaxNewSize                               = 1287651328                                {product} {ergonomic}
   size_t MinHeapDeltaBytes                        = 1048576                                   {product} {ergonomic}
   size_t MinHeapSize                              = 8388608                                   {product} {ergonomic}
    uintx NonNMethodCodeHeapSize                   = 5839372                                {pd product} {ergonomic}
    uintx NonProfiledCodeHeapSize                  = 122909434                              {pd product} {ergonomic}
    uintx ProfiledCodeHeapSize                     = 122909434                              {pd product} {ergonomic}
    uintx ReservedCodeCacheSize                    = 251658240                              {pd product} {ergonomic}
     bool SegmentedCodeCache                       = true                                      {product} {ergonomic}
   size_t SoftMaxHeapSize                          = 2147483648                             {manageable} {ergonomic}
     bool UseCompressedOops                        = true                           {product lp64_product} {ergonomic}
     bool UseG1GC                                  = true                                      {product} {ergonomic}
     bool UseLargePagesIndividualAllocation        = false                                  {pd product} {ergonomic}

Logging:
Log output configuration:
 #0: stdout all=warning uptime,level,tags foldmultilines=false
 #1: stderr all=off uptime,level,tags foldmultilines=false

Environment Variables:
PATH=C:\Program Files (x86)\Common Files\Oracle\Java\javapath;C:\Windows\system32;C:\Windows;C:\Windows\System32\Wbem;C:\Windows\System32\WindowsPowerShell\v1.0\;C:\Windows\System32\OpenSSH\;C:\Program Files\Git\cmd;C:\Program Files\nodejs\;C:\Program Files (x86)\Microsoft SQL Server\160\Tools\Binn\;C:\Program Files\Microsoft SQL Server\160\Tools\Binn\;C:\Program Files\Microsoft SQL Server\Client SDK\ODBC\170\Tools\Binn\;C:\Program Files\Microsoft SQL Server\160\DTS\Binn\;C:\Program Files (x86)\Microsoft SQL Server\160\DTS\Binn\;C:\Program Files\Azure Data Studio\bin;C:\Program Files (x86)\Windows Kits\10\Windows Performance Toolkit\;C:\Program Files\Microsoft SQL Server\150\Tools\Binn\;C:\Program Files\Docker\Docker\resources\bin;C:\Program Files\dotnet\;C:\Users\Admin\AppData\Local\Programs\Python\Python313\Scripts\;C:\Users\Admin\AppData\Local\Programs\Python\Python313\;C:\Users\Admin\AppData\Local\Programs\Python\Launcher\;C:\Users\Admin\AppData\Local\Microsoft\WindowsApps;C:\Users\Admin\AppData\Local\Programs\Microsoft VS Code\bin;C:\Users\Admin\AppData\Local\GitHubDesktop\bin;C:\nodejs;C:\Users\Admin\AppData\Roaming\npm;C:\Program Files\nodejs\;;C:\Program Files\Azure Data Studio\bin;C:\Users\Admin\.dotnet\tools
USERNAME=Admin
OS=Windows_NT
PROCESSOR_IDENTIFIER=Intel64 Family 6 Model 142 Stepping 10, GenuineIntel
TMP=C:\Users\Admin\AppData\Local\Temp
TEMP=C:\Users\Admin\AppData\Local\Temp




Periodic native trim disabled

JNI global refs:
JNI global refs: 29, weak refs: 0

JNI global refs memory usage: 835, weak refs: 833

Process memory usage:
Resident Set Size: 413944K (5% of 8263900K total physical memory with 438332K free physical memory)

OOME stack traces (most recent first):
Classloader memory used:
Loader org.gradle.internal.classloader.VisitableURLClassLoader                         : 44695K
Loader bootstrap                                                                       : 31685K
Loader org.gradle.internal.classloader.VisitableURLClassLoader$InstrumentingVisitableURLClassLoader: 23592K
Loader org.gradle.initialization.MixInLegacyTypesClassLoader                           : 12834K
Loader jdk.internal.loader.ClassLoaders$PlatformClassLoader                            : 795K
Loader jdk.internal.reflect.DelegatingClassLoader                                      : 281K
Loader jdk.internal.loader.ClassLoaders$AppClassLoader                                 : 235K
Loader org.gradle.internal.classloader.VisitableURLClassLoader                         : 181K
Loader org.gradle.groovy.scripts.internal.DefaultScriptCompilationHandler$ScriptClassLoader: 135K
Loader org.codehaus.groovy.runtime.callsite.CallSiteClassLoader                        : 27488B

Classes loaded by more than one classloader:
Class Program                                                                         : loaded 5 times (x 72B)
Class Build_gradle                                                                    : loaded 3 times (x 130B)
Class Build_gradle$1                                                                  : loaded 3 times (x 74B)
Class ijKotlinCoroutineJvmDebugInit1_2edxob47te3k3j1lkm25ffz4$_run_closure1$_closure2 : loaded 2 times (x 139B)
Class org.gradle.internal.classloader.FilteringClassLoader                            : loaded 2 times (x 105B)
Class com.google.common.base.CharMatcher$IsEither                                     : loaded 2 times (x 111B)
Class org.gradle.internal.classloader.ClassLoaderHierarchy                            : loaded 2 times (x 70B)
Class com.google.common.collect.ImmutableEnumSet                                      : loaded 2 times (x 146B)
Class com.google.common.util.concurrent.ExecutionError                                : loaded 2 times (x 82B)
Class com.google.common.collect.ImmutableList$1                                       : loaded 2 times (x 97B)
Class org.gradle.api.internal.classpath.ManifestUtil                                  : loaded 2 times (x 71B)
Class com.google.common.collect.RegularImmutableMap                                   : loaded 2 times (x 121B)
Class com.google.common.collect.ImmutableMap$MapViewOfValuesAsSingletonSets           : loaded 2 times (x 126B)
Class [Lorg.objectweb.asm.Symbol;                                                     : loaded 2 times (x 69B)
Class org.objectweb.asm.ClassVisitor                                                  : loaded 2 times (x 88B)
Class com.google.common.collect.UnmodifiableListIterator                              : loaded 2 times (x 95B)
Class com.google.common.base.Platform$JdkPatternCompiler                              : loaded 2 times (x 75B)
Class org.objectweb.asm.MethodTooLargeException                                       : loaded 2 times (x 83B)
Class [Lcom.google.common.cache.CacheBuilder$OneWeigher;                              : loaded 2 times (x 69B)
Class com.google.common.base.Suppliers                                                : loaded 2 times (x 71B)
Class org.gradle.internal.classloader.DefaultClassLoaderFactory                       : loaded 2 times (x 82B)
Class org.gradle.internal.classloader.ClassLoaderVisitor                              : loaded 2 times (x 76B)
Class [Lcom.google.common.collect.ImmutableMapEntry;                                  : loaded 2 times (x 69B)
Class org.gradle.api.internal.classpath.EffectiveClassPath                            : loaded 2 times (x 90B)
Class com.google.common.collect.ListMultimap                                          : loaded 2 times (x 70B)
Class com.google.common.collect.ImmutableEnumMap                                      : loaded 2 times (x 126B)
Class com.google.common.collect.Sets$1                                                : loaded 2 times (x 139B)
Class org.objectweb.asm.AnnotationVisitor                                             : loaded 2 times (x 78B)
Class org.gradle.api.internal.DefaultClassPathProvider                                : loaded 2 times (x 76B)
Class com.google.common.collect.Sets$2                                                : loaded 2 times (x 139B)
Class [Lorg.gradle.api.internal.ClassPathProvider;                                    : loaded 2 times (x 69B)
Class org.gradle.api.internal.ClassPathProvider                                       : loaded 2 times (x 70B)
Class [Lorg.objectweb.asm.AnnotationVisitor;                                          : loaded 2 times (x 69B)
Class com.google.common.collect.Sets$3                                                : loaded 2 times (x 139B)
Class com.google.common.util.concurrent.AbstractFuture$SafeAtomicHelper               : loaded 2 times (x 79B)
Class com.google.common.cache.LocalCache$LocalLoadingCache                            : loaded 2 times (x 134B)
Class org.gradle.internal.service.UnknownServiceException                             : loaded 2 times (x 83B)
Class com.google.common.collect.Sets$4                                                : loaded 2 times (x 139B)
Class org.objectweb.asm.ModuleVisitor                                                 : loaded 2 times (x 81B)
Class com.google.common.cache.LocalCache$Strength$1                                   : loaded 2 times (x 81B)
Class com.google.common.util.concurrent.SettableFuture                                : loaded 2 times (x 114B)
Class com.google.common.cache.LocalCache$Strength$2                                   : loaded 2 times (x 81B)
Class com.google.common.cache.LocalCache$Strength$3                                   : loaded 2 times (x 81B)
Class com.google.common.collect.MapDifference                                         : loaded 2 times (x 70B)
Class org.objectweb.asm.FieldWriter                                                   : loaded 2 times (x 78B)
Class com.google.common.cache.CacheBuilder$NullListener                               : loaded 2 times (x 82B)
Class org.gradle.internal.classpath.TransformedClassPath                              : loaded 2 times (x 96B)
Class org.gradle.internal.classloader.InstrumentingClassLoader                        : loaded 2 times (x 70B)
Class com.google.common.cache.CacheLoader$FunctionToCacheLoader                       : loaded 2 times (x 75B)
Class com.google.common.collect.Iterators$ArrayItr                                    : loaded 2 times (x 97B)
Class com.google.common.collect.ImmutableCollection$Builder                           : loaded 2 times (x 76B)
Class com.google.common.base.Joiner                                                   : loaded 2 times (x 79B)
Class com.google.common.base.MoreObjects                                              : loaded 2 times (x 71B)
Class com.google.common.collect.Platform                                              : loaded 2 times (x 71B)
Class [Lorg.objectweb.asm.Type;                                                       : loaded 2 times (x 69B)
Class com.google.common.collect.UnmodifiableIterator                                  : loaded 2 times (x 80B)
Class org.gradle.internal.service.ServiceLocator                                      : loaded 2 times (x 70B)
Class com.google.common.base.Ascii                                                    : loaded 2 times (x 71B)
Class com.google.common.collect.SingletonImmutableBiMap                               : loaded 2 times (x 143B)
Class com.google.common.cache.LocalCache$1                                            : loaded 2 times (x 89B)
Class com.google.common.collect.AbstractMapEntry                                      : loaded 2 times (x 81B)
Class com.google.common.collect.Sets$ImprovedAbstractSet                              : loaded 2 times (x 135B)
Class com.google.common.collect.ImmutableList$Builder                                 : loaded 2 times (x 77B)
Class com.google.common.collect.AbstractMultimap                                      : loaded 2 times (x 123B)
Class com.google.common.cache.LocalCache$2                                            : loaded 2 times (x 142B)
Class com.google.common.util.concurrent.AbstractFuture$UnsafeAtomicHelper$1           : loaded 2 times (x 76B)
Class com.google.common.collect.RegularImmutableAsList                                : loaded 2 times (x 217B)
Class com.google.common.util.concurrent.AbstractFuture$Trusted                        : loaded 2 times (x 70B)
Class com.google.common.collect.Iterators                                             : loaded 2 times (x 71B)
Class com.google.common.collect.Lists$StringAsImmutableList                           : loaded 2 times (x 207B)
Class com.google.common.util.concurrent.UncheckedExecutionException                   : loaded 2 times (x 82B)
Class org.gradle.kotlin.dsl.VersionCatalogAccessorsKt                                 : loaded 2 times (x 71B)
Class org.gradle.internal.InternalTransformer                                         : loaded 2 times (x 70B)
Class com.google.common.collect.AbstractMapBasedMultimap$KeySet$1                     : loaded 2 times (x 82B)
Class org.objectweb.asm.ClassWriter                                                   : loaded 2 times (x 106B)
Class com.google.common.cache.CacheLoader$UnsupportedLoadingOperationException        : loaded 2 times (x 82B)
Class com.google.common.base.CharMatcher$And                                          : loaded 2 times (x 112B)
Class org.gradle.internal.classloader.ClasspathUtil$1                                 : loaded 2 times (x 76B)
Class org.objectweb.asm.FieldVisitor                                                  : loaded 2 times (x 77B)
Class com.google.common.collect.IndexedImmutableSet                                   : loaded 2 times (x 152B)
Class com.google.common.collect.ImmutableMap$1                                        : loaded 2 times (x 81B)
Class com.google.common.collect.BiMap                                                 : loaded 2 times (x 70B)
Class org.gradle.api.internal.classpath.DefaultModuleRegistry$DefaultModule           : loaded 2 times (x 86B)
Class com.google.common.primitives.Ints                                               : loaded 2 times (x 71B)
Class com.google.common.collect.AbstractIterator                                      : loaded 2 times (x 82B)
Class com.google.common.collect.ObjectArrays                                          : loaded 2 times (x 71B)
Class com.google.common.collect.Multiset                                              : loaded 2 times (x 70B)
Class com.google.common.collect.ArrayListMultimapGwtSerializationDependencies         : loaded 2 times (x 172B)
Class com.google.common.collect.RegularImmutableMap$KeySet                            : loaded 2 times (x 152B)
Class com.google.common.math.MathPreconditions                                        : loaded 2 times (x 71B)
Class com.google.common.collect.ImmutableMapEntrySet                                  : loaded 2 times (x 152B)
Class org.gradle.api.internal.classpath.Module                                        : loaded 2 times (x 70B)
Class com.google.common.cache.Weigher                                                 : loaded 2 times (x 70B)
Class org.gradle.api.internal.classpath.UnknownModuleException                        : loaded 2 times (x 82B)
Class com.google.common.base.Stopwatch                                                : loaded 2 times (x 72B)
Class com.google.common.cache.LocalCache$Strength                                     : loaded 2 times (x 81B)
Class com.google.common.cache.Cache                                                   : loaded 2 times (x 70B)
Class com.google.common.util.concurrent.AbstractFuture$Cancellation                   : loaded 2 times (x 72B)
Class com.google.common.collect.ImmutableMap$Builder                                  : loaded 2 times (x 82B)
Class com.google.common.cache.RemovalListener                                         : loaded 2 times (x 70B)
Class ijKotlinCoroutineJvmDebugInit1_2edxob47te3k3j1lkm25ffz4                         : loaded 2 times (x 179B)
Class org.gradle.api.internal.DefaultClassPathRegistry                                : loaded 2 times (x 76B)
Class com.google.common.primitives.IntsMethodsForWeb                                  : loaded 2 times (x 71B)
Class com.google.common.collect.Multimap                                              : loaded 2 times (x 70B)
Class org.gradle.api.internal.ClassPathRegistry                                       : loaded 2 times (x 70B)
Class org.gradle.internal.classpath.DefaultClassPath$ImmutableUniqueList              : loaded 2 times (x 199B)
Class com.google.common.base.Equivalence$Identity                                     : loaded 2 times (x 82B)
Class com.google.common.cache.CacheBuilder                                            : loaded 2 times (x 72B)
Class com.google.common.collect.SingletonImmutableList                                : loaded 2 times (x 207B)
Class Settings_gradle$1                                                               : loaded 2 times (x 74B)
Class org.gradle.internal.classpath.ClassPath                                         : loaded 2 times (x 70B)
Class org.gradle.api.UncheckedIOException                                             : loaded 2 times (x 82B)
Class com.google.common.base.JdkPattern                                               : loaded 2 times (x 75B)
Class com.google.common.collect.ImmutableList$ReverseImmutableList                    : loaded 2 times (x 209B)
Class org.objectweb.asm.SymbolTable$Entry                                             : loaded 2 times (x 74B)
Class com.google.common.util.concurrent.AbstractFuture$AtomicHelper                   : loaded 2 times (x 78B)
Class org.objectweb.asm.Edge                                                          : loaded 2 times (x 72B)
Class com.google.common.base.Suppliers$SupplierOfInstance                             : loaded 2 times (x 79B)
Class com.google.common.collect.Iterators$1                                           : loaded 2 times (x 81B)
Class com.google.common.cache.LocalCache$ComputingValueReference                      : loaded 2 times (x 96B)
Class com.google.common.collect.SingletonImmutableSet                                 : loaded 2 times (x 146B)
Class com.google.common.collect.ImmutableMap$IteratorBasedImmutableMap                : loaded 2 times (x 126B)
Class com.google.common.cache.LocalCache$Segment                                      : loaded 2 times (x 154B)
Class com.google.common.collect.AbstractListMultimap                                  : loaded 2 times (x 172B)
Class [Lorg.objectweb.asm.SymbolTable$Entry;                                          : loaded 2 times (x 69B)
Class com.google.common.cache.CacheLoader                                             : loaded 2 times (x 74B)
Class com.google.common.collect.Iterators$4                                           : loaded 2 times (x 82B)
Class com.google.common.collect.ImmutableBiMap                                        : loaded 2 times (x 143B)
Class org.gradle.internal.installation.GradleInstallation$1                           : loaded 2 times (x 75B)
Class org.gradle.api.internal.classpath.ModuleRegistry                                : loaded 2 times (x 70B)
Class com.google.common.util.concurrent.internal.InternalFutureFailureAccess          : loaded 2 times (x 72B)
Class com.google.common.collect.Iterators$5                                           : loaded 2 times (x 82B)
Class com.google.common.collect.ImmutableSet$JdkBackedSetBuilderImpl                  : loaded 2 times (x 76B)
Class com.google.common.util.concurrent.AbstractFuture$UnsafeAtomicHelper             : loaded 2 times (x 78B)
Class com.google.common.cache.LocalCache$LocalManualCache$1                           : loaded 2 times (x 75B)
Class com.google.common.base.CharMatcher$ForPredicate                                 : loaded 2 times (x 112B)
Class com.google.common.base.CharMatcher$AnyOf                                        : loaded 2 times (x 112B)
Class com.google.common.collect.ImmutableCollection                                   : loaded 2 times (x 125B)
Class org.gradle.api.internal.classpath.DefaultModuleRegistry                         : loaded 2 times (x 86B)
Class com.google.common.collect.Lists                                                 : loaded 2 times (x 71B)
Class com.google.common.util.concurrent.ListenableFuture                              : loaded 2 times (x 70B)
Class com.google.common.cache.ReferenceEntry                                          : loaded 2 times (x 70B)
Class com.google.common.base.Converter                                                : loaded 2 times (x 90B)
Class com.google.common.collect.ImmutableSet$CachingAsList                            : loaded 2 times (x 148B)
Class com.google.common.collect.AbstractMapBasedMultimap                              : loaded 2 times (x 139B)
Class com.google.common.util.concurrent.AbstractFuture                                : loaded 2 times (x 106B)
Class com.google.common.base.FunctionalEquivalence                                    : loaded 2 times (x 83B)
Class com.google.common.collect.Iterators$9                                           : loaded 2 times (x 81B)
Class com.google.common.collect.ImmutableAsList                                       : loaded 2 times (x 209B)
Class org.objectweb.asm.RecordComponentVisitor                                        : loaded 2 times (x 77B)
Class com.google.common.cache.CacheLoader$SupplierToCacheLoader                       : loaded 2 times (x 75B)
Class com.google.common.collect.Maps$EntryTransformer                                 : loaded 2 times (x 70B)
Class org.gradle.internal.service.ServiceLookupException                              : loaded 2 times (x 82B)
Class [Lcom.google.common.cache.LocalCache$EntryFactory;                              : loaded 2 times (x 69B)
Class org.gradle.internal.classloader.ClassLoaderFactory                              : loaded 2 times (x 70B)
Class com.google.common.base.CommonPattern                                            : loaded 2 times (x 74B)
Class com.google.common.cache.LocalCache$LocalManualCache                             : loaded 2 times (x 99B)
Class com.google.common.base.CharMatcher$IsNot                                        : loaded 2 times (x 111B)
Class org.gradle.internal.service.CachingServiceLocator                               : loaded 2 times (x 82B)
Class com.google.common.collect.AbstractMapBasedMultimap$KeySet                       : loaded 2 times (x 137B)
Class com.google.common.math.IntMath                                                  : loaded 2 times (x 71B)
Class com.google.common.collect.ImmutableMapEntry                                     : loaded 2 times (x 85B)
Class com.google.common.base.Equivalence                                              : loaded 2 times (x 82B)
Class com.google.common.base.Function                                                 : loaded 2 times (x 70B)
Class com.google.common.collect.ImmutableMapEntry$NonTerminalImmutableMapEntry        : loaded 2 times (x 85B)
Class ijJvmDebugger1_6gnha51x1399uf0afb4xb1b8s$_run_closure1                          : loaded 2 times (x 139B)
Class com.google.common.cache.CacheBuilder$OneWeigher                                 : loaded 2 times (x 82B)
Class com.google.common.collect.RegularImmutableList                                  : loaded 2 times (x 213B)
Class org.gradle.internal.classloader.ClasspathUtil                                   : loaded 2 times (x 71B)
Class com.google.common.base.Charsets                                                 : loaded 2 times (x 71B)
Class com.google.common.util.concurrent.Uninterruptibles                              : loaded 2 times (x 71B)
Class com.google.common.collect.Maps                                                  : loaded 2 times (x 71B)
Class org.gradle.api.specs.Spec                                                       : loaded 2 times (x 70B)
Class [Lcom.google.common.collect.ImmutableEntry;                                     : loaded 2 times (x 69B)
Class com.google.common.cache.LocalCache$LoadingValueReference                        : loaded 2 times (x 96B)
Class com.google.common.collect.AbstractIndexedListIterator                           : loaded 2 times (x 96B)
Class com.google.common.base.Platform                                                 : loaded 2 times (x 71B)
Class [Lorg.objectweb.asm.AnnotationWriter;                                           : loaded 2 times (x 69B)
Class com.google.common.collect.Maps$8                                                : loaded 2 times (x 82B)
Class com.google.common.collect.Sets$SetView                                          : loaded 2 times (x 138B)
Class com.google.common.cache.LocalCache$StrongValueReference                         : loaded 2 times (x 90B)
Class com.google.common.util.concurrent.AbstractFuture$SynchronizedHelper             : loaded 2 times (x 78B)
Class org.objectweb.asm.Type                                                          : loaded 2 times (x 72B)
Class org.gradle.internal.classloader.VisitableURLClassLoader$InstrumentingVisitableURLClassLoader: loaded 2 times (x 123B)
Class org.objectweb.asm.ByteVector                                                    : loaded 2 times (x 79B)
Class [Lcom.google.common.cache.CacheBuilder$NullListener;                            : loaded 2 times (x 69B)
Class com.google.common.math.IntMath$1                                                : loaded 2 times (x 71B)
Class org.gradle.internal.classloader.VisitableURLClassLoader$Spec                    : loaded 2 times (x 74B)
Class org.gradle.internal.classpath.DefaultClassPath                                  : loaded 2 times (x 90B)
Class org.objectweb.asm.Symbol                                                        : loaded 2 times (x 73B)
Class ijKotlinCoroutineJvmDebugInit1_2edxob47te3k3j1lkm25ffz4$_run_closure1           : loaded 2 times (x 139B)
Class com.google.common.base.CharMatcher$Ascii                                        : loaded 2 times (x 112B)
Class com.google.common.base.CharMatcher$BitSetMatcher                                : loaded 2 times (x 112B)
Class com.google.common.collect.ImmutableSet                                          : loaded 2 times (x 145B)
Class com.google.common.collect.RegularImmutableMap$Values                            : loaded 2 times (x 207B)
Class org.gradle.internal.classloader.ClassLoaderSpec                                 : loaded 2 times (x 71B)
Class org.objectweb.asm.AnnotationWriter                                              : loaded 2 times (x 79B)
Class com.google.common.cache.CacheStats                                              : loaded 2 times (x 71B)
Class org.objectweb.asm.RecordComponentWriter                                         : loaded 2 times (x 78B)
Class com.google.common.util.concurrent.AbstractFuture$Listener                       : loaded 2 times (x 72B)
Class com.google.common.base.CharMatcher$Or                                           : loaded 2 times (x 112B)
Class Settings_gradle$1$1                                                             : loaded 2 times (x 74B)
Class org.objectweb.asm.Attribute                                                     : loaded 2 times (x 77B)
Class com.google.common.base.Supplier                                                 : loaded 2 times (x 70B)
Class org.gradle.internal.classloader.VisitableURLClassLoader                         : loaded 2 times (x 117B)
Class com.google.common.util.concurrent.AbstractFuture$Waiter                         : loaded 2 times (x 72B)
Class Settings_gradle                                                                 : loaded 2 times (x 128B)
Class org.gradle.internal.Cast                                                        : loaded 2 times (x 71B)
Class org.gradle.api.Action                                                           : loaded 2 times (x 70B)
Class com.google.common.base.Strings                                                  : loaded 2 times (x 71B)
Class com.google.common.collect.Sets                                                  : loaded 2 times (x 71B)
Class org.objectweb.asm.Handler                                                       : loaded 2 times (x 72B)
Class com.google.common.base.Ticker                                                   : loaded 2 times (x 72B)
Class com.google.common.base.CharMatcher$FastMatcher                                  : loaded 2 times (x 111B)
Class [Lcom.google.common.cache.LocalCache$Segment;                                   : loaded 2 times (x 69B)
Class [Lcom.google.common.cache.LocalCache$Strength;                                  : loaded 2 times (x 69B)
Class com.google.common.cache.CacheBuilder$1                                          : loaded 2 times (x 85B)
Class com.google.common.base.Predicate                                                : loaded 2 times (x 70B)
Class com.google.common.collect.ImmutableMap                                          : loaded 2 times (x 120B)
Class ijJvmDebugger1_6gnha51x1399uf0afb4xb1b8s                                        : loaded 2 times (x 179B)
Class org.gradle.internal.classpath.DefaultClassPath$ImmutableUniqueList$Builder      : loaded 2 times (x 75B)
Class com.google.common.cache.LocalCache                                              : loaded 2 times (x 187B)
Class com.google.common.cache.CacheBuilder$2                                          : loaded 2 times (x 79B)
Class com.google.common.base.CharMatcher$NegatedFastMatcher                           : loaded 2 times (x 113B)
Class com.google.common.collect.ArrayListMultimap                                     : loaded 2 times (x 172B)
Class com.google.common.cache.CacheBuilder$3                                          : loaded 2 times (x 72B)
Class [Lcom.google.common.collect.AbstractMapEntry;                                   : loaded 2 times (x 69B)
Class com.google.common.collect.ImmutableEntry                                        : loaded 2 times (x 82B)
Class org.gradle.api.GradleException                                                  : loaded 2 times (x 82B)
Class com.google.common.collect.CollectPreconditions                                  : loaded 2 times (x 71B)
Class com.google.common.collect.SortedMapDifference                                   : loaded 2 times (x 70B)
Class com.google.common.cache.LocalCache$EntryFactory                                 : loaded 2 times (x 83B)
Class com.google.common.cache.LocalCache$AbstractReferenceEntry                       : loaded 2 times (x 107B)
Class org.gradle.internal.IoActions                                                   : loaded 2 times (x 71B)
Class org.objectweb.asm.SymbolTable                                                   : loaded 2 times (x 72B)
Class com.google.common.cache.CacheLoader$InvalidCacheLoadException                   : loaded 2 times (x 82B)
Class com.google.common.collect.ImmutableSet$RegularSetBuilderImpl                    : loaded 2 times (x 77B)
Class org.gradle.internal.classloader.SystemClassLoaderSpec                           : loaded 2 times (x 71B)
Class com.google.common.cache.LocalCache$StrongEntry                                  : loaded 2 times (x 108B)
Class com.google.common.util.concurrent.AbstractFuture$TrustedFuture                  : loaded 2 times (x 114B)
Class com.google.common.cache.LoadingCache                                            : loaded 2 times (x 70B)
Class org.objectweb.asm.MethodWriter                                                  : loaded 2 times (x 106B)
Class [Lcom.google.common.cache.Weigher;                                              : loaded 2 times (x 69B)
Class com.google.common.collect.RegularImmutableMap$BucketOverflowException           : loaded 2 times (x 82B)
Class com.google.common.collect.RegularImmutableBiMap                                 : loaded 2 times (x 149B)
Class com.google.common.cache.LocalCache$ValueReference                               : loaded 2 times (x 70B)
Class com.google.common.base.CharMatcher$Negated                                      : loaded 2 times (x 113B)
Class com.google.common.base.CharMatcher$Is                                           : loaded 2 times (x 111B)
Class com.google.common.base.PatternCompiler                                          : loaded 2 times (x 70B)
Class com.google.common.util.concurrent.AbstractFuture$Failure                        : loaded 2 times (x 72B)
Class com.google.common.base.Equivalence$Equals                                       : loaded 2 times (x 82B)
Class com.google.common.collect.Hashing                                               : loaded 2 times (x 71B)
Class com.google.common.base.Preconditions                                            : loaded 2 times (x 71B)
Class com.google.common.base.Joiner$1                                                 : loaded 2 times (x 80B)
Class org.objectweb.asm.Label                                                         : loaded 2 times (x 73B)
Class org.objectweb.asm.CurrentFrame                                                  : loaded 2 times (x 73B)
Class org.objectweb.asm.ClassTooLargeException                                        : loaded 2 times (x 83B)
Class com.google.common.base.CharMatcher                                              : loaded 2 times (x 111B)
Class com.google.common.collect.PeekingIterator                                       : loaded 2 times (x 70B)
Class com.google.common.base.Joiner$2                                                 : loaded 2 times (x 79B)
Class org.objectweb.asm.Frame                                                         : loaded 2 times (x 73B)
Class org.objectweb.asm.MethodVisitor                                                 : loaded 2 times (x 105B)
Class com.google.common.cache.LocalCache$EntryFactory$1                               : loaded 2 times (x 83B)
Class [Lcom.google.common.cache.RemovalListener;                                      : loaded 2 times (x 69B)
Class com.google.common.base.CharMatcher$NamedFastMatcher                             : loaded 2 times (x 112B)
Class com.google.common.base.CharMatcher$1                                            : loaded 2 times (x 113B)
Class com.google.common.cache.LocalCache$EntryFactory$2                               : loaded 2 times (x 83B)
Class ijJvmDebugger1_6gnha51x1399uf0afb4xb1b8s$_run_closure1$_closure2                : loaded 2 times (x 140B)
Class org.gradle.api.internal.classpath.GlobalCacheRootsProvider                      : loaded 2 times (x 70B)
Class org.objectweb.asm.ModuleWriter                                                  : loaded 2 times (x 82B)
Class com.google.common.cache.LocalCache$EntryFactory$3                               : loaded 2 times (x 83B)
Class com.google.common.base.Ticker$1                                                 : loaded 2 times (x 72B)
Class com.google.common.collect.Maps$BiMapConverter                                   : loaded 2 times (x 90B)
Class com.google.common.collect.ImmutableMapEntrySet$RegularEntrySet                  : loaded 2 times (x 152B)
Class com.google.common.cache.LocalCache$EntryFactory$4                               : loaded 2 times (x 83B)
Class com.google.common.base.CharMatcher$InRange                                      : loaded 2 times (x 111B)
Class com.google.common.collect.ImmutableSet$Builder                                  : loaded 2 times (x 85B)
Class com.google.common.cache.LocalCache$EntryFactory$5                               : loaded 2 times (x 83B)
Class com.google.common.base.PairwiseEquivalence                                      : loaded 2 times (x 83B)
Class com.google.common.cache.LocalCache$EntryFactory$6                               : loaded 2 times (x 83B)
Class org.gradle.internal.installation.CurrentGradleInstallationLocator               : loaded 2 times (x 71B)
Class com.google.common.collect.Maps$KeySet                                           : loaded 2 times (x 137B)
Class com.google.common.cache.LocalCache$EntryFactory$7                               : loaded 2 times (x 83B)
Class com.google.common.collect.ImmutableSet$EmptySetBuilderImpl                      : loaded 2 times (x 76B)
Class com.google.common.collect.ImmutableList                                         : loaded 2 times (x 206B)
Class org.gradle.internal.service.DefaultServiceLocator                               : loaded 2 times (x 83B)
Class com.google.common.cache.LocalCache$EntryFactory$8                               : loaded 2 times (x 83B)
Class com.google.common.collect.ImmutableSet$SetBuilderImpl                           : loaded 2 times (x 76B)
Class org.gradle.internal.installation.CurrentGradleInstallation                      : loaded 2 times (x 73B)
Class com.google.common.cache.CacheLoader$1                                           : loaded 2 times (x 75B)
Class com.google.common.collect.ImmutableList$SubList                                 : loaded 2 times (x 209B)
Class org.gradle.util.internal.GUtil                                                  : loaded 2 times (x 71B)
Class com.google.common.util.concurrent.AbstractFuture$SetFuture                      : loaded 2 times (x 75B)
Class com.google.common.cache.AbstractCache$StatsCounter                              : loaded 2 times (x 70B)
Class com.google.common.collect.Iterators$MergingIterator                             : loaded 2 times (x 81B)
Class com.google.common.collect.RegularImmutableSet                                   : loaded 2 times (x 149B)
Class org.gradle.internal.installation.GradleInstallation                             : loaded 2 times (x 75B)
Class com.google.common.collect.Iterables                                             : loaded 2 times (x 71B)

---------------  S Y S T E M  ---------------

OS:
 Windows 10 , 64 bit Build 19041 (10.0.19041.3636)
OS uptime: 1 days 14:16 hours
Hyper-V role detected

CPU: total 8 (initial active 8) (4 cores per cpu, 2 threads per core) family 6 model 142 stepping 10 microcode 0xf4, cx8, cmov, fxsr, ht, mmx, 3dnowpref, sse, sse2, sse3, ssse3, sse4.1, sse4.2, popcnt, lzcnt, tsc, tscinvbit, avx, avx2, aes, erms, clmul, bmi1, bmi2, rtm, adx, fma, vzeroupper, clflush, clflushopt, hv, rdtscp, f16c
Processor Information for the first 8 processors :
  Max Mhz: 2112, Current Mhz: 1910, Mhz Limit: 1900

Memory: 4k page, system-wide physical 8070M (439M free)
TotalPageFile size 15190M (AvailPageFile size 44M)
current process WorkingSet (physical memory assigned to process): 404M, peak: 409M
current process commit charge ("private bytes"): 484M, peak: 509M

vm_info: OpenJDK 64-Bit Server VM (21.0.8+-14196175-b1038.72) for windows-amd64 JRE (21.0.8+-14196175-b1038.72), built on 2025-10-01T10:24:33Z by "builder" with MS VC++ 16.10 / 16.11 (VS2019)

END.
