#
# There is insufficient memory for the Java Runtime Environment to continue.
# Native memory allocation (malloc) failed to allocate 1129232 bytes. Error detail: Chunk::new
# Possible reasons:
#   The system is out of physical RAM or swap space
#   This process is running with CompressedOops enabled, and the Java Heap may be blocking the growth of the native heap
# Possible solutions:
#   Reduce memory load on the system
#   Increase physical memory or swap space
#   Check if swap backing store is full
#   Decrease Java heap size (-Xmx/-Xms)
#   Decrease number of Java threads
#   Decrease Java thread stack sizes (-Xss)
#   Set larger code cache with -XX:ReservedCodeCacheSize=
#   JVM is running with Unscaled Compressed Oops mode in which the Java heap is
#     placed in the first 4GB address space. The Java Heap base address is the
#     maximum limit for the native heap growth. Please use -XX:HeapBaseMinAddress
#     to set the Java Heap base and to place the Java Heap above 4GB virtual address.
# This output file may be truncated or incomplete.
#
#  Out of Memory Error (arena.cpp:168), pid=13156, tid=10964
#
# JRE version: OpenJDK Runtime Environment (21.0.8) (build 21.0.8+-14196175-b1038.72)
# Java VM: OpenJDK 64-Bit Server VM (21.0.8+-14196175-b1038.72, mixed mode, tiered, compressed oops, compressed class ptrs, g1 gc, windows-amd64)
# No core dump will be written. Minidumps are not enabled by default on client versions of Windows
#

---------------  S U M M A R Y ------------

Command Line: --add-opens=java.base/java.lang=ALL-UNNAMED --add-opens=java.base/java.lang.invoke=ALL-UNNAMED --add-opens=java.base/java.util=ALL-UNNAMED --add-opens=java.prefs/java.util.prefs=ALL-UNNAMED --add-exports=jdk.compiler/com.sun.tools.javac.api=ALL-UNNAMED --add-exports=jdk.compiler/com.sun.tools.javac.util=ALL-UNNAMED --add-opens=java.base/java.util=ALL-UNNAMED --add-opens=java.prefs/java.util.prefs=ALL-UNNAMED --add-opens=java.base/java.nio.charset=ALL-UNNAMED --add-opens=java.base/java.net=ALL-UNNAMED --add-opens=java.base/java.util.concurrent.atomic=ALL-UNNAMED --add-opens=java.xml/javax.xml.namespace=ALL-UNNAMED -Xmx2048m -Dfile.encoding=UTF-8 -Duser.country=US -Duser.language=en -Duser.variant -javaagent:C:\Users\Admin\.gradle\wrapper\dists\gradle-8.13-bin\5xuhj0ry160q40clulazy9h7d\gradle-8.13\lib\agents\gradle-instrumentation-agent-8.13.jar org.gradle.launcher.daemon.bootstrap.GradleDaemon 8.13

Host: Intel(R) Core(TM) i7-8650U CPU @ 1.90GHz, 8 cores, 7G,  Windows 10 , 64 bit Build 19041 (10.0.19041.3636)
Time: Sun Apr 26 21:39:28 2026 SE Asia Standard Time elapsed time: 29.246006 seconds (0d 0h 0m 29s)

---------------  T H R E A D  ---------------

Current thread (0x00000296ffc576d0):  JavaThread "C2 CompilerThread0" daemon [_thread_in_native, id=10964, stack(0x000000d03d100000,0x000000d03d200000) (1024K)]


Current CompileTask:
C2:29246 9293   !   4       com.google.common.reflect.TypeVisitor::visit (225 bytes)

Stack: [0x000000d03d100000,0x000000d03d200000]
Native frames: (J=compiled Java code, j=interpreted, Vv=VM code, C=native code)
V  [jvm.dll+0x6d68d9]
V  [jvm.dll+0x866693]
V  [jvm.dll+0x868c4e]
V  [jvm.dll+0x869333]
V  [jvm.dll+0x280566]
V  [jvm.dll+0xc07cd]
V  [jvm.dll+0xc0d03]
V  [jvm.dll+0x3b961b]
V  [jvm.dll+0x385507]
V  [jvm.dll+0x38497a]
V  [jvm.dll+0x249252]
V  [jvm.dll+0x248821]
V  [jvm.dll+0x1c73a4]
V  [jvm.dll+0x257f9e]
V  [jvm.dll+0x2564e6]
V  [jvm.dll+0x3f4696]
V  [jvm.dll+0x80eac8]
V  [jvm.dll+0x6d512d]
C  [ucrtbase.dll+0x21bb2]
C  [KERNEL32.DLL+0x17344]
C  [ntdll.dll+0x526b1]


---------------  P R O C E S S  ---------------

Threads class SMR info:
_java_thread_list=0x000002968d2a2160, length=79, elements={
0x00000296ec399b90, 0x00000296ffc43b60, 0x00000296ffc6ae60, 0x00000296ffc6b4d0,
0x00000296ffc6bf30, 0x00000296ffc53860, 0x00000296ffc53ed0, 0x00000296ffc54930,
0x00000296ffc576d0, 0x00000296ffc59470, 0x0000029688054380, 0x00000296ffe6afd0,
0x00000296ffdfa9b0, 0x0000029689a9b040, 0x0000029688395620, 0x000002968822c3f0,
0x0000029689879bc0, 0x0000029689878ea0, 0x000002968987bc90, 0x000002968987b600,
0x000002968987a8e0, 0x0000029689879530, 0x000002968987a250, 0x000002968987af70,
0x000002968bc71920, 0x000002968bc70570, 0x000002968bc70c00, 0x000002968bc71290,
0x000002968bc74080, 0x000002968bc6f850, 0x000002968bc6f1c0, 0x000002968bc74710,
0x000002968bc6e4a0, 0x000002968bc71fb0, 0x000002968bc6d780, 0x000002968bc74da0,
0x000002968bc72cd0, 0x000002968bc73360, 0x000002968b873500, 0x000002968b871ac0,
0x000002968b872150, 0x000002968b8727e0, 0x000002968b875c60, 0x000002968b872e70,
0x000002968b873b90, 0x000002968b86f360, 0x000002968b86ecd0, 0x000002968b874220,
0x000002968b86f9f0, 0x000002968b870080, 0x000002968b870710, 0x000002968b871430,
0x000002968b8748b0, 0x000002968b8762f0, 0x000002968b870da0, 0x000002968a59bd80,
0x000002968a59b060, 0x000002968a59eb70, 0x000002968a599620, 0x000002968a599cb0,
0x000002968a59b6f0, 0x000002968a59e4e0, 0x000002968a59caa0, 0x000002968a598f90,
0x000002968a59de50, 0x000002968a59a9d0, 0x000002968a59d130, 0x000002968a59d7c0,
0x000002968a59c410, 0x000002968a59f200, 0x000002968a5a05b0, 0x000002968a59f890,
0x000002968a59a340, 0x000002968a3c2fa0, 0x000002968a3c2910, 0x000002968a3c5700,
0x000002968a3c3630, 0x000002968bc47da0, 0x000002968a3c3cc0
}

Java Threads: ( => current thread )
  0x00000296ec399b90 JavaThread "main"                              [_thread_blocked, id=11488, stack(0x000000d03c200000,0x000000d03c300000) (1024K)]
  0x00000296ffc43b60 JavaThread "Common-Cleaner"             daemon [_thread_blocked, id=14932, stack(0x000000d03ca00000,0x000000d03cb00000) (1024K)]
  0x00000296ffc6ae60 JavaThread "Reference Handler"          daemon [_thread_blocked, id=11448, stack(0x000000d03cb00000,0x000000d03cc00000) (1024K)]
  0x00000296ffc6b4d0 JavaThread "Finalizer"                  daemon [_thread_blocked, id=11840, stack(0x000000d03cc00000,0x000000d03cd00000) (1024K)]
  0x00000296ffc6bf30 JavaThread "Signal Dispatcher"          daemon [_thread_blocked, id=16980, stack(0x000000d03cd00000,0x000000d03ce00000) (1024K)]
  0x00000296ffc53860 JavaThread "Attach Listener"            daemon [_thread_blocked, id=2976, stack(0x000000d03ce00000,0x000000d03cf00000) (1024K)]
  0x00000296ffc53ed0 JavaThread "Service Thread"             daemon [_thread_blocked, id=14540, stack(0x000000d03cf00000,0x000000d03d000000) (1024K)]
  0x00000296ffc54930 JavaThread "Monitor Deflation Thread"   daemon [_thread_blocked, id=12484, stack(0x000000d03d000000,0x000000d03d100000) (1024K)]
=>0x00000296ffc576d0 JavaThread "C2 CompilerThread0"         daemon [_thread_in_native, id=10964, stack(0x000000d03d100000,0x000000d03d200000) (1024K)]
  0x00000296ffc59470 JavaThread "C1 CompilerThread0"         daemon [_thread_blocked, id=8616, stack(0x000000d03d200000,0x000000d03d300000) (1024K)]
  0x0000029688054380 JavaThread "Notification Thread"        daemon [_thread_blocked, id=8536, stack(0x000000d03d300000,0x000000d03d400000) (1024K)]
  0x00000296ffe6afd0 JavaThread "Daemon health stats"               [_thread_blocked, id=13112, stack(0x000000d03d900000,0x000000d03da00000) (1024K)]
  0x00000296ffdfa9b0 JavaThread "Incoming local TCP Connector on port 52366"        [_thread_in_native, id=8228, stack(0x000000d03da00000,0x000000d03db00000) (1024K)]
  0x0000029689a9b040 JavaThread "Daemon periodic checks"            [_thread_blocked, id=2744, stack(0x000000d03db00000,0x000000d03dc00000) (1024K)]
  0x0000029688395620 JavaThread "Daemon"                            [_thread_blocked, id=10108, stack(0x000000d03dc00000,0x000000d03dd00000) (1024K)]
  0x000002968822c3f0 JavaThread "Handler for socket connection from /127.0.0.1:52366 to /127.0.0.1:52367"        [_thread_in_native, id=8672, stack(0x000000d03dd00000,0x000000d03de00000) (1024K)]
  0x0000029689879bc0 JavaThread "Cancel handler"                    [_thread_blocked, id=4988, stack(0x000000d03de00000,0x000000d03df00000) (1024K)]
  0x0000029689878ea0 JavaThread "Daemon worker"                     [_thread_in_vm, id=10612, stack(0x000000d03df00000,0x000000d03e000000) (1024K)]
  0x000002968987bc90 JavaThread "Asynchronous log dispatcher for DefaultDaemonConnection: socket connection from /127.0.0.1:52366 to /127.0.0.1:52367"        [_thread_blocked, id=13704, stack(0x000000d03e000000,0x000000d03e100000) (1024K)]
  0x000002968987b600 JavaThread "Stdin handler"                     [_thread_blocked, id=15576, stack(0x000000d03e100000,0x000000d03e200000) (1024K)]
  0x000002968987a8e0 JavaThread "Daemon client event forwarder"        [_thread_blocked, id=15392, stack(0x000000d03e200000,0x000000d03e300000) (1024K)]
  0x0000029689879530 JavaThread "Cache worker for journal cache (C:\Users\Admin\.gradle\caches\journal-1)"        [_thread_blocked, id=516, stack(0x000000d03e600000,0x000000d03e700000) (1024K)]
  0x000002968987a250 JavaThread "File lock request listener"        [_thread_in_native, id=18084, stack(0x000000d03e700000,0x000000d03e800000) (1024K)]
  0x000002968987af70 JavaThread "Cache worker for file hash cache (C:\Users\Admin\.gradle\caches\8.13\fileHashes)"        [_thread_blocked, id=14232, stack(0x000000d03e800000,0x000000d03e900000) (1024K)]
  0x000002968bc71920 JavaThread "Cache worker for file hash cache (D:\BtapNhomAndroid\CineStonksTun\.gradle\8.13\fileHashes)"        [_thread_blocked, id=16144, stack(0x000000d03ea00000,0x000000d03eb00000) (1024K)]
  0x000002968bc70570 JavaThread "Cache worker for Build Output Cleanup Cache (D:\BtapNhomAndroid\CineStonksTun\.gradle\buildOutputCleanup)"        [_thread_blocked, id=12416, stack(0x000000d03eb00000,0x000000d03ec00000) (1024K)]
  0x000002968bc70c00 JavaThread "File watcher server"        daemon [_thread_in_native, id=6944, stack(0x000000d03ec00000,0x000000d03ed00000) (1024K)]
  0x000002968bc71290 JavaThread "File watcher consumer"      daemon [_thread_blocked, id=18128, stack(0x000000d03ed00000,0x000000d03ee00000) (1024K)]
  0x000002968bc74080 JavaThread "jar transforms"                    [_thread_blocked, id=2580, stack(0x000000d03ee00000,0x000000d03ef00000) (1024K)]
  0x000002968bc6f850 JavaThread "jar transforms Thread 2"           [_thread_blocked, id=8744, stack(0x000000d03ef00000,0x000000d03f000000) (1024K)]
  0x000002968bc6f1c0 JavaThread "Cache worker for checksums cache (D:\BtapNhomAndroid\CineStonksTun\.gradle\8.13\checksums)"        [_thread_blocked, id=1296, stack(0x000000d03e900000,0x000000d03ea00000) (1024K)]
  0x000002968bc74710 JavaThread "Cache worker for file content cache (C:\Users\Admin\.gradle\caches\8.13\fileContent)"        [_thread_blocked, id=12428, stack(0x000000d03f000000,0x000000d03f100000) (1024K)]
  0x000002968bc6e4a0 JavaThread "jar transforms Thread 3"           [_thread_blocked, id=13304, stack(0x000000d03f100000,0x000000d03f200000) (1024K)]
  0x000002968bc71fb0 JavaThread "Cache worker for cache directory md-supplier (C:\Users\Admin\.gradle\caches\8.13\md-supplier)"        [_thread_blocked, id=12400, stack(0x000000d03f200000,0x000000d03f300000) (1024K)]
  0x000002968bc6d780 JavaThread "Cache worker for cache directory md-rule (C:\Users\Admin\.gradle\caches\8.13\md-rule)"        [_thread_blocked, id=2952, stack(0x000000d03f400000,0x000000d03f500000) (1024K)]
  0x000002968bc74da0 JavaThread "Unconstrained build operations"        [_thread_blocked, id=18320, stack(0x000000d03f500000,0x000000d03f600000) (1024K)]
  0x000002968bc72cd0 JavaThread "Unconstrained build operations Thread 2"        [_thread_blocked, id=3360, stack(0x000000d03f600000,0x000000d03f700000) (1024K)]
  0x000002968bc73360 JavaThread "Unconstrained build operations Thread 3"        [_thread_blocked, id=3188, stack(0x000000d03f700000,0x000000d03f800000) (1024K)]
  0x000002968b873500 JavaThread "Unconstrained build operations Thread 4"        [_thread_blocked, id=14924, stack(0x000000d03f800000,0x000000d03f900000) (1024K)]
  0x000002968b871ac0 JavaThread "Unconstrained build operations Thread 5"        [_thread_blocked, id=9320, stack(0x000000d03f900000,0x000000d03fa00000) (1024K)]
  0x000002968b872150 JavaThread "Unconstrained build operations Thread 6"        [_thread_blocked, id=3876, stack(0x000000d03fa00000,0x000000d03fb00000) (1024K)]
  0x000002968b8727e0 JavaThread "Unconstrained build operations Thread 7"        [_thread_blocked, id=9328, stack(0x000000d03fb00000,0x000000d03fc00000) (1024K)]
  0x000002968b875c60 JavaThread "Unconstrained build operations Thread 8"        [_thread_blocked, id=2904, stack(0x000000d03fc00000,0x000000d03fd00000) (1024K)]
  0x000002968b872e70 JavaThread "Unconstrained build operations Thread 9"        [_thread_blocked, id=3112, stack(0x000000d03fd00000,0x000000d03fe00000) (1024K)]
  0x000002968b873b90 JavaThread "Unconstrained build operations Thread 10"        [_thread_blocked, id=16364, stack(0x000000d03fe00000,0x000000d03ff00000) (1024K)]
  0x000002968b86f360 JavaThread "jar transforms Thread 4"           [_thread_blocked, id=12256, stack(0x000000d03ff00000,0x000000d040000000) (1024K)]
  0x000002968b86ecd0 JavaThread "jar transforms Thread 5"           [_thread_blocked, id=15484, stack(0x000000d040000000,0x000000d040100000) (1024K)]
  0x000002968b874220 JavaThread "Unconstrained build operations Thread 11"        [_thread_blocked, id=11904, stack(0x000000d040100000,0x000000d040200000) (1024K)]
  0x000002968b86f9f0 JavaThread "Unconstrained build operations Thread 12"        [_thread_blocked, id=15156, stack(0x000000d040200000,0x000000d040300000) (1024K)]
  0x000002968b870080 JavaThread "Unconstrained build operations Thread 13"        [_thread_blocked, id=16472, stack(0x000000d040300000,0x000000d040400000) (1024K)]
  0x000002968b870710 JavaThread "Unconstrained build operations Thread 14"        [_thread_blocked, id=6360, stack(0x000000d040400000,0x000000d040500000) (1024K)]
  0x000002968b871430 JavaThread "Unconstrained build operations Thread 15"        [_thread_blocked, id=17724, stack(0x000000d040500000,0x000000d040600000) (1024K)]
  0x000002968b8748b0 JavaThread "jar transforms Thread 6"           [_thread_blocked, id=1584, stack(0x000000d040600000,0x000000d040700000) (1024K)]
  0x000002968b8762f0 JavaThread "jar transforms Thread 7"           [_thread_blocked, id=16584, stack(0x000000d040700000,0x000000d040800000) (1024K)]
  0x000002968b870da0 JavaThread "jar transforms Thread 8"           [_thread_blocked, id=15128, stack(0x000000d040800000,0x000000d040900000) (1024K)]
  0x000002968a59bd80 JavaThread "Unconstrained build operations Thread 16"        [_thread_blocked, id=13308, stack(0x000000d03f300000,0x000000d03f400000) (1024K)]
  0x000002968a59b060 JavaThread "Unconstrained build operations Thread 17"        [_thread_blocked, id=15516, stack(0x000000d040900000,0x000000d040a00000) (1024K)]
  0x000002968a59eb70 JavaThread "Unconstrained build operations Thread 18"        [_thread_blocked, id=11980, stack(0x000000d040a00000,0x000000d040b00000) (1024K)]
  0x000002968a599620 JavaThread "Unconstrained build operations Thread 19"        [_thread_blocked, id=14928, stack(0x000000d040b00000,0x000000d040c00000) (1024K)]
  0x000002968a599cb0 JavaThread "Unconstrained build operations Thread 20"        [_thread_blocked, id=16512, stack(0x000000d040c00000,0x000000d040d00000) (1024K)]
  0x000002968a59b6f0 JavaThread "Unconstrained build operations Thread 21"        [_thread_blocked, id=5340, stack(0x000000d040d00000,0x000000d040e00000) (1024K)]
  0x000002968a59e4e0 JavaThread "Unconstrained build operations Thread 22"        [_thread_blocked, id=6488, stack(0x000000d040e00000,0x000000d040f00000) (1024K)]
  0x000002968a59caa0 JavaThread "Unconstrained build operations Thread 23"        [_thread_blocked, id=16348, stack(0x000000d041000000,0x000000d041100000) (1024K)]
  0x000002968a598f90 JavaThread "Unconstrained build operations Thread 24"        [_thread_blocked, id=6256, stack(0x000000d041100000,0x000000d041200000) (1024K)]
  0x000002968a59de50 JavaThread "Unconstrained build operations Thread 25"        [_thread_blocked, id=16040, stack(0x000000d041200000,0x000000d041300000) (1024K)]
  0x000002968a59a9d0 JavaThread "Unconstrained build operations Thread 26"        [_thread_blocked, id=14008, stack(0x000000d041300000,0x000000d041400000) (1024K)]
  0x000002968a59d130 JavaThread "Unconstrained build operations Thread 27"        [_thread_blocked, id=7032, stack(0x000000d041400000,0x000000d041500000) (1024K)]
  0x000002968a59d7c0 JavaThread "Unconstrained build operations Thread 28"        [_thread_blocked, id=1676, stack(0x000000d041500000,0x000000d041600000) (1024K)]
  0x000002968a59c410 JavaThread "Unconstrained build operations Thread 29"        [_thread_blocked, id=9576, stack(0x000000d041600000,0x000000d041700000) (1024K)]
  0x000002968a59f200 JavaThread "Unconstrained build operations Thread 30"        [_thread_blocked, id=1668, stack(0x000000d041700000,0x000000d041800000) (1024K)]
  0x000002968a5a05b0 JavaThread "Unconstrained build operations Thread 31"        [_thread_blocked, id=17980, stack(0x000000d041800000,0x000000d041900000) (1024K)]
  0x000002968a59f890 JavaThread "Unconstrained build operations Thread 32"        [_thread_blocked, id=5172, stack(0x000000d041900000,0x000000d041a00000) (1024K)]
  0x000002968a59a340 JavaThread "Unconstrained build operations Thread 33"        [_thread_blocked, id=10072, stack(0x000000d041a00000,0x000000d041b00000) (1024K)]
  0x000002968a3c2fa0 JavaThread "Unconstrained build operations Thread 34"        [_thread_blocked, id=13180, stack(0x000000d041b00000,0x000000d041c00000) (1024K)]
  0x000002968a3c2910 JavaThread "Unconstrained build operations Thread 35"        [_thread_blocked, id=9020, stack(0x000000d041c00000,0x000000d041d00000) (1024K)]
  0x000002968a3c5700 JavaThread "Unconstrained build operations Thread 36"        [_thread_blocked, id=3392, stack(0x000000d041d00000,0x000000d041e00000) (1024K)]
  0x000002968a3c3630 JavaThread "build event listener"              [_thread_blocked, id=4720, stack(0x000000d041e00000,0x000000d041f00000) (1024K)]
  0x000002968bc47da0 JavaThread "C2 CompilerThread1"         daemon [_thread_in_native, id=10064, stack(0x000000d040f00000,0x000000d041000000) (1024K)]
  0x000002968a3c3cc0 JavaThread "Memory manager"                    [_thread_blocked, id=3140, stack(0x000000d041f00000,0x000000d042000000) (1024K)]
Total: 79

Other Threads:
  0x00000296ffbf8520 VMThread "VM Thread"                           [id=1464, stack(0x000000d03c900000,0x000000d03ca00000) (1024K)]
  0x00000296ffa2af30 WatcherThread "VM Periodic Task Thread"        [id=4944, stack(0x000000d03c800000,0x000000d03c900000) (1024K)]
  0x00000296ec3f04b0 WorkerThread "GC Thread#0"                     [id=12872, stack(0x000000d03c300000,0x000000d03c400000) (1024K)]
  0x00000296883f0910 WorkerThread "GC Thread#1"                     [id=13384, stack(0x000000d03d400000,0x000000d03d500000) (1024K)]
  0x00000296881bf200 WorkerThread "GC Thread#2"                     [id=2376, stack(0x000000d03d500000,0x000000d03d600000) (1024K)]
  0x00000296881d3ec0 WorkerThread "GC Thread#3"                     [id=17084, stack(0x000000d03d600000,0x000000d03d700000) (1024K)]
  0x0000029688d73210 WorkerThread "GC Thread#4"                     [id=10572, stack(0x000000d03d700000,0x000000d03d800000) (1024K)]
  0x00000296897e2cd0 WorkerThread "GC Thread#5"                     [id=11008, stack(0x000000d03d800000,0x000000d03d900000) (1024K)]
  0x00000296899ed4e0 WorkerThread "GC Thread#6"                     [id=16560, stack(0x000000d03e300000,0x000000d03e400000) (1024K)]
  0x00000296899ff4d0 WorkerThread "GC Thread#7"                     [id=12676, stack(0x000000d03e400000,0x000000d03e500000) (1024K)]
  0x00000296ec4013a0 ConcurrentGCThread "G1 Main Marker"            [id=17696, stack(0x000000d03c400000,0x000000d03c500000) (1024K)]
  0x00000296ec402dc0 WorkerThread "G1 Conc#0"                       [id=4492, stack(0x000000d03c500000,0x000000d03c600000) (1024K)]
  0x00000296899fed90 WorkerThread "G1 Conc#1"                       [id=7872, stack(0x000000d03e500000,0x000000d03e600000) (1024K)]
  0x00000296ff8f0140 ConcurrentGCThread "G1 Refine#0"               [id=6828, stack(0x000000d03c600000,0x000000d03c700000) (1024K)]
  0x00000296ff8f1260 ConcurrentGCThread "G1 Service"                [id=8692, stack(0x000000d03c700000,0x000000d03c800000) (1024K)]
Total: 15

Threads with active compile tasks:
C2 CompilerThread0  29303 9293   !   4       com.google.common.reflect.TypeVisitor::visit (225 bytes)
C2 CompilerThread1  29303 9271 %     4       org.gradle.internal.instantiation.generator.AbstractClassGenerator::inspectType @ 107 (602 bytes)
Total: 2

VM state: not at safepoint (normal execution)

VM Mutex/Monitor currently owned by a thread: None

Heap address: 0x0000000080000000, size: 2048 MB, Compressed Oops mode: 32-bit

CDS archive(s) not mapped
Compressed class space mapped at: 0x0000000100000000-0x0000000140000000, reserved size: 1073741824
Narrow klass base: 0x0000000000000000, Narrow klass shift: 3, Narrow klass range: 0x140000000

GC Precious Log:
 CardTable entry size: 512
 Card Set container configuration: InlinePtr #cards 5 size 8 Array Of Cards #cards 12 size 40 Howl #buckets 4 coarsen threshold 1843 Howl Bitmap #cards 512 size 80 coarsen threshold 460 Card regions per heap region 1 cards per card region 2048
 CPUs: 8 total, 8 available
 Memory: 8070M
 Large Page Support: Disabled
 NUMA Support: Disabled
 Compressed Oops: Enabled (32-bit)
 Heap Region Size: 1M
 Heap Min Capacity: 8M
 Heap Initial Capacity: 128M
 Heap Max Capacity: 2G
 Pre-touch: Disabled
 Parallel Workers: 8
 Concurrent Workers: 2
 Concurrent Refinement Workers: 8
 Periodic GC: Disabled

Heap:
 garbage-first heap   total 119808K, used 81115K [0x0000000080000000, 0x0000000100000000)
  region size 1024K, 14 young (14336K), 3 survivors (3072K)
 Metaspace       used 82398K, committed 84288K, reserved 1179648K
  class space    used 11492K, committed 12416K, reserved 1048576K

Heap Regions: E=young(eden), S=young(survivor), O=old, HS=humongous(starts), HC=humongous(continues), CS=collection set, F=free, TAMS=top-at-mark-start, PB=parsable bottom
|   0|0x0000000080000000, 0x0000000080100000, 0x0000000080100000|100%|HS|  |TAMS 0x0000000080000000| PB 0x0000000080000000| Complete 
|   1|0x0000000080100000, 0x0000000080200000, 0x0000000080200000|100%|HC|  |TAMS 0x0000000080100000| PB 0x0000000080100000| Complete 
|   2|0x0000000080200000, 0x0000000080300000, 0x0000000080300000|100%|HC|  |TAMS 0x0000000080200000| PB 0x0000000080200000| Complete 
|   3|0x0000000080300000, 0x0000000080400000, 0x0000000080400000|100%| O|  |TAMS 0x0000000080300000| PB 0x0000000080300000| Untracked 
|   4|0x0000000080400000, 0x0000000080500000, 0x0000000080500000|100%| O|  |TAMS 0x0000000080400000| PB 0x0000000080400000| Untracked 
|   5|0x0000000080500000, 0x0000000080600000, 0x0000000080600000|100%| O|  |TAMS 0x0000000080500000| PB 0x0000000080500000| Untracked 
|   6|0x0000000080600000, 0x0000000080700000, 0x0000000080700000|100%|HS|  |TAMS 0x0000000080600000| PB 0x0000000080600000| Complete 
|   7|0x0000000080700000, 0x0000000080800000, 0x0000000080800000|100%| O|  |TAMS 0x0000000080700000| PB 0x0000000080700000| Untracked 
|   8|0x0000000080800000, 0x0000000080900000, 0x0000000080900000|100%| O|  |TAMS 0x0000000080800000| PB 0x0000000080800000| Untracked 
|   9|0x0000000080900000, 0x0000000080a00000, 0x0000000080a00000|100%| O|  |TAMS 0x0000000080900000| PB 0x0000000080900000| Untracked 
|  10|0x0000000080a00000, 0x0000000080b00000, 0x0000000080b00000|100%| O|  |TAMS 0x0000000080a00000| PB 0x0000000080a00000| Untracked 
|  11|0x0000000080b00000, 0x0000000080c00000, 0x0000000080c00000|100%| O|  |TAMS 0x0000000080b00000| PB 0x0000000080b00000| Untracked 
|  12|0x0000000080c00000, 0x0000000080d00000, 0x0000000080d00000|100%| O|  |TAMS 0x0000000080c00000| PB 0x0000000080c00000| Untracked 
|  13|0x0000000080d00000, 0x0000000080e00000, 0x0000000080e00000|100%| O|  |TAMS 0x0000000080d00000| PB 0x0000000080d00000| Untracked 
|  14|0x0000000080e00000, 0x0000000080f00000, 0x0000000080f00000|100%| O|  |TAMS 0x0000000080e00000| PB 0x0000000080e00000| Untracked 
|  15|0x0000000080f00000, 0x0000000081000000, 0x0000000081000000|100%| O|  |TAMS 0x0000000080f00000| PB 0x0000000080f00000| Untracked 
|  16|0x0000000081000000, 0x0000000081100000, 0x0000000081100000|100%| O|  |TAMS 0x0000000081000000| PB 0x0000000081000000| Untracked 
|  17|0x0000000081100000, 0x0000000081200000, 0x0000000081200000|100%| O|  |TAMS 0x0000000081100000| PB 0x0000000081100000| Untracked 
|  18|0x0000000081200000, 0x0000000081300000, 0x0000000081300000|100%| O|  |TAMS 0x0000000081200000| PB 0x0000000081200000| Untracked 
|  19|0x0000000081300000, 0x0000000081400000, 0x0000000081400000|100%| O|  |TAMS 0x0000000081300000| PB 0x0000000081300000| Untracked 
|  20|0x0000000081400000, 0x0000000081500000, 0x0000000081500000|100%| O|  |TAMS 0x0000000081400000| PB 0x0000000081400000| Untracked 
|  21|0x0000000081500000, 0x0000000081600000, 0x0000000081600000|100%| O|  |TAMS 0x0000000081500000| PB 0x0000000081500000| Untracked 
|  22|0x0000000081600000, 0x0000000081700000, 0x0000000081700000|100%| O|  |TAMS 0x0000000081600000| PB 0x0000000081600000| Untracked 
|  23|0x0000000081700000, 0x0000000081800000, 0x0000000081800000|100%| O|  |TAMS 0x0000000081700000| PB 0x0000000081700000| Untracked 
|  24|0x0000000081800000, 0x0000000081900000, 0x0000000081900000|100%| O|  |TAMS 0x0000000081800000| PB 0x0000000081800000| Untracked 
|  25|0x0000000081900000, 0x0000000081a00000, 0x0000000081a00000|100%| O|  |TAMS 0x0000000081900000| PB 0x0000000081900000| Untracked 
|  26|0x0000000081a00000, 0x0000000081b00000, 0x0000000081b00000|100%| O|  |TAMS 0x0000000081a00000| PB 0x0000000081a00000| Untracked 
|  27|0x0000000081b00000, 0x0000000081c00000, 0x0000000081c00000|100%| O|  |TAMS 0x0000000081b00000| PB 0x0000000081b00000| Untracked 
|  28|0x0000000081c00000, 0x0000000081d00000, 0x0000000081d00000|100%| O|  |TAMS 0x0000000081c00000| PB 0x0000000081c00000| Untracked 
|  29|0x0000000081d00000, 0x0000000081e00000, 0x0000000081e00000|100%| O|  |TAMS 0x0000000081d00000| PB 0x0000000081d00000| Untracked 
|  30|0x0000000081e00000, 0x0000000081f00000, 0x0000000081f00000|100%| O|  |TAMS 0x0000000081e00000| PB 0x0000000081e00000| Untracked 
|  31|0x0000000081f00000, 0x0000000082000000, 0x0000000082000000|100%| O|  |TAMS 0x0000000081f00000| PB 0x0000000081f00000| Untracked 
|  32|0x0000000082000000, 0x0000000082100000, 0x0000000082100000|100%| O|  |TAMS 0x0000000082000000| PB 0x0000000082000000| Untracked 
|  33|0x0000000082100000, 0x0000000082200000, 0x0000000082200000|100%| O|  |TAMS 0x0000000082100000| PB 0x0000000082100000| Untracked 
|  34|0x0000000082200000, 0x0000000082300000, 0x0000000082300000|100%|HS|  |TAMS 0x0000000082200000| PB 0x0000000082200000| Complete 
|  35|0x0000000082300000, 0x0000000082400000, 0x0000000082400000|100%|HC|  |TAMS 0x0000000082300000| PB 0x0000000082300000| Complete 
|  36|0x0000000082400000, 0x0000000082500000, 0x0000000082500000|100%| O|  |TAMS 0x0000000082400000| PB 0x0000000082400000| Untracked 
|  37|0x0000000082500000, 0x0000000082600000, 0x0000000082600000|100%| O|  |TAMS 0x0000000082500000| PB 0x0000000082500000| Untracked 
|  38|0x0000000082600000, 0x0000000082700000, 0x0000000082700000|100%| O|  |TAMS 0x0000000082600000| PB 0x0000000082600000| Untracked 
|  39|0x0000000082700000, 0x0000000082700000, 0x0000000082800000|  0%| F|  |TAMS 0x0000000082700000| PB 0x0000000082700000| Untracked 
|  40|0x0000000082800000, 0x0000000082900000, 0x0000000082900000|100%| O|  |TAMS 0x0000000082800000| PB 0x0000000082800000| Untracked 
|  41|0x0000000082900000, 0x0000000082a00000, 0x0000000082a00000|100%| O|Cm|TAMS 0x0000000082900000| PB 0x0000000082900000| Complete 
|  42|0x0000000082a00000, 0x0000000082b00000, 0x0000000082b00000|100%| O|  |TAMS 0x0000000082a00000| PB 0x0000000082a00000| Untracked 
|  43|0x0000000082b00000, 0x0000000082c00000, 0x0000000082c00000|100%| O|Cm|TAMS 0x0000000082b00000| PB 0x0000000082b00000| Complete 
|  44|0x0000000082c00000, 0x0000000082d00000, 0x0000000082d00000|100%|HS|  |TAMS 0x0000000082c00000| PB 0x0000000082c00000| Complete 
|  45|0x0000000082d00000, 0x0000000082e00000, 0x0000000082e00000|100%| O|  |TAMS 0x0000000082d00000| PB 0x0000000082d00000| Untracked 
|  46|0x0000000082e00000, 0x0000000082f00000, 0x0000000082f00000|100%| O|  |TAMS 0x0000000082e00000| PB 0x0000000082e00000| Untracked 
|  47|0x0000000082f00000, 0x0000000083000000, 0x0000000083000000|100%| O|  |TAMS 0x0000000082f00000| PB 0x0000000082f00000| Untracked 
|  48|0x0000000083000000, 0x0000000083100000, 0x0000000083100000|100%|HS|  |TAMS 0x0000000083000000| PB 0x0000000083000000| Complete 
|  49|0x0000000083100000, 0x0000000083200000, 0x0000000083200000|100%|HS|  |TAMS 0x0000000083100000| PB 0x0000000083100000| Complete 
|  50|0x0000000083200000, 0x0000000083300000, 0x0000000083300000|100%| O|  |TAMS 0x0000000083200000| PB 0x0000000083200000| Untracked 
|  51|0x0000000083300000, 0x0000000083400000, 0x0000000083400000|100%| O|  |TAMS 0x0000000083300000| PB 0x0000000083300000| Untracked 
|  52|0x0000000083400000, 0x0000000083500000, 0x0000000083500000|100%| O|  |TAMS 0x0000000083400000| PB 0x0000000083400000| Untracked 
|  53|0x0000000083500000, 0x0000000083500000, 0x0000000083600000|  0%| F|  |TAMS 0x0000000083500000| PB 0x0000000083500000| Untracked 
|  54|0x0000000083600000, 0x0000000083700000, 0x0000000083700000|100%|HS|  |TAMS 0x0000000083600000| PB 0x0000000083600000| Complete 
|  55|0x0000000083700000, 0x0000000083800000, 0x0000000083800000|100%|HS|  |TAMS 0x0000000083700000| PB 0x0000000083700000| Complete 
|  56|0x0000000083800000, 0x0000000083900000, 0x0000000083900000|100%|HS|  |TAMS 0x0000000083800000| PB 0x0000000083800000| Complete 
|  57|0x0000000083900000, 0x0000000083900000, 0x0000000083a00000|  0%| F|  |TAMS 0x0000000083900000| PB 0x0000000083900000| Untracked 
|  58|0x0000000083a00000, 0x0000000083a00000, 0x0000000083b00000|  0%| F|  |TAMS 0x0000000083a00000| PB 0x0000000083a00000| Untracked 
|  59|0x0000000083b00000, 0x0000000083b00000, 0x0000000083c00000|  0%| F|  |TAMS 0x0000000083b00000| PB 0x0000000083b00000| Untracked 
|  60|0x0000000083c00000, 0x0000000083c00000, 0x0000000083d00000|  0%| F|  |TAMS 0x0000000083c00000| PB 0x0000000083c00000| Untracked 
|  61|0x0000000083d00000, 0x0000000083e00000, 0x0000000083e00000|100%| O|  |TAMS 0x0000000083d00000| PB 0x0000000083d00000| Untracked 
|  62|0x0000000083e00000, 0x0000000083f00000, 0x0000000083f00000|100%| O|  |TAMS 0x0000000083e00000| PB 0x0000000083e00000| Untracked 
|  63|0x0000000083f00000, 0x0000000084000000, 0x0000000084000000|100%| O|  |TAMS 0x0000000083f00000| PB 0x0000000083f00000| Untracked 
|  64|0x0000000084000000, 0x0000000084100000, 0x0000000084100000|100%| O|  |TAMS 0x0000000084000000| PB 0x0000000084000000| Untracked 
|  65|0x0000000084100000, 0x0000000084100000, 0x0000000084200000|  0%| F|  |TAMS 0x0000000084100000| PB 0x0000000084100000| Untracked 
|  66|0x0000000084200000, 0x0000000084300000, 0x0000000084300000|100%| O|  |TAMS 0x0000000084200000| PB 0x0000000084200000| Untracked 
|  67|0x0000000084300000, 0x0000000084400000, 0x0000000084400000|100%| O|  |TAMS 0x0000000084300000| PB 0x0000000084300000| Untracked 
|  68|0x0000000084400000, 0x0000000084500000, 0x0000000084500000|100%| O|  |TAMS 0x0000000084400000| PB 0x0000000084400000| Untracked 
|  69|0x0000000084500000, 0x000000008458cee0, 0x0000000084600000| 55%| O|  |TAMS 0x0000000084500000| PB 0x0000000084500000| Untracked 
|  70|0x0000000084600000, 0x0000000084600000, 0x0000000084700000|  0%| F|  |TAMS 0x0000000084600000| PB 0x0000000084600000| Untracked 
|  71|0x0000000084700000, 0x0000000084700000, 0x0000000084800000|  0%| F|  |TAMS 0x0000000084700000| PB 0x0000000084700000| Untracked 
|  72|0x0000000084800000, 0x0000000084800000, 0x0000000084900000|  0%| F|  |TAMS 0x0000000084800000| PB 0x0000000084800000| Untracked 
|  73|0x0000000084900000, 0x00000000849a9ea0, 0x0000000084a00000| 66%| S|CS|TAMS 0x0000000084900000| PB 0x0000000084900000| Complete 
|  74|0x0000000084a00000, 0x0000000084a00000, 0x0000000084b00000|  0%| F|  |TAMS 0x0000000084a00000| PB 0x0000000084a00000| Untracked 
|  75|0x0000000084b00000, 0x0000000084b00000, 0x0000000084c00000|  0%| F|  |TAMS 0x0000000084b00000| PB 0x0000000084b00000| Untracked 
|  76|0x0000000084c00000, 0x0000000084d00000, 0x0000000084d00000|100%| S|CS|TAMS 0x0000000084c00000| PB 0x0000000084c00000| Complete 
|  77|0x0000000084d00000, 0x0000000084e00000, 0x0000000084e00000|100%| S|CS|TAMS 0x0000000084d00000| PB 0x0000000084d00000| Complete 
|  78|0x0000000084e00000, 0x0000000084e00000, 0x0000000084f00000|  0%| F|  |TAMS 0x0000000084e00000| PB 0x0000000084e00000| Untracked 
|  79|0x0000000084f00000, 0x0000000084f00000, 0x0000000085000000|  0%| F|  |TAMS 0x0000000084f00000| PB 0x0000000084f00000| Untracked 
|  80|0x0000000085000000, 0x0000000085000000, 0x0000000085100000|  0%| F|  |TAMS 0x0000000085000000| PB 0x0000000085000000| Untracked 
|  81|0x0000000085100000, 0x0000000085100000, 0x0000000085200000|  0%| F|  |TAMS 0x0000000085100000| PB 0x0000000085100000| Untracked 
|  82|0x0000000085200000, 0x0000000085200000, 0x0000000085300000|  0%| F|  |TAMS 0x0000000085200000| PB 0x0000000085200000| Untracked 
|  83|0x0000000085300000, 0x0000000085300000, 0x0000000085400000|  0%| F|  |TAMS 0x0000000085300000| PB 0x0000000085300000| Untracked 
|  84|0x0000000085400000, 0x0000000085400000, 0x0000000085500000|  0%| F|  |TAMS 0x0000000085400000| PB 0x0000000085400000| Untracked 
|  85|0x0000000085500000, 0x0000000085500000, 0x0000000085600000|  0%| F|  |TAMS 0x0000000085500000| PB 0x0000000085500000| Untracked 
|  86|0x0000000085600000, 0x0000000085600000, 0x0000000085700000|  0%| F|  |TAMS 0x0000000085600000| PB 0x0000000085600000| Untracked 
|  87|0x0000000085700000, 0x0000000085700000, 0x0000000085800000|  0%| F|  |TAMS 0x0000000085700000| PB 0x0000000085700000| Untracked 
|  88|0x0000000085800000, 0x0000000085800000, 0x0000000085900000|  0%| F|  |TAMS 0x0000000085800000| PB 0x0000000085800000| Untracked 
|  89|0x0000000085900000, 0x0000000085900000, 0x0000000085a00000|  0%| F|  |TAMS 0x0000000085900000| PB 0x0000000085900000| Untracked 
|  90|0x0000000085a00000, 0x0000000085a00000, 0x0000000085b00000|  0%| F|  |TAMS 0x0000000085a00000| PB 0x0000000085a00000| Untracked 
|  91|0x0000000085b00000, 0x0000000085b00000, 0x0000000085c00000|  0%| F|  |TAMS 0x0000000085b00000| PB 0x0000000085b00000| Untracked 
|  92|0x0000000085c00000, 0x0000000085c00000, 0x0000000085d00000|  0%| F|  |TAMS 0x0000000085c00000| PB 0x0000000085c00000| Untracked 
|  93|0x0000000085d00000, 0x0000000085d00000, 0x0000000085e00000|  0%| F|  |TAMS 0x0000000085d00000| PB 0x0000000085d00000| Untracked 
|  94|0x0000000085e00000, 0x0000000085e00000, 0x0000000085f00000|  0%| F|  |TAMS 0x0000000085e00000| PB 0x0000000085e00000| Untracked 
|  95|0x0000000085f00000, 0x0000000085f00000, 0x0000000086000000|  0%| F|  |TAMS 0x0000000085f00000| PB 0x0000000085f00000| Untracked 
|  96|0x0000000086000000, 0x0000000086000000, 0x0000000086100000|  0%| F|  |TAMS 0x0000000086000000| PB 0x0000000086000000| Untracked 
|  97|0x0000000086100000, 0x0000000086100000, 0x0000000086200000|  0%| F|  |TAMS 0x0000000086100000| PB 0x0000000086100000| Untracked 
|  98|0x0000000086200000, 0x0000000086200000, 0x0000000086300000|  0%| F|  |TAMS 0x0000000086200000| PB 0x0000000086200000| Untracked 
|  99|0x0000000086300000, 0x0000000086300000, 0x0000000086400000|  0%| F|  |TAMS 0x0000000086300000| PB 0x0000000086300000| Untracked 
| 100|0x0000000086400000, 0x0000000086400000, 0x0000000086500000|  0%| F|  |TAMS 0x0000000086400000| PB 0x0000000086400000| Untracked 
| 101|0x0000000086500000, 0x0000000086500000, 0x0000000086600000|  0%| F|  |TAMS 0x0000000086500000| PB 0x0000000086500000| Untracked 
| 102|0x0000000086600000, 0x000000008667fe58, 0x0000000086700000| 49%| E|  |TAMS 0x0000000086600000| PB 0x0000000086600000| Complete 
| 103|0x0000000086700000, 0x0000000086800000, 0x0000000086800000|100%| E|CS|TAMS 0x0000000086700000| PB 0x0000000086700000| Complete 
| 104|0x0000000086800000, 0x0000000086900000, 0x0000000086900000|100%| E|CS|TAMS 0x0000000086800000| PB 0x0000000086800000| Complete 
| 105|0x0000000086900000, 0x0000000086a00000, 0x0000000086a00000|100%| E|CS|TAMS 0x0000000086900000| PB 0x0000000086900000| Complete 
| 106|0x0000000086a00000, 0x0000000086b00000, 0x0000000086b00000|100%| E|CS|TAMS 0x0000000086a00000| PB 0x0000000086a00000| Complete 
| 107|0x0000000086b00000, 0x0000000086c00000, 0x0000000086c00000|100%| E|CS|TAMS 0x0000000086b00000| PB 0x0000000086b00000| Complete 
| 125|0x0000000087d00000, 0x0000000087e00000, 0x0000000087e00000|100%| E|CS|TAMS 0x0000000087d00000| PB 0x0000000087d00000| Complete 
| 126|0x0000000087e00000, 0x0000000087f00000, 0x0000000087f00000|100%| E|CS|TAMS 0x0000000087e00000| PB 0x0000000087e00000| Complete 
| 127|0x0000000087f00000, 0x0000000088000000, 0x0000000088000000|100%| E|CS|TAMS 0x0000000087f00000| PB 0x0000000087f00000| Complete 
|2042|0x00000000ffa00000, 0x00000000ffb00000, 0x00000000ffb00000|100%| O|  |TAMS 0x00000000ffa00000| PB 0x00000000ffa00000| Untracked 
|2043|0x00000000ffb00000, 0x00000000ffc00000, 0x00000000ffc00000|100%| O|  |TAMS 0x00000000ffb00000| PB 0x00000000ffb00000| Untracked 
|2044|0x00000000ffc00000, 0x00000000ffd00000, 0x00000000ffd00000|100%| O|  |TAMS 0x00000000ffc00000| PB 0x00000000ffc00000| Untracked 
|2045|0x00000000ffd00000, 0x00000000ffe00000, 0x00000000ffe00000|100%| O|  |TAMS 0x00000000ffd00000| PB 0x00000000ffd00000| Untracked 
|2046|0x00000000ffe00000, 0x00000000fff00000, 0x00000000fff00000|100%| E|CS|TAMS 0x00000000ffe00000| PB 0x00000000ffe00000| Complete 
|2047|0x00000000fff00000, 0x0000000100000000, 0x0000000100000000|100%| E|CS|TAMS 0x00000000fff00000| PB 0x00000000fff00000| Complete 

Card table byte_map: [0x00000296fec40000,0x00000296ff040000] _byte_map_base: 0x00000296fe840000

Marking Bits: (CMBitMap*) 0x00000296ec3f0ac0
 Bits: [0x0000029680000000, 0x0000029682000000)

Polling page: 0x00000296ea380000

Metaspace:

Usage:
  Non-class:     69.25 MB used.
      Class:     11.22 MB used.
       Both:     80.48 MB used.

Virtual space:
  Non-class space:      128.00 MB reserved,      70.19 MB ( 55%) committed,  2 nodes.
      Class space:        1.00 GB reserved,      12.12 MB (  1%) committed,  1 nodes.
             Both:        1.12 GB reserved,      82.31 MB (  7%) committed. 

Chunk freelists:
   Non-Class:  9.00 MB
       Class:  3.73 MB
        Both:  12.73 MB

MaxMetaspaceSize: unlimited
CompressedClassSpaceSize: 1.00 GB
Initial GC threshold: 21.00 MB
Current GC threshold: 135.56 MB
CDS: off
 - commit_granule_bytes: 65536.
 - commit_granule_words: 8192.
 - virtual_space_node_default_size: 8388608.
 - enlarge_chunks_in_place: 1.
 - use_allocation_guard: 0.


Internal statistics:

num_allocs_failed_limit: 6.
num_arena_births: 3652.
num_arena_deaths: 0.
num_vsnodes_births: 3.
num_vsnodes_deaths: 0.
num_space_committed: 1317.
num_space_uncommitted: 0.
num_chunks_returned_to_freelist: 6.
num_chunks_taken_from_freelist: 7161.
num_chunk_merges: 6.
num_chunk_splits: 4596.
num_chunks_enlarged: 2814.
num_inconsistent_stats: 0.

CodeHeap 'non-profiled nmethods': size=120000Kb used=4284Kb max_used=4333Kb free=115715Kb
 bounds [0x00000296f6fd0000, 0x00000296f7410000, 0x00000296fe500000]
CodeHeap 'profiled nmethods': size=120000Kb used=14469Kb max_used=14728Kb free=105530Kb
 bounds [0x00000296ef500000, 0x00000296f0370000, 0x00000296f6a30000]
CodeHeap 'non-nmethods': size=5760Kb used=2793Kb max_used=2825Kb free=2967Kb
 bounds [0x00000296f6a30000, 0x00000296f6d00000, 0x00000296f6fd0000]
CodeCache: size=245760Kb, used=21546Kb, max_used=21886Kb, free=224212Kb
 total_blobs=8845, nmethods=7917, adapters=831, full_count=0
Compilation: enabled, stopped_count=0, restarted_count=0

Compilation events (20 events):
Event: 29.225 Thread 0x00000296ffc59470 nmethod 9300 0x00000296efbd4990 code [0x00000296efbd4b40, 0x00000296efbd4cc8]
Event: 29.226 Thread 0x00000296ffc59470 9302       3       java.util.jar.Manifest::parseName (84 bytes)
Event: 29.226 Thread 0x00000296ffc59470 nmethod 9302 0x00000296ef5f3890 code [0x00000296ef5f3aa0, 0x00000296ef5f41b8]
Event: 29.226 Thread 0x00000296ffc59470 9303       3       java.util.jar.Manifest$FastInputStream::readLine (296 bytes)
Event: 29.227 Thread 0x00000296ffc59470 nmethod 9303 0x00000296ef5edf90 code [0x00000296ef5ee1c0, 0x00000296ef5eea28]
Event: 29.236 Thread 0x00000296ffc59470 9305       3       sun.security.util.ManifestDigester::findSection (181 bytes)
Event: 29.237 Thread 0x00000296ffc59470 nmethod 9305 0x00000296ef67bc90 code [0x00000296ef67be60, 0x00000296ef67c2c8]
Event: 29.237 Thread 0x00000296ffc59470 9306       3       sun.security.util.ManifestDigester$Entry::<init> (16 bytes)
Event: 29.238 Thread 0x00000296ffc59470 nmethod 9306 0x00000296efbb7910 code [0x00000296efbb7ae0, 0x00000296efbb7ee0]
Event: 29.238 Thread 0x00000296ffc59470 9307       3       sun.security.util.ManifestDigester$Section::<init> (26 bytes)
Event: 29.238 Thread 0x00000296ffc59470 nmethod 9307 0x00000296ef739890 code [0x00000296ef739a40, 0x00000296ef739c08]
Event: 29.238 Thread 0x00000296ffc59470 9308       3       sun.security.util.ManifestDigester$Entry::addSection (13 bytes)
Event: 29.238 Thread 0x00000296ffc59470 nmethod 9308 0x00000296efab9610 code [0x00000296efab97c0, 0x00000296efab9998]
Event: 29.238 Thread 0x00000296ffc59470 9309       3       sun.security.util.ManifestDigester::isNameAttr (102 bytes)
Event: 29.238 Thread 0x00000296ffc59470 nmethod 9309 0x00000296ef5d0610 code [0x00000296ef5d07e0, 0x00000296ef5d0bd0]
Event: 29.238 Thread 0x00000296ffc59470 9310       3       sun.security.util.ManifestDigester$$Lambda/0x000000010067d388::apply (8 bytes)
Event: 29.239 Thread 0x00000296ffc59470 nmethod 9310 0x00000296ef8b2490 code [0x00000296ef8b2680, 0x00000296ef8b2c78]
Event: 29.239 Thread 0x00000296ffc59470 9311       3       sun.security.util.ManifestDigester::lambda$new$0 (8 bytes)
Event: 29.239 Thread 0x00000296ffc59470 nmethod 9311 0x00000296ef504b10 code [0x00000296ef504ce0, 0x00000296ef505178]
Event: 29.243 Thread 0x00000296ffc59470 9313       3       sun.security.util.ObjectIdentifier::checkOtherComponent (41 bytes)

GC Heap History (20 events):
Event: 21.998 GC heap before
{Heap before GC invocations=21 (full 0):
 garbage-first heap   total 88064K, used 77943K [0x0000000080000000, 0x0000000100000000)
  region size 1024K, 34 young (34816K), 4 survivors (4096K)
 Metaspace       used 69908K, committed 71616K, reserved 1114112K
  class space    used 9911K, committed 10752K, reserved 1048576K
}
Event: 22.005 GC heap after
{Heap after GC invocations=22 (full 0):
 garbage-first heap   total 88064K, used 48707K [0x0000000080000000, 0x0000000100000000)
  region size 1024K, 4 young (4096K), 4 survivors (4096K)
 Metaspace       used 69908K, committed 71616K, reserved 1114112K
  class space    used 9911K, committed 10752K, reserved 1048576K
}
Event: 24.333 GC heap before
{Heap before GC invocations=23 (full 0):
 garbage-first heap   total 88064K, used 77379K [0x0000000080000000, 0x0000000100000000)
  region size 1024K, 33 young (33792K), 4 survivors (4096K)
 Metaspace       used 72104K, committed 73792K, reserved 1114112K
  class space    used 10205K, committed 11008K, reserved 1048576K
}
Event: 24.344 GC heap after
{Heap after GC invocations=24 (full 0):
 garbage-first heap   total 88064K, used 51862K [0x0000000080000000, 0x0000000100000000)
  region size 1024K, 5 young (5120K), 5 survivors (5120K)
 Metaspace       used 72104K, committed 73792K, reserved 1114112K
  class space    used 10205K, committed 11008K, reserved 1048576K
}
Event: 24.824 GC heap before
{Heap before GC invocations=24 (full 0):
 garbage-first heap   total 88064K, used 75414K [0x0000000080000000, 0x0000000100000000)
  region size 1024K, 29 young (29696K), 5 survivors (5120K)
 Metaspace       used 72324K, committed 74048K, reserved 1114112K
  class space    used 10205K, committed 11008K, reserved 1048576K
}
Event: 24.836 GC heap after
{Heap after GC invocations=25 (full 0):
 garbage-first heap   total 88064K, used 53739K [0x0000000080000000, 0x0000000100000000)
  region size 1024K, 4 young (4096K), 4 survivors (4096K)
 Metaspace       used 72324K, committed 74048K, reserved 1114112K
  class space    used 10205K, committed 11008K, reserved 1048576K
}
Event: 25.085 GC heap before
{Heap before GC invocations=25 (full 0):
 garbage-first heap   total 88064K, used 76267K [0x0000000080000000, 0x0000000100000000)
  region size 1024K, 27 young (27648K), 4 survivors (4096K)
 Metaspace       used 72513K, committed 74176K, reserved 1114112K
  class space    used 10206K, committed 11008K, reserved 1048576K
}
Event: 25.090 GC heap after
{Heap after GC invocations=26 (full 0):
 garbage-first heap   total 88064K, used 54722K [0x0000000080000000, 0x0000000100000000)
  region size 1024K, 4 young (4096K), 4 survivors (4096K)
 Metaspace       used 72513K, committed 74176K, reserved 1114112K
  class space    used 10206K, committed 11008K, reserved 1048576K
}
Event: 25.369 GC heap before
{Heap before GC invocations=27 (full 0):
 garbage-first heap   total 94208K, used 75202K [0x0000000080000000, 0x0000000100000000)
  region size 1024K, 25 young (25600K), 4 survivors (4096K)
 Metaspace       used 72618K, committed 74304K, reserved 1114112K
  class space    used 10206K, committed 11008K, reserved 1048576K
}
Event: 25.374 GC heap after
{Heap after GC invocations=28 (full 0):
 garbage-first heap   total 94208K, used 55181K [0x0000000080000000, 0x0000000100000000)
  region size 1024K, 3 young (3072K), 3 survivors (3072K)
 Metaspace       used 72618K, committed 74304K, reserved 1114112K
  class space    used 10206K, committed 11008K, reserved 1048576K
}
Event: 25.621 GC heap before
{Heap before GC invocations=28 (full 0):
 garbage-first heap   total 94208K, used 83853K [0x0000000080000000, 0x0000000100000000)
  region size 1024K, 32 young (32768K), 3 survivors (3072K)
 Metaspace       used 72669K, committed 74368K, reserved 1114112K
  class space    used 10206K, committed 11008K, reserved 1048576K
}
Event: 25.627 GC heap after
{Heap after GC invocations=29 (full 0):
 garbage-first heap   total 94208K, used 54500K [0x0000000080000000, 0x0000000100000000)
  region size 1024K, 4 young (4096K), 4 survivors (4096K)
 Metaspace       used 72669K, committed 74368K, reserved 1114112K
  class space    used 10206K, committed 11008K, reserved 1048576K
}
Event: 25.830 GC heap before
{Heap before GC invocations=29 (full 0):
 garbage-first heap   total 94208K, used 81124K [0x0000000080000000, 0x0000000100000000)
  region size 1024K, 31 young (31744K), 4 survivors (4096K)
 Metaspace       used 72679K, committed 74368K, reserved 1114112K
  class space    used 10206K, committed 11008K, reserved 1048576K
}
Event: 25.836 GC heap after
{Heap after GC invocations=30 (full 0):
 garbage-first heap   total 113664K, used 55091K [0x0000000080000000, 0x0000000100000000)
  region size 1024K, 4 young (4096K), 4 survivors (4096K)
 Metaspace       used 72679K, committed 74368K, reserved 1114112K
  class space    used 10206K, committed 11008K, reserved 1048576K
}
Event: 26.843 GC heap before
{Heap before GC invocations=31 (full 0):
 garbage-first heap   total 113664K, used 106291K [0x0000000080000000, 0x0000000100000000)
  region size 1024K, 49 young (50176K), 4 survivors (4096K)
 Metaspace       used 73908K, committed 75712K, reserved 1114112K
  class space    used 10341K, committed 11200K, reserved 1048576K
}
Event: 26.852 GC heap after
{Heap after GC invocations=32 (full 0):
 garbage-first heap   total 119808K, used 67672K [0x0000000080000000, 0x0000000100000000)
  region size 1024K, 7 young (7168K), 7 survivors (7168K)
 Metaspace       used 73908K, committed 75712K, reserved 1114112K
  class space    used 10341K, committed 11200K, reserved 1048576K
}
Event: 28.014 GC heap before
{Heap before GC invocations=32 (full 0):
 garbage-first heap   total 119808K, used 103512K [0x0000000080000000, 0x0000000100000000)
  region size 1024K, 42 young (43008K), 7 survivors (7168K)
 Metaspace       used 76986K, committed 78720K, reserved 1179648K
  class space    used 10753K, committed 11584K, reserved 1048576K
}
Event: 28.020 GC heap after
{Heap after GC invocations=33 (full 0):
 garbage-first heap   total 119808K, used 69923K [0x0000000080000000, 0x0000000100000000)
  region size 1024K, 2 young (2048K), 2 survivors (2048K)
 Metaspace       used 76986K, committed 78720K, reserved 1179648K
  class space    used 10753K, committed 11584K, reserved 1048576K
}
Event: 28.999 GC heap before
{Heap before GC invocations=33 (full 0):
 garbage-first heap   total 119808K, used 104739K [0x0000000080000000, 0x0000000100000000)
  region size 1024K, 37 young (37888K), 2 survivors (2048K)
 Metaspace       used 81062K, committed 82944K, reserved 1179648K
  class space    used 11301K, committed 12224K, reserved 1048576K
}
Event: 29.004 GC heap after
{Heap after GC invocations=34 (full 0):
 garbage-first heap   total 119808K, used 70875K [0x0000000080000000, 0x0000000100000000)
  region size 1024K, 3 young (3072K), 3 survivors (3072K)
 Metaspace       used 81062K, committed 82944K, reserved 1179648K
  class space    used 11301K, committed 12224K, reserved 1048576K
}

Dll operation events (3 events):
Event: 0.055 Loaded shared library D:\Android\jbr\bin\java.dll
Event: 0.238 Loaded shared library D:\Android\jbr\bin\zip.dll
Event: 2.704 Loaded shared library D:\Android\jbr\bin\verify.dll

Deoptimization events (20 events):
Event: 28.917 Thread 0x0000029689878ea0 Uncommon trap: trap_request=0xffffff6e fr.pc=0x00000296f70849d0 relative=0x00000000000005d0
Event: 28.917 Thread 0x0000029689878ea0 Uncommon trap: reason=loop_limit_check action=maybe_recompile pc=0x00000296f70849d0 method=java.util.regex.Pattern$Start.match(Ljava/util/regex/Matcher;ILjava/lang/CharSequence;)Z @ 34 c2
Event: 28.917 Thread 0x0000029689878ea0 DEOPT PACKING pc=0x00000296f70849d0 sp=0x000000d03dff4980
Event: 28.917 Thread 0x0000029689878ea0 DEOPT UNPACKING pc=0x00000296f6a846a2 sp=0x000000d03dff48c0 mode 2
Event: 28.917 Thread 0x0000029689878ea0 Uncommon trap: trap_request=0xffffff6e fr.pc=0x00000296f7083c9c relative=0x000000000000043c
Event: 28.917 Thread 0x0000029689878ea0 Uncommon trap: reason=loop_limit_check action=maybe_recompile pc=0x00000296f7083c9c method=java.util.regex.Pattern$Start.match(Ljava/util/regex/Matcher;ILjava/lang/CharSequence;)Z @ 34 c2
Event: 28.917 Thread 0x0000029689878ea0 DEOPT PACKING pc=0x00000296f7083c9c sp=0x000000d03dff48f0
Event: 28.917 Thread 0x0000029689878ea0 DEOPT UNPACKING pc=0x00000296f6a846a2 sp=0x000000d03dff48c0 mode 2
Event: 29.223 Thread 0x0000029689878ea0 Uncommon trap: trap_request=0xffffff45 fr.pc=0x00000296f72ee9ac relative=0x0000000000006d6c
Event: 29.223 Thread 0x0000029689878ea0 Uncommon trap: reason=unstable_if action=reinterpret pc=0x00000296f72ee9ac method=java.util.jar.JarFile.maybeInstantiateVerifier()V @ 27 c2
Event: 29.223 Thread 0x0000029689878ea0 DEOPT PACKING pc=0x00000296f72ee9ac sp=0x000000d03dff3160
Event: 29.223 Thread 0x0000029689878ea0 DEOPT UNPACKING pc=0x00000296f6a846a2 sp=0x000000d03dff2f50 mode 2
Event: 29.225 Thread 0x0000029689878ea0 DEOPT PACKING pc=0x00000296ef9b31dd sp=0x000000d03dff2a50
Event: 29.225 Thread 0x0000029689878ea0 DEOPT UNPACKING pc=0x00000296f6a84e42 sp=0x000000d03dff2010 mode 0
Event: 29.226 Thread 0x0000029689878ea0 Uncommon trap: trap_request=0xffffff45 fr.pc=0x00000296f701a320 relative=0x0000000000000720
Event: 29.226 Thread 0x0000029689878ea0 Uncommon trap: reason=unstable_if action=reinterpret pc=0x00000296f701a320 method=java.util.jar.Manifest$FastInputStream.readLine([BII)I @ 130 c2
Event: 29.226 Thread 0x0000029689878ea0 DEOPT PACKING pc=0x00000296f701a320 sp=0x000000d03dff29d0
Event: 29.226 Thread 0x0000029689878ea0 DEOPT UNPACKING pc=0x00000296f6a846a2 sp=0x000000d03dff2960 mode 2
Event: 29.228 Thread 0x0000029689878ea0 DEOPT PACKING pc=0x00000296ef9b31dd sp=0x000000d03dff2a50
Event: 29.228 Thread 0x0000029689878ea0 DEOPT UNPACKING pc=0x00000296f6a84e42 sp=0x000000d03dff2010 mode 0

Classes loaded (20 events):
Event: 28.825 Loading class com/sun/org/apache/xerces/internal/utils/XMLSecurityPropertyManager$State done
Event: 28.825 Loading class com/sun/org/apache/xerces/internal/utils/XMLSecurityPropertyManager$Property
Event: 28.825 Loading class com/sun/org/apache/xerces/internal/utils/XMLSecurityPropertyManager$Property done
Event: 28.911 Loading class java/util/regex/Pattern$SliceI
Event: 28.911 Loading class java/util/regex/Pattern$SliceI done
Event: 29.231 Loading class sun/security/util/ManifestDigester
Event: 29.232 Loading class sun/security/util/ManifestDigester done
Event: 29.232 Loading class sun/security/util/ManifestDigester$Position
Event: 29.232 Loading class sun/security/util/ManifestDigester$Position done
Event: 29.233 Loading class sun/security/util/ManifestDigester$Entry
Event: 29.234 Loading class sun/security/util/ManifestDigester$Entry done
Event: 29.234 Loading class sun/security/util/ManifestDigester$Section
Event: 29.234 Loading class sun/security/util/ManifestDigester$Section done
Event: 29.239 Loading class sun/security/pkcs/PKCS7
Event: 29.241 Loading class sun/security/pkcs/PKCS7 done
Event: 29.241 Loading class sun/security/util/DerInputStream
Event: 29.242 Loading class sun/security/util/DerInputStream done
Event: 29.242 Loading class sun/security/pkcs/ContentInfo
Event: 29.242 Loading class sun/security/pkcs/ContentInfo done
Event: 29.243 Loading class sun/security/util/DerValue

Classes unloaded (0 events):
No events

Classes redefined (0 events):
No events

Internal exceptions (20 events):
Event: 26.156 Thread 0x0000029689878ea0 Exception <a 'java/lang/ClassNotFoundException'{0x0000000085ad26c0}: org/gradle/api/internal/DefaultNamedDomainObjectSetCustomizer> (0x0000000085ad26c0) 
thrown [s\src\hotspot\share\classfile\systemDictionary.cpp, line 312]
Event: 26.160 Thread 0x0000029689878ea0 Exception <a 'java/lang/ClassNotFoundException'{0x000000008590ce48}: org/gradle/api/internal/tasks/DefaultTaskCollectionCustomizer> (0x000000008590ce48) 
thrown [s\src\hotspot\share\classfile\systemDictionary.cpp, line 312]
Event: 26.166 Thread 0x0000029689878ea0 Exception <a 'java/lang/ClassNotFoundException'{0x000000008596bf70}: org/gradle/api/internal/tasks/DefaultTaskCollection_DecoratedCustomizer> (0x000000008596bf70) 
thrown [s\src\hotspot\share\classfile\systemDictionary.cpp, line 312]
Event: 26.184 Thread 0x0000029689878ea0 Exception <a 'java/lang/NoSuchMethodError'{0x00000000859d60a0}: 'long java.lang.invoke.DirectMethodHandle$Holder.invokeVirtual(java.lang.Object, java.lang.Object)'> (0x00000000859d60a0) 
thrown [s\src\hotspot\share\interpreter\linkResolver.cpp, line 784]
Event: 26.190 Thread 0x000002968987a8e0 Exception <a 'java/lang/NoSuchMethodError'{0x00000000858021e8}: static Lorg/gradle/internal/build/event/types/DefaultOperationFinishedProgressEvent;.<clinit>()V> (0x00000000858021e8) 
thrown [s\src\hotspot\share\prims\jni.cpp, line 1144]
Event: 26.193 Thread 0x000002968987a8e0 Exception <a 'java/lang/NoSuchMethodError'{0x0000000085844340}: static Lorg/gradle/internal/build/event/types/DefaultProjectConfigurationSuccessResult;.<clinit>()V> (0x0000000085844340) 
thrown [s\src\hotspot\share\prims\jni.cpp, line 1144]
Event: 26.193 Thread 0x000002968987a8e0 Exception <a 'java/lang/NoSuchMethodError'{0x0000000085845958}: static Lorg/gradle/internal/build/event/types/AbstractProjectConfigurationResult;.<clinit>()V> (0x0000000085845958) 
thrown [s\src\hotspot\share\prims\jni.cpp, line 1144]
Event: 26.193 Thread 0x000002968987a8e0 Exception <a 'java/lang/NoSuchMethodError'{0x0000000085847118}: static Lorg/gradle/internal/build/event/types/AbstractOperationResult;.<clinit>()V> (0x0000000085847118) 
thrown [s\src\hotspot\share\prims\jni.cpp, line 1144]
Event: 26.194 Thread 0x000002968987a8e0 Exception <a 'java/lang/NoSuchMethodError'{0x00000000858486c0}: static Lorg/gradle/internal/build/event/types/AbstractResult;.<clinit>()V> (0x00000000858486c0) 
thrown [s\src\hotspot\share\prims\jni.cpp, line 1144]
Event: 26.196 Thread 0x000002968987a8e0 Exception <a 'java/lang/NoSuchMethodError'{0x0000000085878d70}: static Lorg/gradle/internal/build/event/types/DefaultPluginApplicationResult;.<clinit>()V> (0x0000000085878d70) 
thrown [s\src\hotspot\share\prims\jni.cpp, line 1144]
Event: 26.198 Thread 0x000002968987a8e0 Exception <a 'java/lang/NoSuchMethodError'{0x0000000085885bf0}: static Lorg/gradle/internal/build/event/types/DefaultBinaryPluginIdentifier;.<clinit>()V> (0x0000000085885bf0) 
thrown [s\src\hotspot\share\prims\jni.cpp, line 1144]
Event: 26.201 Thread 0x000002968987a8e0 Exception <a 'java/lang/NoSuchMethodError'{0x000000008570a5b8}: static Lorg/gradle/internal/build/event/types/DefaultScriptPluginIdentifier;.<clinit>()V> (0x000000008570a5b8) 
thrown [s\src\hotspot\share\prims\jni.cpp, line 1144]
Event: 26.273 Thread 0x0000029689878ea0 Implicit null exception at 0x00000296f7316960 to 0x00000296f7316e78
Event: 26.274 Thread 0x0000029689878ea0 Implicit null exception at 0x00000296f7317660 to 0x00000296f7317b50
Event: 26.602 Thread 0x0000029689878ea0 Exception <a 'java/lang/ClassNotFoundException'{0x0000000084ca1ed8}: org/gradle/api/internal/plugins/DefaultObjectConfigurationActionBeanInfo> (0x0000000084ca1ed8) 
thrown [s\src\hotspot\share\classfile\systemDictionary.cpp, line 312]
Event: 26.603 Thread 0x0000029689878ea0 Exception <a 'java/lang/ClassNotFoundException'{0x0000000084cb58f8}: org/gradle/api/internal/plugins/DefaultObjectConfigurationActionCustomizer> (0x0000000084cb58f8) 
thrown [s\src\hotspot\share\classfile\systemDictionary.cpp, line 312]
Event: 27.817 Thread 0x0000029689878ea0 Exception <a 'java/lang/NoSuchMethodError'{0x00000000852cbbe0}: 'int java.lang.invoke.DirectMethodHandle$Holder.invokeSpecialIFC(java.lang.Object, java.lang.Object, java.lang.Object, java.lang.Object, java.lang.Object)'> (0x00000000852cbbe0) 
thrown [s\src\hotspot\share\interpreter\linkResolver.cpp, line 784]
Event: 28.864 Thread 0x0000029689878ea0 Exception <a 'java/lang/NoSuchMethodError'{0x00000000852987d0}: 'java.lang.Object java.lang.invoke.DirectMethodHandle$Holder.newInvokeSpecial(java.lang.Object, java.lang.Object, java.lang.Object, java.lang.Object, java.lang.Object, java.lang.Object, java.lang.Object, java.lang.Object, java.lang.Object, java.lang.Object, java.lang.Object, java.lang.Object, java.lang.Object, java.lang.Object, java.lang.Object, java.lang.Object)'> (0x00000000852987d0) 
thrown [s\src\hotspot\share\interpreter\linkResolver.cpp,
Event: 28.865 Thread 0x0000029689878ea0 Exception <a 'java/lang/NoSuchMethodError'{0x000000008529f438}: 'java.lang.Object java.lang.invoke.DirectMethodHandle$Holder.invokeSpecial(java.lang.Object, java.lang.Object, java.lang.Object, java.lang.Object, java.lang.Object, java.lang.Object, java.lang.Object, java.lang.Object, java.lang.Object, java.lang.Object, java.lang.Object, java.lang.Object, java.lang.Object, java.lang.Object, java.lang.Object, java.lang.Object, java.lang.Object)'> (0x000000008529f438) 
thrown [s\src\hotspot\share\interpreter\li
Event: 28.865 Thread 0x0000029689878ea0 Exception <a 'java/lang/NoSuchMethodError'{0x00000000852a5018}: 'java.lang.Object java.lang.invoke.DelegatingMethodHandle$Holder.reinvoke_L(java.lang.Object, java.lang.Object, java.lang.Object, java.lang.Object, java.lang.Object, java.lang.Object, java.lang.Object, java.lang.Object, java.lang.Object, java.lang.Object, java.lang.Object, java.lang.Object, java.lang.Object, java.lang.Object, java.lang.Object, java.lang.Object)'> (0x00000000852a5018) 
thrown [s\src\hotspot\share\interpreter\linkResolver.cpp, l

ZGC Phase Switch (0 events):
No events

VM Operations (20 events):
Event: 26.362 Executing VM operation: ICBufferFull
Event: 26.363 Executing VM operation: ICBufferFull done
Event: 26.417 Executing VM operation: HandshakeAllThreads (Deoptimize)
Event: 26.417 Executing VM operation: HandshakeAllThreads (Deoptimize) done
Event: 26.843 Executing VM operation: G1CollectForAllocation (G1 Evacuation Pause)
Event: 26.852 Executing VM operation: G1CollectForAllocation (G1 Evacuation Pause) done
Event: 27.860 Executing VM operation: Cleanup
Event: 27.860 Executing VM operation: Cleanup done
Event: 28.013 Executing VM operation: G1CollectForAllocation (G1 Evacuation Pause)
Event: 28.020 Executing VM operation: G1CollectForAllocation (G1 Evacuation Pause) done
Event: 28.036 Executing VM operation: HandshakeAllThreads (Deoptimize)
Event: 28.036 Executing VM operation: HandshakeAllThreads (Deoptimize) done
Event: 28.875 Executing VM operation: HandshakeAllThreads (Deoptimize)
Event: 28.875 Executing VM operation: HandshakeAllThreads (Deoptimize) done
Event: 28.998 Executing VM operation: G1CollectForAllocation (G1 Evacuation Pause)
Event: 29.004 Executing VM operation: G1CollectForAllocation (G1 Evacuation Pause) done
Event: 29.101 Executing VM operation: G1PauseRemark
Event: 29.107 Executing VM operation: G1PauseRemark done
Event: 29.145 Executing VM operation: G1PauseCleanup
Event: 29.146 Executing VM operation: G1PauseCleanup done

Memory protections (0 events):
No events

Nmethod flushes (20 events):
Event: 29.106 Thread 0x00000296ffbf8520 flushing  nmethod 0x00000296effac310
Event: 29.106 Thread 0x00000296ffbf8520 flushing  nmethod 0x00000296effd2390
Event: 29.106 Thread 0x00000296ffbf8520 flushing  nmethod 0x00000296f00b3790
Event: 29.106 Thread 0x00000296ffbf8520 flushing  nmethod 0x00000296f0138f90
Event: 29.106 Thread 0x00000296ffbf8520 flushing  nmethod 0x00000296f70ca390
Event: 29.106 Thread 0x00000296ffbf8520 flushing  nmethod 0x00000296f72a9710
Event: 29.106 Thread 0x00000296ffbf8520 flushing  nmethod 0x00000296ef5e3f10
Event: 29.106 Thread 0x00000296ffbf8520 flushing  nmethod 0x00000296ef610c10
Event: 29.106 Thread 0x00000296ffbf8520 flushing  nmethod 0x00000296ef611590
Event: 29.106 Thread 0x00000296ffbf8520 flushing  nmethod 0x00000296ef755d10
Event: 29.106 Thread 0x00000296ffbf8520 flushing  nmethod 0x00000296ef8bd810
Event: 29.106 Thread 0x00000296ffbf8520 flushing  nmethod 0x00000296efabd690
Event: 29.106 Thread 0x00000296ffbf8520 flushing  nmethod 0x00000296efb69d10
Event: 29.106 Thread 0x00000296ffbf8520 flushing  nmethod 0x00000296efbda710
Event: 29.106 Thread 0x00000296ffbf8520 flushing  nmethod 0x00000296efd14690
Event: 29.106 Thread 0x00000296ffbf8520 flushing  nmethod 0x00000296efd17d10
Event: 29.106 Thread 0x00000296ffbf8520 flushing  nmethod 0x00000296efd1c110
Event: 29.106 Thread 0x00000296ffbf8520 flushing  nmethod 0x00000296efdb8090
Event: 29.106 Thread 0x00000296ffbf8520 flushing  nmethod 0x00000296efdf9d90
Event: 29.106 Thread 0x00000296ffbf8520 flushing  nmethod 0x00000296efe38c10

Events (20 events):
Event: 24.347 Thread 0x0000029689878ea0 Thread added: 0x000002968a59caa0
Event: 24.350 Thread 0x0000029689878ea0 Thread added: 0x000002968a598f90
Event: 24.353 Thread 0x0000029689878ea0 Thread added: 0x000002968a59de50
Event: 24.363 Thread 0x0000029689878ea0 Thread added: 0x000002968a59a9d0
Event: 24.371 Thread 0x0000029689878ea0 Thread added: 0x000002968a59d130
Event: 24.373 Thread 0x0000029689878ea0 Thread added: 0x000002968a59d7c0
Event: 24.378 Thread 0x0000029689878ea0 Thread added: 0x000002968a59c410
Event: 24.944 Thread 0x0000029689878ea0 Thread added: 0x000002968a59f200
Event: 24.945 Thread 0x0000029689878ea0 Thread added: 0x000002968a5a05b0
Event: 24.946 Thread 0x0000029689878ea0 Thread added: 0x000002968a59f890
Event: 24.946 Thread 0x0000029689878ea0 Thread added: 0x000002968a59a340
Event: 24.947 Thread 0x0000029689878ea0 Thread added: 0x000002968a3c2fa0
Event: 24.947 Thread 0x0000029689878ea0 Thread added: 0x000002968a3c2910
Event: 24.948 Thread 0x0000029689878ea0 Thread added: 0x000002968a3c5700
Event: 26.788 Thread 0x000002968b443c20 Thread exited: 0x000002968b443c20
Event: 27.914 Thread 0x00000296ffc59470 Thread added: 0x000002968bc47da0
Event: 28.043 Thread 0x0000029689878ea0 Thread added: 0x000002968a3c3630
Event: 28.361 Thread 0x000002968bc47da0 Thread exited: 0x000002968bc47da0
Event: 28.812 Thread 0x00000296ffc59470 Thread added: 0x000002968bc47da0
Event: 28.958 Thread 0x0000029689878ea0 Thread added: 0x000002968a3c3cc0


Dynamic libraries:
0x00007ff67d370000 - 0x00007ff67d37a000 	D:\Android\jbr\bin\java.exe
0x00007ffb132d0000 - 0x00007ffb134c8000 	C:\Windows\SYSTEM32\ntdll.dll
0x00007ffb12fd0000 - 0x00007ffb1308d000 	C:\Windows\System32\KERNEL32.DLL
0x00007ffb10c90000 - 0x00007ffb10f86000 	C:\Windows\System32\KERNELBASE.dll
0x00007ffb11020000 - 0x00007ffb11120000 	C:\Windows\System32\ucrtbase.dll
0x00007ffb0c290000 - 0x00007ffb0c2ab000 	D:\Android\jbr\bin\VCRUNTIME140.dll
0x00007ffb0c380000 - 0x00007ffb0c398000 	D:\Android\jbr\bin\jli.dll
0x00007ffb12e30000 - 0x00007ffb12fce000 	C:\Windows\System32\USER32.dll
0x00007ffb109b0000 - 0x00007ffb109d2000 	C:\Windows\System32\win32u.dll
0x00007ffb11a90000 - 0x00007ffb11abc000 	C:\Windows\System32\GDI32.dll
0x00007ffafb8e0000 - 0x00007ffafbb7a000 	C:\Windows\WinSxS\amd64_microsoft.windows.common-controls_6595b64144ccf1df_6.0.19041.3636_none_60b6a03d71f818d5\COMCTL32.dll
0x00007ffb11330000 - 0x00007ffb113ce000 	C:\Windows\System32\msvcrt.dll
0x00007ffb10b70000 - 0x00007ffb10c8a000 	C:\Windows\System32\gdi32full.dll
0x00007ffb10ad0000 - 0x00007ffb10b6d000 	C:\Windows\System32\msvcp_win.dll
0x00007ffb124e0000 - 0x00007ffb12510000 	C:\Windows\System32\IMM32.DLL
0x00007ffb06f30000 - 0x00007ffb06f3c000 	D:\Android\jbr\bin\vcruntime140_1.dll
0x00007ffb05d70000 - 0x00007ffb05dfd000 	D:\Android\jbr\bin\msvcp140.dll
0x00007ffaadd60000 - 0x00007ffaae9f6000 	D:\Android\jbr\bin\server\jvm.dll
0x00007ffb13110000 - 0x00007ffb131bf000 	C:\Windows\System32\ADVAPI32.dll
0x00007ffb12330000 - 0x00007ffb123cc000 	C:\Windows\System32\sechost.dll
0x00007ffb114d0000 - 0x00007ffb115f6000 	C:\Windows\System32\RPCRT4.dll
0x00007ffb12b60000 - 0x00007ffb12bcb000 	C:\Windows\System32\WS2_32.dll
0x00007ffb10810000 - 0x00007ffb1085b000 	C:\Windows\SYSTEM32\POWRPROF.dll
0x00007ffaf9ad0000 - 0x00007ffaf9af7000 	C:\Windows\SYSTEM32\WINMM.dll
0x00007ffb06bb0000 - 0x00007ffb06bba000 	C:\Windows\SYSTEM32\VERSION.dll
0x00007ffb107f0000 - 0x00007ffb10802000 	C:\Windows\SYSTEM32\UMPDC.dll
0x00007ffb0f1c0000 - 0x00007ffb0f1d2000 	C:\Windows\SYSTEM32\kernel.appcore.dll
0x00007ffb06080000 - 0x00007ffb0608a000 	D:\Android\jbr\bin\jimage.dll
0x00007ffb0e570000 - 0x00007ffb0e754000 	C:\Windows\SYSTEM32\DBGHELP.DLL
0x00007ffaf5ae0000 - 0x00007ffaf5b14000 	C:\Windows\SYSTEM32\dbgcore.DLL
0x00007ffb10f90000 - 0x00007ffb11012000 	C:\Windows\System32\bcryptPrimitives.dll
0x00007ffb0c370000 - 0x00007ffb0c37e000 	D:\Android\jbr\bin\instrument.dll
0x00007ffb06060000 - 0x00007ffb06080000 	D:\Android\jbr\bin\java.dll
0x00007ffb05e70000 - 0x00007ffb05e88000 	D:\Android\jbr\bin\zip.dll
0x00007ffb11ac0000 - 0x00007ffb12205000 	C:\Windows\System32\SHELL32.dll
0x00007ffb0ea10000 - 0x00007ffb0f1ab000 	C:\Windows\SYSTEM32\windows.storage.dll
0x00007ffb11670000 - 0x00007ffb119c4000 	C:\Windows\System32\combase.dll
0x00007ffb10240000 - 0x00007ffb1026d000 	C:\Windows\SYSTEM32\Wldp.dll
0x00007ffb12d80000 - 0x00007ffb12e2d000 	C:\Windows\System32\SHCORE.dll
0x00007ffb11610000 - 0x00007ffb11665000 	C:\Windows\System32\shlwapi.dll
0x00007ffb108e0000 - 0x00007ffb10905000 	C:\Windows\SYSTEM32\profapi.dll
0x00007ffb06050000 - 0x00007ffb06060000 	D:\Android\jbr\bin\net.dll
0x00007ffb06d80000 - 0x00007ffb06e8a000 	C:\Windows\SYSTEM32\WINHTTP.dll
0x00007ffb10020000 - 0x00007ffb1008a000 	C:\Windows\system32\mswsock.dll
0x00007ffb05e50000 - 0x00007ffb05e66000 	D:\Android\jbr\bin\nio.dll
0x00007ffb04060000 - 0x00007ffb04070000 	D:\Android\jbr\bin\verify.dll
0x00007ffae7630000 - 0x00007ffae7657000 	C:\Users\Admin\.gradle\native\1def1411415f61bf3af743bc5b6707747c0891f09f0c88961ee8f79bc544acac\windows-amd64\native-platform.dll
0x00007ffaca890000 - 0x00007ffaca908000 	C:\Users\Admin\.gradle\native\0.2.7\x86_64-windows-gnu\gradle-fileevents.dll
0x00007ffb05e00000 - 0x00007ffb05e09000 	D:\Android\jbr\bin\management.dll
0x00007ffb04270000 - 0x00007ffb0427b000 	D:\Android\jbr\bin\management_ext.dll
0x00007ffb11600000 - 0x00007ffb11608000 	C:\Windows\System32\PSAPI.DLL
0x00007ffb0fd30000 - 0x00007ffb0fd6b000 	C:\Windows\SYSTEM32\IPHLPAPI.DLL
0x00007ffb124c0000 - 0x00007ffb124c8000 	C:\Windows\System32\NSI.dll
0x00007ffb05e10000 - 0x00007ffb05e19000 	D:\Android\jbr\bin\extnet.dll
0x00007ffb10280000 - 0x00007ffb10298000 	C:\Windows\SYSTEM32\CRYPTSP.dll
0x00007ffb0f970000 - 0x00007ffb0f9a4000 	C:\Windows\system32\rsaenh.dll
0x00007ffb109e0000 - 0x00007ffb10a07000 	C:\Windows\System32\bcrypt.dll
0x00007ffb108a0000 - 0x00007ffb108ce000 	C:\Windows\SYSTEM32\USERENV.dll
0x00007ffb101b0000 - 0x00007ffb101bc000 	C:\Windows\SYSTEM32\CRYPTBASE.dll
0x00007ffae56a0000 - 0x00007ffae56a7000 	C:\Windows\system32\wshunix.dll

JVMTI agents:
C:\Users\Admin\.gradle\wrapper\dists\gradle-8.13-bin\5xuhj0ry160q40clulazy9h7d\gradle-8.13\lib\agents\gradle-instrumentation-agent-8.13.jar path:D:\Android\jbr\bin\instrument.dll, loaded, initialized, instrumentlib options:none

dbghelp: loaded successfully - version: 4.0.5 - missing functions: none
symbol engine: initialized successfully - sym options: 0x614 - pdb path: .;D:\Android\jbr\bin;C:\Windows\SYSTEM32;C:\Windows\WinSxS\amd64_microsoft.windows.common-controls_6595b64144ccf1df_6.0.19041.3636_none_60b6a03d71f818d5;D:\Android\jbr\bin\server;C:\Users\Admin\.gradle\native\1def1411415f61bf3af743bc5b6707747c0891f09f0c88961ee8f79bc544acac\windows-amd64;C:\Users\Admin\.gradle\native\0.2.7\x86_64-windows-gnu

VM Arguments:
jvm_args: --add-opens=java.base/java.lang=ALL-UNNAMED --add-opens=java.base/java.lang.invoke=ALL-UNNAMED --add-opens=java.base/java.util=ALL-UNNAMED --add-opens=java.prefs/java.util.prefs=ALL-UNNAMED --add-exports=jdk.compiler/com.sun.tools.javac.api=ALL-UNNAMED --add-exports=jdk.compiler/com.sun.tools.javac.util=ALL-UNNAMED --add-opens=java.base/java.util=ALL-UNNAMED --add-opens=java.prefs/java.util.prefs=ALL-UNNAMED --add-opens=java.base/java.nio.charset=ALL-UNNAMED --add-opens=java.base/java.net=ALL-UNNAMED --add-opens=java.base/java.util.concurrent.atomic=ALL-UNNAMED --add-opens=java.xml/javax.xml.namespace=ALL-UNNAMED -Xmx2048m -Dfile.encoding=UTF-8 -Duser.country=US -Duser.language=en -Duser.variant -javaagent:C:\Users\Admin\.gradle\wrapper\dists\gradle-8.13-bin\5xuhj0ry160q40clulazy9h7d\gradle-8.13\lib\agents\gradle-instrumentation-agent-8.13.jar 
java_command: org.gradle.launcher.daemon.bootstrap.GradleDaemon 8.13
java_class_path (initial): C:\Users\Admin\.gradle\wrapper\dists\gradle-8.13-bin\5xuhj0ry160q40clulazy9h7d\gradle-8.13\lib\gradle-daemon-main-8.13.jar
Launcher Type: SUN_STANDARD

[Global flags]
     intx CICompilerCount                          = 4                                         {product} {ergonomic}
     uint ConcGCThreads                            = 2                                         {product} {ergonomic}
     uint G1ConcRefinementThreads                  = 8                                         {product} {ergonomic}
   size_t G1HeapRegionSize                         = 1048576                                   {product} {ergonomic}
    uintx GCDrainStackTargetSize                   = 64                                        {product} {ergonomic}
   size_t InitialHeapSize                          = 134217728                                 {product} {ergonomic}
   size_t MarkStackSize                            = 4194304                                   {product} {ergonomic}
   size_t MaxHeapSize                              = 2147483648                                {product} {command line}
   size_t MaxNewSize                               = 1287651328                                {product} {ergonomic}
   size_t MinHeapDeltaBytes                        = 1048576                                   {product} {ergonomic}
   size_t MinHeapSize                              = 8388608                                   {product} {ergonomic}
    uintx NonNMethodCodeHeapSize                   = 5839372                                {pd product} {ergonomic}
    uintx NonProfiledCodeHeapSize                  = 122909434                              {pd product} {ergonomic}
    uintx ProfiledCodeHeapSize                     = 122909434                              {pd product} {ergonomic}
    uintx ReservedCodeCacheSize                    = 251658240                              {pd product} {ergonomic}
     bool SegmentedCodeCache                       = true                                      {product} {ergonomic}
   size_t SoftMaxHeapSize                          = 2147483648                             {manageable} {ergonomic}
     bool UseCompressedOops                        = true                           {product lp64_product} {ergonomic}
     bool UseG1GC                                  = true                                      {product} {ergonomic}
     bool UseLargePagesIndividualAllocation        = false                                  {pd product} {ergonomic}

Logging:
Log output configuration:
 #0: stdout all=warning uptime,level,tags foldmultilines=false
 #1: stderr all=off uptime,level,tags foldmultilines=false

Environment Variables:
PATH=C:\Program Files (x86)\Common Files\Oracle\Java\javapath;C:\Windows\system32;C:\Windows;C:\Windows\System32\Wbem;C:\Windows\System32\WindowsPowerShell\v1.0\;C:\Windows\System32\OpenSSH\;C:\Program Files\Git\cmd;C:\Program Files\nodejs\;C:\Program Files (x86)\Microsoft SQL Server\160\Tools\Binn\;C:\Program Files\Microsoft SQL Server\160\Tools\Binn\;C:\Program Files\Microsoft SQL Server\Client SDK\ODBC\170\Tools\Binn\;C:\Program Files\Microsoft SQL Server\160\DTS\Binn\;C:\Program Files (x86)\Microsoft SQL Server\160\DTS\Binn\;C:\Program Files\Azure Data Studio\bin;C:\Program Files (x86)\Windows Kits\10\Windows Performance Toolkit\;C:\Program Files\Microsoft SQL Server\150\Tools\Binn\;C:\Program Files\Docker\Docker\resources\bin;C:\Program Files\dotnet\;C:\Users\Admin\AppData\Local\Programs\Python\Python313\Scripts\;C:\Users\Admin\AppData\Local\Programs\Python\Python313\;C:\Users\Admin\AppData\Local\Programs\Python\Launcher\;C:\Users\Admin\AppData\Local\Microsoft\WindowsApps;C:\Users\Admin\AppData\Local\Programs\Microsoft VS Code\bin;C:\Users\Admin\AppData\Local\GitHubDesktop\bin;C:\nodejs;C:\Users\Admin\AppData\Roaming\npm;C:\Program Files\nodejs\;;C:\Program Files\Azure Data Studio\bin;C:\Users\Admin\.dotnet\tools
USERNAME=Admin
OS=Windows_NT
PROCESSOR_IDENTIFIER=Intel64 Family 6 Model 142 Stepping 10, GenuineIntel
TMP=C:\Users\Admin\AppData\Local\Temp
TEMP=C:\Users\Admin\AppData\Local\Temp




Periodic native trim disabled

JNI global refs:
JNI global refs: 29, weak refs: 1

JNI global refs memory usage: 835, weak refs: 833

Process memory usage:
Resident Set Size: 349720K (4% of 8263900K total physical memory with 457268K free physical memory)

OOME stack traces (most recent first):
Classloader memory used:
Loader org.gradle.internal.classloader.VisitableURLClassLoader                         : 38277K
Loader bootstrap                                                                       : 25483K
Loader org.gradle.initialization.MixInLegacyTypesClassLoader                           : 11772K
Loader org.gradle.internal.classloader.VisitableURLClassLoader$InstrumentingVisitableURLClassLoader: 5864K
Loader jdk.internal.loader.ClassLoaders$PlatformClassLoader                            : 505K
Loader jdk.internal.loader.ClassLoaders$AppClassLoader                                 : 235K
Loader jdk.internal.reflect.DelegatingClassLoader                                      : 179K
Loader org.gradle.internal.classloader.VisitableURLClassLoader                         : 136K
Loader org.gradle.groovy.scripts.internal.DefaultScriptCompilationHandler$ScriptClassLoader: 123K
Loader org.codehaus.groovy.runtime.callsite.CallSiteClassLoader                        : 17272B

Classes loaded by more than one classloader:
Class Program                                                                         : loaded 4 times (x 74B)
Class com.google.common.base.PairwiseEquivalence                                      : loaded 2 times (x 83B)
Class com.google.common.collect.RegularImmutableMap$KeySet                            : loaded 2 times (x 152B)
Class ijKotlinCoroutineJvmDebugInit1_2edxob47te3k3j1lkm25ffz4$_run_closure1$_closure2 : loaded 2 times (x 139B)
Class org.gradle.internal.classloader.FilteringClassLoader                            : loaded 2 times (x 105B)
Class com.google.common.base.CharMatcher$IsEither                                     : loaded 2 times (x 111B)
Class org.gradle.internal.classloader.ClassLoaderHierarchy                            : loaded 2 times (x 70B)
Class com.google.common.util.concurrent.ExecutionError                                : loaded 2 times (x 82B)
Class com.google.common.collect.ImmutableList$1                                       : loaded 2 times (x 97B)
Class org.gradle.api.internal.classpath.ManifestUtil                                  : loaded 2 times (x 71B)
Class com.google.common.collect.RegularImmutableMap                                   : loaded 2 times (x 121B)
Class com.google.common.collect.ImmutableMap$MapViewOfValuesAsSingletonSets           : loaded 2 times (x 126B)
Class com.google.common.collect.UnmodifiableListIterator                              : loaded 2 times (x 95B)
Class [Lcom.google.common.cache.CacheBuilder$OneWeigher;                              : loaded 2 times (x 69B)
Class com.google.common.base.Suppliers                                                : loaded 2 times (x 71B)
Class org.gradle.internal.classloader.DefaultClassLoaderFactory                       : loaded 2 times (x 82B)
Class org.gradle.internal.classloader.ClassLoaderVisitor                              : loaded 2 times (x 76B)
Class [Lcom.google.common.collect.ImmutableMapEntry;                                  : loaded 2 times (x 69B)
Class org.gradle.api.internal.classpath.EffectiveClassPath                            : loaded 2 times (x 90B)
Class com.google.common.collect.ImmutableEnumMap                                      : loaded 2 times (x 126B)
Class org.gradle.api.internal.DefaultClassPathProvider                                : loaded 2 times (x 76B)
Class [Lorg.gradle.api.internal.ClassPathProvider;                                    : loaded 2 times (x 69B)
Class org.gradle.api.internal.ClassPathProvider                                       : loaded 2 times (x 70B)
Class com.google.common.cache.LocalCache$LocalLoadingCache                            : loaded 2 times (x 134B)
Class org.gradle.internal.service.UnknownServiceException                             : loaded 2 times (x 83B)
Class com.google.common.cache.LocalCache$Strength$1                                   : loaded 2 times (x 81B)
Class com.google.common.cache.LocalCache$Strength$2                                   : loaded 2 times (x 81B)
Class com.google.common.cache.LocalCache$Strength$3                                   : loaded 2 times (x 81B)
Class com.google.common.collect.MapDifference                                         : loaded 2 times (x 70B)
Class com.google.common.cache.CacheBuilder$NullListener                               : loaded 2 times (x 82B)
Class org.gradle.internal.classpath.TransformedClassPath                              : loaded 2 times (x 96B)
Class org.gradle.internal.classloader.InstrumentingClassLoader                        : loaded 2 times (x 70B)
Class com.google.common.cache.CacheLoader$FunctionToCacheLoader                       : loaded 2 times (x 75B)
Class com.google.common.collect.Iterators$ArrayItr                                    : loaded 2 times (x 97B)
Class com.google.common.collect.ImmutableCollection$Builder                           : loaded 2 times (x 76B)
Class com.google.common.base.MoreObjects                                              : loaded 2 times (x 71B)
Class com.google.common.collect.UnmodifiableIterator                                  : loaded 2 times (x 80B)
Class org.gradle.internal.service.ServiceLocator                                      : loaded 2 times (x 70B)
Class com.google.common.collect.SingletonImmutableBiMap                               : loaded 2 times (x 143B)
Class com.google.common.cache.LocalCache$1                                            : loaded 2 times (x 89B)
Class com.google.common.collect.AbstractMapEntry                                      : loaded 2 times (x 81B)
Class com.google.common.cache.LocalCache$2                                            : loaded 2 times (x 142B)
Class com.google.common.collect.RegularImmutableAsList                                : loaded 2 times (x 217B)
Class com.google.common.collect.Iterators                                             : loaded 2 times (x 71B)
Class com.google.common.util.concurrent.UncheckedExecutionException                   : loaded 2 times (x 82B)
Class org.gradle.kotlin.dsl.VersionCatalogAccessorsKt                                 : loaded 2 times (x 71B)
Class org.gradle.internal.InternalTransformer                                         : loaded 2 times (x 70B)
Class com.google.common.cache.CacheLoader$UnsupportedLoadingOperationException        : loaded 2 times (x 82B)
Class com.google.common.base.CharMatcher$And                                          : loaded 2 times (x 112B)
Class org.gradle.internal.classloader.ClasspathUtil$1                                 : loaded 2 times (x 76B)
Class com.google.common.collect.IndexedImmutableSet                                   : loaded 2 times (x 152B)
Class com.google.common.collect.ImmutableMap$1                                        : loaded 2 times (x 81B)
Class com.google.common.collect.BiMap                                                 : loaded 2 times (x 70B)
Class org.gradle.api.internal.classpath.DefaultModuleRegistry$DefaultModule           : loaded 2 times (x 86B)
Class com.google.common.collect.AbstractIterator                                      : loaded 2 times (x 82B)
Class com.google.common.collect.AbstractIndexedListIterator                           : loaded 2 times (x 96B)
Class com.google.common.math.MathPreconditions                                        : loaded 2 times (x 71B)
Class com.google.common.collect.ImmutableMapEntrySet                                  : loaded 2 times (x 152B)
Class org.gradle.api.internal.classpath.Module                                        : loaded 2 times (x 70B)
Class com.google.common.cache.Weigher                                                 : loaded 2 times (x 70B)
Class org.gradle.api.internal.classpath.UnknownModuleException                        : loaded 2 times (x 82B)
Class com.google.common.cache.LocalCache$Strength                                     : loaded 2 times (x 81B)
Class com.google.common.cache.Cache                                                   : loaded 2 times (x 70B)
Class com.google.common.collect.ImmutableMap$Builder                                  : loaded 2 times (x 82B)
Class com.google.common.cache.RemovalListener                                         : loaded 2 times (x 70B)
Class ijKotlinCoroutineJvmDebugInit1_2edxob47te3k3j1lkm25ffz4                         : loaded 2 times (x 179B)
Class org.gradle.api.internal.DefaultClassPathRegistry                                : loaded 2 times (x 76B)
Class org.gradle.api.internal.ClassPathRegistry                                       : loaded 2 times (x 70B)
Class org.gradle.internal.classpath.DefaultClassPath$ImmutableUniqueList              : loaded 2 times (x 199B)
Class com.google.common.cache.CacheBuilder                                            : loaded 2 times (x 72B)
Class com.google.common.collect.SingletonImmutableList                                : loaded 2 times (x 207B)
Class com.google.common.base.Equivalence$Identity                                     : loaded 2 times (x 82B)
Class Settings_gradle$1                                                               : loaded 2 times (x 74B)
Class org.gradle.internal.classpath.ClassPath                                         : loaded 2 times (x 70B)
Class org.gradle.api.UncheckedIOException                                             : loaded 2 times (x 82B)
Class com.google.common.collect.ImmutableList$ReverseImmutableList                    : loaded 2 times (x 209B)
Class com.google.common.base.Suppliers$SupplierOfInstance                             : loaded 2 times (x 79B)
Class com.google.common.collect.Iterators$1                                           : loaded 2 times (x 81B)
Class com.google.common.cache.LocalCache$ComputingValueReference                      : loaded 2 times (x 96B)
Class com.google.common.collect.SingletonImmutableSet                                 : loaded 2 times (x 146B)
Class com.google.common.collect.ImmutableMap$IteratorBasedImmutableMap                : loaded 2 times (x 126B)
Class com.google.common.cache.LocalCache$Segment                                      : loaded 2 times (x 154B)
Class com.google.common.cache.CacheLoader                                             : loaded 2 times (x 74B)
Class com.google.common.collect.Iterators$4                                           : loaded 2 times (x 82B)
Class com.google.common.collect.ImmutableBiMap                                        : loaded 2 times (x 143B)
Class org.gradle.internal.installation.GradleInstallation$1                           : loaded 2 times (x 75B)
Class org.gradle.api.internal.classpath.ModuleRegistry                                : loaded 2 times (x 70B)
Class com.google.common.collect.Iterators$5                                           : loaded 2 times (x 82B)
Class com.google.common.collect.ImmutableSet$JdkBackedSetBuilderImpl                  : loaded 2 times (x 76B)
Class com.google.common.cache.LocalCache$LocalManualCache$1                           : loaded 2 times (x 75B)
Class com.google.common.base.CharMatcher$ForPredicate                                 : loaded 2 times (x 112B)
Class com.google.common.base.CharMatcher$AnyOf                                        : loaded 2 times (x 112B)
Class com.google.common.collect.ImmutableCollection                                   : loaded 2 times (x 125B)
Class org.gradle.api.internal.classpath.DefaultModuleRegistry                         : loaded 2 times (x 86B)
Class com.google.common.cache.ReferenceEntry                                          : loaded 2 times (x 70B)
Class com.google.common.base.Converter                                                : loaded 2 times (x 90B)
Class com.google.common.collect.ImmutableSet$CachingAsList                            : loaded 2 times (x 148B)
Class com.google.common.base.FunctionalEquivalence                                    : loaded 2 times (x 83B)
Class com.google.common.collect.Iterators$9                                           : loaded 2 times (x 81B)
Class com.google.common.collect.ImmutableAsList                                       : loaded 2 times (x 209B)
Class com.google.common.cache.CacheLoader$SupplierToCacheLoader                       : loaded 2 times (x 75B)
Class com.google.common.collect.Maps$EntryTransformer                                 : loaded 2 times (x 70B)
Class org.gradle.internal.service.ServiceLookupException                              : loaded 2 times (x 82B)
Class [Lcom.google.common.cache.LocalCache$EntryFactory;                              : loaded 2 times (x 69B)
Class org.gradle.internal.classloader.ClassLoaderFactory                              : loaded 2 times (x 70B)
Class com.google.common.cache.LocalCache$LocalManualCache                             : loaded 2 times (x 99B)
Class com.google.common.base.CharMatcher$IsNot                                        : loaded 2 times (x 111B)
Class org.gradle.internal.service.CachingServiceLocator                               : loaded 2 times (x 82B)
Class com.google.common.math.IntMath                                                  : loaded 2 times (x 71B)
Class com.google.common.collect.ImmutableMapEntry                                     : loaded 2 times (x 85B)
Class com.google.common.base.Equivalence                                              : loaded 2 times (x 82B)
Class com.google.common.base.Function                                                 : loaded 2 times (x 70B)
Class com.google.common.collect.ImmutableMapEntry$NonTerminalImmutableMapEntry        : loaded 2 times (x 85B)
Class ijJvmDebugger1_6gnha51x1399uf0afb4xb1b8s$_run_closure1                          : loaded 2 times (x 139B)
Class com.google.common.cache.CacheBuilder$OneWeigher                                 : loaded 2 times (x 82B)
Class com.google.common.collect.RegularImmutableList                                  : loaded 2 times (x 213B)
Class org.gradle.internal.classloader.ClasspathUtil                                   : loaded 2 times (x 71B)
Class com.google.common.collect.Maps                                                  : loaded 2 times (x 71B)
Class org.gradle.api.specs.Spec                                                       : loaded 2 times (x 70B)
Class [Lcom.google.common.collect.ImmutableEntry;                                     : loaded 2 times (x 69B)
Class com.google.common.cache.LocalCache$LoadingValueReference                        : loaded 2 times (x 96B)
Class Build_gradle$1                                                                  : loaded 2 times (x 78B)
Class com.google.common.collect.Maps$8                                                : loaded 2 times (x 82B)
Class org.gradle.internal.classloader.VisitableURLClassLoader$InstrumentingVisitableURLClassLoader: loaded 2 times (x 123B)
Class [Lcom.google.common.cache.CacheBuilder$NullListener;                            : loaded 2 times (x 69B)
Class com.google.common.math.IntMath$1                                                : loaded 2 times (x 71B)
Class org.gradle.internal.classloader.VisitableURLClassLoader$Spec                    : loaded 2 times (x 74B)
Class org.gradle.internal.classpath.DefaultClassPath                                  : loaded 2 times (x 90B)
Class ijKotlinCoroutineJvmDebugInit1_2edxob47te3k3j1lkm25ffz4$_run_closure1           : loaded 2 times (x 139B)
Class com.google.common.base.CharMatcher$Ascii                                        : loaded 2 times (x 112B)
Class com.google.common.base.CharMatcher$BitSetMatcher                                : loaded 2 times (x 112B)
Class com.google.common.collect.RegularImmutableMap$Values                            : loaded 2 times (x 207B)
Class com.google.common.collect.ImmutableSet                                          : loaded 2 times (x 145B)
Class org.gradle.internal.classloader.ClassLoaderSpec                                 : loaded 2 times (x 71B)
Class com.google.common.cache.CacheStats                                              : loaded 2 times (x 71B)
Class com.google.common.base.CharMatcher$Or                                           : loaded 2 times (x 112B)
Class Settings_gradle$1$1                                                             : loaded 2 times (x 74B)
Class com.google.common.base.Supplier                                                 : loaded 2 times (x 70B)
Class org.gradle.internal.classloader.VisitableURLClassLoader                         : loaded 2 times (x 117B)
Class Settings_gradle                                                                 : loaded 2 times (x 128B)
Class org.gradle.internal.Cast                                                        : loaded 2 times (x 71B)
Class org.gradle.api.Action                                                           : loaded 2 times (x 70B)
Class com.google.common.base.Ticker                                                   : loaded 2 times (x 72B)
Class com.google.common.base.CharMatcher$FastMatcher                                  : loaded 2 times (x 111B)
Class [Lcom.google.common.cache.LocalCache$Segment;                                   : loaded 2 times (x 69B)
Class [Lcom.google.common.cache.LocalCache$Strength;                                  : loaded 2 times (x 69B)
Class com.google.common.cache.CacheBuilder$1                                          : loaded 2 times (x 85B)
Class com.google.common.base.Predicate                                                : loaded 2 times (x 70B)
Class com.google.common.collect.ImmutableMap                                          : loaded 2 times (x 120B)
Class ijJvmDebugger1_6gnha51x1399uf0afb4xb1b8s                                        : loaded 2 times (x 179B)
Class org.gradle.internal.classpath.DefaultClassPath$ImmutableUniqueList$Builder      : loaded 2 times (x 75B)
Class com.google.common.cache.LocalCache                                              : loaded 2 times (x 187B)
Class com.google.common.cache.CacheBuilder$2                                          : loaded 2 times (x 79B)
Class com.google.common.base.CharMatcher$NegatedFastMatcher                           : loaded 2 times (x 113B)
Class com.google.common.cache.CacheBuilder$3                                          : loaded 2 times (x 72B)
Class [Lcom.google.common.collect.AbstractMapEntry;                                   : loaded 2 times (x 69B)
Class com.google.common.collect.ImmutableEntry                                        : loaded 2 times (x 82B)
Class org.gradle.api.GradleException                                                  : loaded 2 times (x 82B)
Class com.google.common.collect.CollectPreconditions                                  : loaded 2 times (x 71B)
Class com.google.common.collect.SortedMapDifference                                   : loaded 2 times (x 70B)
Class com.google.common.cache.LocalCache$EntryFactory                                 : loaded 2 times (x 83B)
Class org.gradle.internal.IoActions                                                   : loaded 2 times (x 71B)
Class com.google.common.cache.CacheLoader$InvalidCacheLoadException                   : loaded 2 times (x 82B)
Class com.google.common.collect.ImmutableSet$RegularSetBuilderImpl                    : loaded 2 times (x 77B)
Class org.gradle.internal.classloader.SystemClassLoaderSpec                           : loaded 2 times (x 71B)
Class com.google.common.cache.LoadingCache                                            : loaded 2 times (x 70B)
Class [Lcom.google.common.cache.Weigher;                                              : loaded 2 times (x 69B)
Class com.google.common.collect.RegularImmutableMap$BucketOverflowException           : loaded 2 times (x 82B)
Class com.google.common.collect.RegularImmutableBiMap                                 : loaded 2 times (x 149B)
Class com.google.common.cache.LocalCache$ValueReference                               : loaded 2 times (x 70B)
Class com.google.common.base.CharMatcher$Is                                           : loaded 2 times (x 111B)
Class com.google.common.base.CharMatcher$Negated                                      : loaded 2 times (x 113B)
Class com.google.common.base.Equivalence$Equals                                       : loaded 2 times (x 82B)
Class com.google.common.collect.Hashing                                               : loaded 2 times (x 71B)
Class com.google.common.base.Preconditions                                            : loaded 2 times (x 71B)
Class com.google.common.base.CharMatcher                                              : loaded 2 times (x 111B)
Class com.google.common.collect.PeekingIterator                                       : loaded 2 times (x 70B)
Class com.google.common.cache.LocalCache$EntryFactory$1                               : loaded 2 times (x 83B)
Class [Lcom.google.common.cache.RemovalListener;                                      : loaded 2 times (x 69B)
Class com.google.common.base.CharMatcher$1                                            : loaded 2 times (x 113B)
Class com.google.common.base.CharMatcher$NamedFastMatcher                             : loaded 2 times (x 112B)
Class com.google.common.cache.LocalCache$EntryFactory$2                               : loaded 2 times (x 83B)
Class ijJvmDebugger1_6gnha51x1399uf0afb4xb1b8s$_run_closure1$_closure2                : loaded 2 times (x 140B)
Class org.gradle.api.internal.classpath.GlobalCacheRootsProvider                      : loaded 2 times (x 70B)
Class com.google.common.cache.LocalCache$EntryFactory$3                               : loaded 2 times (x 83B)
Class com.google.common.base.Ticker$1                                                 : loaded 2 times (x 72B)
Class com.google.common.collect.Maps$BiMapConverter                                   : loaded 2 times (x 90B)
Class com.google.common.collect.ImmutableMapEntrySet$RegularEntrySet                  : loaded 2 times (x 152B)
Class com.google.common.cache.LocalCache$EntryFactory$4                               : loaded 2 times (x 83B)
Class com.google.common.base.CharMatcher$InRange                                      : loaded 2 times (x 111B)
Class com.google.common.collect.ImmutableSet$Builder                                  : loaded 2 times (x 85B)
Class com.google.common.cache.LocalCache$EntryFactory$5                               : loaded 2 times (x 83B)
Class com.google.common.cache.LocalCache$EntryFactory$6                               : loaded 2 times (x 83B)
Class Build_gradle                                                                    : loaded 2 times (x 72B)
Class org.gradle.internal.installation.CurrentGradleInstallationLocator               : loaded 2 times (x 71B)
Class com.google.common.cache.LocalCache$EntryFactory$7                               : loaded 2 times (x 83B)
Class com.google.common.collect.ImmutableSet$EmptySetBuilderImpl                      : loaded 2 times (x 76B)
Class com.google.common.collect.ImmutableList                                         : loaded 2 times (x 206B)
Class org.gradle.internal.service.DefaultServiceLocator                               : loaded 2 times (x 83B)
Class com.google.common.cache.LocalCache$EntryFactory$8                               : loaded 2 times (x 83B)
Class com.google.common.collect.ImmutableSet$SetBuilderImpl                           : loaded 2 times (x 76B)
Class org.gradle.internal.installation.CurrentGradleInstallation                      : loaded 2 times (x 73B)
Class com.google.common.cache.CacheLoader$1                                           : loaded 2 times (x 75B)
Class com.google.common.collect.ImmutableList$SubList                                 : loaded 2 times (x 209B)
Class org.gradle.util.internal.GUtil                                                  : loaded 2 times (x 71B)
Class com.google.common.cache.AbstractCache$StatsCounter                              : loaded 2 times (x 70B)
Class com.google.common.collect.Iterators$MergingIterator                             : loaded 2 times (x 81B)
Class com.google.common.collect.RegularImmutableSet                                   : loaded 2 times (x 149B)
Class org.gradle.internal.installation.GradleInstallation                             : loaded 2 times (x 75B)
Class com.google.common.collect.Iterables                                             : loaded 2 times (x 71B)

---------------  S Y S T E M  ---------------

OS:
 Windows 10 , 64 bit Build 19041 (10.0.19041.3636)
OS uptime: 1 days 14:17 hours
Hyper-V role detected

CPU: total 8 (initial active 8) (4 cores per cpu, 2 threads per core) family 6 model 142 stepping 10 microcode 0xf4, cx8, cmov, fxsr, ht, mmx, 3dnowpref, sse, sse2, sse3, ssse3, sse4.1, sse4.2, popcnt, lzcnt, tsc, tscinvbit, avx, avx2, aes, erms, clmul, bmi1, bmi2, rtm, adx, fma, vzeroupper, clflush, clflushopt, hv, rdtscp, f16c
Processor Information for the first 8 processors :
  Max Mhz: 2112, Current Mhz: 1910, Mhz Limit: 1900

Memory: 4k page, system-wide physical 8070M (439M free)
TotalPageFile size 15190M (AvailPageFile size 5M)
current process WorkingSet (physical memory assigned to process): 341M, peak: 341M
current process commit charge ("private bytes"): 380M, peak: 382M

vm_info: OpenJDK 64-Bit Server VM (21.0.8+-14196175-b1038.72) for windows-amd64 JRE (21.0.8+-14196175-b1038.72), built on 2025-10-01T10:24:33Z by "builder" with MS VC++ 16.10 / 16.11 (VS2019)

END.
